solid OpenSCAD_Model
  facet normal 0.965919 0.258845 0
    outer loop
      vertex -6.33418 17.1407 6.3
      vertex -6.43569 17.5195 2
      vertex -6.43569 17.5195 6.3
    endloop
  endfacet
  facet normal 0.965919 0.258845 0
    outer loop
      vertex -6.43569 17.5195 2
      vertex -6.33418 17.1407 6.3
      vertex -6.33418 17.1407 2
    endloop
  endfacet
  facet normal 0.996195 0.0871511 0
    outer loop
      vertex -6.3 16.75 6.3
      vertex -6.33418 17.1407 2
      vertex -6.33418 17.1407 6.3
    endloop
  endfacet
  facet normal 0.996195 0.0871511 0
    outer loop
      vertex -6.33418 17.1407 2
      vertex -6.3 16.75 6.3
      vertex -6.3 16.75 2
    endloop
  endfacet
  facet normal 0.90633 0.422571 0
    outer loop
      vertex -6.43569 17.5195 6.3
      vertex -6.60144 17.875 2
      vertex -6.60144 17.875 6.3
    endloop
  endfacet
  facet normal 0.90633 0.422571 0
    outer loop
      vertex -6.60144 17.875 2
      vertex -6.43569 17.5195 6.3
      vertex -6.43569 17.5195 2
    endloop
  endfacet
  facet normal 0.422516 -0.906356 0
    outer loop
      vertex -7.78045 14.6357 2
      vertex -7.425 14.8014 6.3
      vertex -7.78045 14.6357 6.3
    endloop
  endfacet
  facet normal 0.422516 -0.906356 0
    outer loop
      vertex -7.425 14.8014 6.3
      vertex -7.78045 14.6357 2
      vertex -7.425 14.8014 2
    endloop
  endfacet
  facet normal -0.996191 0.0872017 0
    outer loop
      vertex -10.8 16.75 2
      vertex -10.7658 17.1407 6.3
      vertex -10.7658 17.1407 2
    endloop
  endfacet
  facet normal -0.996191 0.0872017 0
    outer loop
      vertex -10.7658 17.1407 6.3
      vertex -10.8 16.75 2
      vertex -10.8 16.75 6.3
    endloop
  endfacet
  facet normal -0.0871995 0.996191 0
    outer loop
      vertex -8.55 19 2
      vertex -8.94071 18.9658 6.3
      vertex -8.55 19 6.3
    endloop
  endfacet
  facet normal -0.0871995 0.996191 0
    outer loop
      vertex -8.94071 18.9658 6.3
      vertex -8.55 19 2
      vertex -8.94071 18.9658 2
    endloop
  endfacet
  facet normal -0.906378 -0.422467 0
    outer loop
      vertex -10.4986 15.625 2
      vertex -10.6643 15.9805 6.3
      vertex -10.6643 15.9805 2
    endloop
  endfacet
  facet normal -0.906378 -0.422467 0
    outer loop
      vertex -10.6643 15.9805 6.3
      vertex -10.4986 15.625 2
      vertex -10.4986 15.625 6.3
    endloop
  endfacet
  facet normal -0.906378 0.422467 0
    outer loop
      vertex -10.6643 17.5195 2
      vertex -10.4986 17.875 6.3
      vertex -10.4986 17.875 2
    endloop
  endfacet
  facet normal -0.906378 0.422467 0
    outer loop
      vertex -10.4986 17.875 6.3
      vertex -10.6643 17.5195 2
      vertex -10.6643 17.5195 6.3
    endloop
  endfacet
  facet normal -0.819124 0.573616 0
    outer loop
      vertex -10.4986 17.875 2
      vertex -10.2736 18.1963 6.3
      vertex -10.2736 18.1963 2
    endloop
  endfacet
  facet normal -0.819124 0.573616 0
    outer loop
      vertex -10.2736 18.1963 6.3
      vertex -10.4986 17.875 2
      vertex -10.4986 17.875 6.3
    endloop
  endfacet
  facet normal -0.573652 0.819099 0
    outer loop
      vertex -9.675 18.6986 2
      vertex -9.99627 18.4736 6.3
      vertex -9.675 18.6986 6.3
    endloop
  endfacet
  facet normal -0.573652 0.819099 0
    outer loop
      vertex -9.99627 18.4736 6.3
      vertex -9.675 18.6986 2
      vertex -9.99627 18.4736 2
    endloop
  endfacet
  facet normal 0.258796 -0.965932 0
    outer loop
      vertex -8.15929 14.5342 2
      vertex -7.78045 14.6357 6.3
      vertex -8.15929 14.5342 6.3
    endloop
  endfacet
  facet normal 0.258796 -0.965932 0
    outer loop
      vertex -7.78045 14.6357 6.3
      vertex -8.15929 14.5342 2
      vertex -7.78045 14.6357 2
    endloop
  endfacet
  facet normal 0.819172 0.573548 0
    outer loop
      vertex -6.60144 17.875 6.3
      vertex -6.8264 18.1963 2
      vertex -6.8264 18.1963 6.3
    endloop
  endfacet
  facet normal 0.819172 0.573548 0
    outer loop
      vertex -6.8264 18.1963 2
      vertex -6.60144 17.875 6.3
      vertex -6.60144 17.875 2
    endloop
  endfacet
  facet normal -0.422506 0.90636 0
    outer loop
      vertex -9.31954 18.8643 2
      vertex -9.675 18.6986 6.3
      vertex -9.31954 18.8643 6.3
    endloop
  endfacet
  facet normal -0.422506 0.90636 0
    outer loop
      vertex -9.675 18.6986 6.3
      vertex -9.31954 18.8643 2
      vertex -9.675 18.6986 2
    endloop
  endfacet
  facet normal -0.258802 0.96593 0
    outer loop
      vertex -8.94071 18.9658 2
      vertex -9.31954 18.8643 6.3
      vertex -8.94071 18.9658 6.3
    endloop
  endfacet
  facet normal -0.258802 0.96593 0
    outer loop
      vertex -9.31954 18.8643 6.3
      vertex -8.94071 18.9658 2
      vertex -9.31954 18.8643 2
    endloop
  endfacet
  facet normal 0.90633 -0.422571 0
    outer loop
      vertex -6.60144 15.625 6.3
      vertex -6.43569 15.9805 2
      vertex -6.43569 15.9805 6.3
    endloop
  endfacet
  facet normal 0.90633 -0.422571 0
    outer loop
      vertex -6.43569 15.9805 2
      vertex -6.60144 15.625 6.3
      vertex -6.60144 15.625 2
    endloop
  endfacet
  facet normal 0.819172 -0.573548 0
    outer loop
      vertex -6.8264 15.3037 6.3
      vertex -6.60144 15.625 2
      vertex -6.60144 15.625 6.3
    endloop
  endfacet
  facet normal 0.819172 -0.573548 0
    outer loop
      vertex -6.60144 15.625 2
      vertex -6.8264 15.3037 6.3
      vertex -6.8264 15.3037 2
    endloop
  endfacet
  facet normal 0.707069 -0.707145 0
    outer loop
      vertex -7.10373 15.0264 6.3
      vertex -6.8264 15.3037 2
      vertex -6.8264 15.3037 6.3
    endloop
  endfacet
  facet normal 0.707069 -0.707145 0
    outer loop
      vertex -6.8264 15.3037 2
      vertex -7.10373 15.0264 6.3
      vertex -7.10373 15.0264 2
    endloop
  endfacet
  facet normal 0.258796 0.965932 -0
    outer loop
      vertex -7.78045 18.8643 2
      vertex -8.15929 18.9658 6.3
      vertex -7.78045 18.8643 6.3
    endloop
  endfacet
  facet normal 0.258796 0.965932 0
    outer loop
      vertex -8.15929 18.9658 6.3
      vertex -7.78045 18.8643 2
      vertex -8.15929 18.9658 2
    endloop
  endfacet
  facet normal -0.965925 -0.258821 0
    outer loop
      vertex -10.6643 15.9805 2
      vertex -10.7658 16.3593 6.3
      vertex -10.7658 16.3593 2
    endloop
  endfacet
  facet normal -0.965925 -0.258821 0
    outer loop
      vertex -10.7658 16.3593 6.3
      vertex -10.6643 15.9805 2
      vertex -10.6643 15.9805 6.3
    endloop
  endfacet
  facet normal -0.422506 -0.90636 0
    outer loop
      vertex -9.675 14.8014 2
      vertex -9.31954 14.6357 6.3
      vertex -9.675 14.8014 6.3
    endloop
  endfacet
  facet normal -0.422506 -0.90636 -0
    outer loop
      vertex -9.31954 14.6357 6.3
      vertex -9.675 14.8014 2
      vertex -9.31954 14.6357 2
    endloop
  endfacet
  facet normal 0.0871995 -0.996191 0
    outer loop
      vertex -8.55 14.5 2
      vertex -8.15929 14.5342 6.3
      vertex -8.55 14.5 6.3
    endloop
  endfacet
  facet normal 0.0871995 -0.996191 0
    outer loop
      vertex -8.15929 14.5342 6.3
      vertex -8.55 14.5 2
      vertex -8.15929 14.5342 2
    endloop
  endfacet
  facet normal 0.573652 -0.819099 0
    outer loop
      vertex -7.425 14.8014 2
      vertex -7.10373 15.0264 6.3
      vertex -7.425 14.8014 6.3
    endloop
  endfacet
  facet normal 0.573652 -0.819099 0
    outer loop
      vertex -7.10373 15.0264 6.3
      vertex -7.425 14.8014 2
      vertex -7.10373 15.0264 2
    endloop
  endfacet
  facet normal 0 0 1
    outer loop
      vertex -7.7 16.75 6.3
      vertex -6.3 16.75 6.3
      vertex -6.33418 17.1407 6.3
    endloop
  endfacet
  facet normal 0 0 1
    outer loop
      vertex -7.78418 17.1188 6.3
      vertex -6.33418 17.1407 6.3
      vertex -6.43569 17.5195 6.3
    endloop
  endfacet
  facet normal 0 0 1
    outer loop
      vertex -6.3 16.75 6.3
      vertex -7.7 16.75 6.3
      vertex -6.33418 16.3593 6.3
    endloop
  endfacet
  facet normal 0 0 1
    outer loop
      vertex -7.78418 17.1188 6.3
      vertex -6.43569 17.5195 6.3
      vertex -6.60144 17.875 6.3
    endloop
  endfacet
  facet normal -0 0 1
    outer loop
      vertex -7.78418 16.3812 6.3
      vertex -6.33418 16.3593 6.3
      vertex -7.7 16.75 6.3
    endloop
  endfacet
  facet normal 0 0 1
    outer loop
      vertex -7.78418 17.1188 6.3
      vertex -6.60144 17.875 6.3
      vertex -6.8264 18.1963 6.3
    endloop
  endfacet
  facet normal 0 0 1
    outer loop
      vertex -6.33418 16.3593 6.3
      vertex -7.78418 16.3812 6.3
      vertex -6.43569 15.9805 6.3
    endloop
  endfacet
  facet normal 0 0 1
    outer loop
      vertex -8.02003 17.4146 6.3
      vertex -6.8264 18.1963 6.3
      vertex -7.10373 18.4736 6.3
    endloop
  endfacet
  facet normal 0 0 1
    outer loop
      vertex -6.43569 15.9805 6.3
      vertex -7.78418 16.3812 6.3
      vertex -6.60144 15.625 6.3
    endloop
  endfacet
  facet normal 0 0 1
    outer loop
      vertex -8.02003 17.4146 6.3
      vertex -7.10373 18.4736 6.3
      vertex -7.425 18.6986 6.3
    endloop
  endfacet
  facet normal 0 0 1
    outer loop
      vertex -6.60144 15.625 6.3
      vertex -7.78418 16.3812 6.3
      vertex -6.8264 15.3037 6.3
    endloop
  endfacet
  facet normal -0 0 1
    outer loop
      vertex -8.02003 16.0854 6.3
      vertex -6.8264 15.3037 6.3
      vertex -7.78418 16.3812 6.3
    endloop
  endfacet
  facet normal 0 0 1
    outer loop
      vertex -8.36086 17.5787 6.3
      vertex -7.425 18.6986 6.3
      vertex -7.78045 18.8643 6.3
    endloop
  endfacet
  facet normal 0 0 1
    outer loop
      vertex -6.33418 17.1407 6.3
      vertex -7.78418 17.1188 6.3
      vertex -7.7 16.75 6.3
    endloop
  endfacet
  facet normal 0 0 1
    outer loop
      vertex -6.8264 18.1963 6.3
      vertex -8.02003 17.4146 6.3
      vertex -7.78418 17.1188 6.3
    endloop
  endfacet
  facet normal 0 0 1
    outer loop
      vertex -8.36086 17.5787 6.3
      vertex -7.78045 18.8643 6.3
      vertex -8.15929 18.9658 6.3
    endloop
  endfacet
  facet normal 0 0 1
    outer loop
      vertex -7.425 18.6986 6.3
      vertex -8.36086 17.5787 6.3
      vertex -8.02003 17.4146 6.3
    endloop
  endfacet
  facet normal 0 0 1
    outer loop
      vertex -8.55 19 6.3
      vertex -8.36086 17.5787 6.3
      vertex -8.15929 18.9658 6.3
    endloop
  endfacet
  facet normal 0 0 1
    outer loop
      vertex -8.55 19 6.3
      vertex -8.73914 17.5787 6.3
      vertex -8.36086 17.5787 6.3
    endloop
  endfacet
  facet normal -0 0 1
    outer loop
      vertex -8.94071 18.9658 6.3
      vertex -8.73914 17.5787 6.3
      vertex -8.55 19 6.3
    endloop
  endfacet
  facet normal -0 0 1
    outer loop
      vertex -9.31954 18.8643 6.3
      vertex -8.73914 17.5787 6.3
      vertex -8.94071 18.9658 6.3
    endloop
  endfacet
  facet normal -0 0 1
    outer loop
      vertex -9.675 18.6986 6.3
      vertex -8.73914 17.5787 6.3
      vertex -9.31954 18.8643 6.3
    endloop
  endfacet
  facet normal 0 0 1
    outer loop
      vertex -8.73914 17.5787 6.3
      vertex -9.675 18.6986 6.3
      vertex -9.07997 17.4146 6.3
    endloop
  endfacet
  facet normal -0 0 1
    outer loop
      vertex -9.99627 18.4736 6.3
      vertex -9.07997 17.4146 6.3
      vertex -9.675 18.6986 6.3
    endloop
  endfacet
  facet normal -0 0 1
    outer loop
      vertex -10.2736 18.1963 6.3
      vertex -9.07997 17.4146 6.3
      vertex -9.99627 18.4736 6.3
    endloop
  endfacet
  facet normal 0 0 1
    outer loop
      vertex -6.8264 15.3037 6.3
      vertex -8.02003 16.0854 6.3
      vertex -7.10373 15.0264 6.3
    endloop
  endfacet
  facet normal 0 0 1
    outer loop
      vertex -7.10373 15.0264 6.3
      vertex -8.02003 16.0854 6.3
      vertex -7.425 14.8014 6.3
    endloop
  endfacet
  facet normal -0 0 1
    outer loop
      vertex -8.36086 15.9213 6.3
      vertex -7.425 14.8014 6.3
      vertex -8.02003 16.0854 6.3
    endloop
  endfacet
  facet normal 0 0 1
    outer loop
      vertex -7.425 14.8014 6.3
      vertex -8.36086 15.9213 6.3
      vertex -7.78045 14.6357 6.3
    endloop
  endfacet
  facet normal 0 0 1
    outer loop
      vertex -7.78045 14.6357 6.3
      vertex -8.36086 15.9213 6.3
      vertex -8.15929 14.5342 6.3
    endloop
  endfacet
  facet normal 0 0 1
    outer loop
      vertex -8.36086 15.9213 6.3
      vertex -8.55 14.5 6.3
      vertex -8.15929 14.5342 6.3
    endloop
  endfacet
  facet normal -0 0 1
    outer loop
      vertex -8.73914 15.9213 6.3
      vertex -8.55 14.5 6.3
      vertex -8.36086 15.9213 6.3
    endloop
  endfacet
  facet normal 0 0 1
    outer loop
      vertex -8.73914 15.9213 6.3
      vertex -8.94071 14.5342 6.3
      vertex -8.55 14.5 6.3
    endloop
  endfacet
  facet normal 0 0 1
    outer loop
      vertex -9.675 14.8014 6.3
      vertex -8.73914 15.9213 6.3
      vertex -9.07997 16.0854 6.3
    endloop
  endfacet
  facet normal 0 0 1
    outer loop
      vertex -10.2736 15.3037 6.3
      vertex -9.07997 16.0854 6.3
      vertex -9.31582 16.3812 6.3
    endloop
  endfacet
  facet normal 0 0 1
    outer loop
      vertex -8.73914 15.9213 6.3
      vertex -9.31954 14.6357 6.3
      vertex -8.94071 14.5342 6.3
    endloop
  endfacet
  facet normal 0 0 1
    outer loop
      vertex -10.7658 16.3593 6.3
      vertex -9.31582 16.3812 6.3
      vertex -9.4 16.75 6.3
    endloop
  endfacet
  facet normal 0 0 1
    outer loop
      vertex -9.07997 17.4146 6.3
      vertex -10.2736 18.1963 6.3
      vertex -9.31582 17.1188 6.3
    endloop
  endfacet
  facet normal 0 0 1
    outer loop
      vertex -8.73914 15.9213 6.3
      vertex -9.675 14.8014 6.3
      vertex -9.31954 14.6357 6.3
    endloop
  endfacet
  facet normal -0 0 1
    outer loop
      vertex -10.4986 17.875 6.3
      vertex -9.31582 17.1188 6.3
      vertex -10.2736 18.1963 6.3
    endloop
  endfacet
  facet normal 0 0 1
    outer loop
      vertex -9.07997 16.0854 6.3
      vertex -9.99627 15.0264 6.3
      vertex -9.675 14.8014 6.3
    endloop
  endfacet
  facet normal -0 0 1
    outer loop
      vertex -10.6643 17.5195 6.3
      vertex -9.31582 17.1188 6.3
      vertex -10.4986 17.875 6.3
    endloop
  endfacet
  facet normal 0 0 1
    outer loop
      vertex -9.07997 16.0854 6.3
      vertex -10.2736 15.3037 6.3
      vertex -9.99627 15.0264 6.3
    endloop
  endfacet
  facet normal -0 0 1
    outer loop
      vertex -10.7658 17.1407 6.3
      vertex -9.31582 17.1188 6.3
      vertex -10.6643 17.5195 6.3
    endloop
  endfacet
  facet normal 0 0 1
    outer loop
      vertex -9.31582 16.3812 6.3
      vertex -10.4986 15.625 6.3
      vertex -10.2736 15.3037 6.3
    endloop
  endfacet
  facet normal 0 0 1
    outer loop
      vertex -9.31582 17.1188 6.3
      vertex -10.7658 17.1407 6.3
      vertex -9.4 16.75 6.3
    endloop
  endfacet
  facet normal 0 0 1
    outer loop
      vertex -9.31582 16.3812 6.3
      vertex -10.6643 15.9805 6.3
      vertex -10.4986 15.625 6.3
    endloop
  endfacet
  facet normal 0 0 1
    outer loop
      vertex -10.8 16.75 6.3
      vertex -9.4 16.75 6.3
      vertex -10.7658 17.1407 6.3
    endloop
  endfacet
  facet normal 0 0 1
    outer loop
      vertex -9.31582 16.3812 6.3
      vertex -10.7658 16.3593 6.3
      vertex -10.6643 15.9805 6.3
    endloop
  endfacet
  facet normal 0 0 1
    outer loop
      vertex -9.4 16.75 6.3
      vertex -10.8 16.75 6.3
      vertex -10.7658 16.3593 6.3
    endloop
  endfacet
  facet normal 0.422516 0.906356 -0
    outer loop
      vertex -7.425 18.6986 2
      vertex -7.78045 18.8643 6.3
      vertex -7.425 18.6986 6.3
    endloop
  endfacet
  facet normal 0.422516 0.906356 0
    outer loop
      vertex -7.78045 18.8643 6.3
      vertex -7.425 18.6986 2
      vertex -7.78045 18.8643 2
    endloop
  endfacet
  facet normal 0.707069 0.707145 -0
    outer loop
      vertex -6.8264 18.1963 2
      vertex -7.10373 18.4736 6.3
      vertex -6.8264 18.1963 6.3
    endloop
  endfacet
  facet normal 0.707069 0.707145 0
    outer loop
      vertex -7.10373 18.4736 6.3
      vertex -6.8264 18.1963 2
      vertex -7.10373 18.4736 2
    endloop
  endfacet
  facet normal -0.573652 -0.819099 0
    outer loop
      vertex -9.99627 15.0264 2
      vertex -9.675 14.8014 6.3
      vertex -9.99627 15.0264 6.3
    endloop
  endfacet
  facet normal -0.573652 -0.819099 -0
    outer loop
      vertex -9.675 14.8014 6.3
      vertex -9.99627 15.0264 2
      vertex -9.675 14.8014 2
    endloop
  endfacet
  facet normal -0.0871995 -0.996191 0
    outer loop
      vertex -8.94071 14.5342 2
      vertex -8.55 14.5 6.3
      vertex -8.94071 14.5342 6.3
    endloop
  endfacet
  facet normal -0.0871995 -0.996191 -0
    outer loop
      vertex -8.55 14.5 6.3
      vertex -8.94071 14.5342 2
      vertex -8.55 14.5 2
    endloop
  endfacet
  facet normal -0.819124 -0.573616 0
    outer loop
      vertex -10.2736 15.3037 2
      vertex -10.4986 15.625 6.3
      vertex -10.4986 15.625 2
    endloop
  endfacet
  facet normal -0.819124 -0.573616 0
    outer loop
      vertex -10.4986 15.625 6.3
      vertex -10.2736 15.3037 2
      vertex -10.2736 15.3037 6.3
    endloop
  endfacet
  facet normal 0.965919 -0.258845 0
    outer loop
      vertex -6.43569 15.9805 6.3
      vertex -6.33418 16.3593 2
      vertex -6.33418 16.3593 6.3
    endloop
  endfacet
  facet normal 0.965919 -0.258845 0
    outer loop
      vertex -6.33418 16.3593 2
      vertex -6.43569 15.9805 6.3
      vertex -6.43569 15.9805 2
    endloop
  endfacet
  facet normal 0.996195 -0.0871511 0
    outer loop
      vertex -6.33418 16.3593 6.3
      vertex -6.3 16.75 2
      vertex -6.3 16.75 6.3
    endloop
  endfacet
  facet normal 0.996195 -0.0871511 0
    outer loop
      vertex -6.3 16.75 2
      vertex -6.33418 16.3593 6.3
      vertex -6.33418 16.3593 2
    endloop
  endfacet
  facet normal -0.707069 -0.707145 0
    outer loop
      vertex -9.99627 15.0264 2
      vertex -10.2736 15.3037 6.3
      vertex -10.2736 15.3037 2
    endloop
  endfacet
  facet normal -0.707069 -0.707145 0
    outer loop
      vertex -10.2736 15.3037 6.3
      vertex -9.99627 15.0264 2
      vertex -9.99627 15.0264 6.3
    endloop
  endfacet
  facet normal -0.258802 -0.96593 0
    outer loop
      vertex -9.31954 14.6357 2
      vertex -8.94071 14.5342 6.3
      vertex -9.31954 14.6357 6.3
    endloop
  endfacet
  facet normal -0.258802 -0.96593 -0
    outer loop
      vertex -8.94071 14.5342 6.3
      vertex -9.31954 14.6357 2
      vertex -8.94071 14.5342 2
    endloop
  endfacet
  facet normal -0.707069 0.707145 0
    outer loop
      vertex -9.99627 18.4736 2
      vertex -10.2736 18.1963 6.3
      vertex -9.99627 18.4736 6.3
    endloop
  endfacet
  facet normal -0.707069 0.707145 0
    outer loop
      vertex -10.2736 18.1963 6.3
      vertex -9.99627 18.4736 2
      vertex -10.2736 18.1963 2
    endloop
  endfacet
  facet normal 0.0871995 0.996191 -0
    outer loop
      vertex -8.15929 18.9658 2
      vertex -8.55 19 6.3
      vertex -8.15929 18.9658 6.3
    endloop
  endfacet
  facet normal 0.0871995 0.996191 0
    outer loop
      vertex -8.55 19 6.3
      vertex -8.15929 18.9658 2
      vertex -8.55 19 2
    endloop
  endfacet
  facet normal 0.573652 0.819099 -0
    outer loop
      vertex -7.10373 18.4736 2
      vertex -7.425 18.6986 6.3
      vertex -7.10373 18.4736 6.3
    endloop
  endfacet
  facet normal 0.573652 0.819099 0
    outer loop
      vertex -7.425 18.6986 6.3
      vertex -7.10373 18.4736 2
      vertex -7.425 18.6986 2
    endloop
  endfacet
  facet normal -0.996191 -0.0872017 0
    outer loop
      vertex -10.7658 16.3593 2
      vertex -10.8 16.75 6.3
      vertex -10.8 16.75 2
    endloop
  endfacet
  facet normal -0.996191 -0.0872017 0
    outer loop
      vertex -10.8 16.75 6.3
      vertex -10.7658 16.3593 2
      vertex -10.7658 16.3593 6.3
    endloop
  endfacet
  facet normal -0.965925 0.258821 0
    outer loop
      vertex -10.7658 17.1407 2
      vertex -10.6643 17.5195 6.3
      vertex -10.6643 17.5195 2
    endloop
  endfacet
  facet normal -0.965925 0.258821 0
    outer loop
      vertex -10.6643 17.5195 6.3
      vertex -10.7658 17.1407 2
      vertex -10.7658 17.1407 6.3
    endloop
  endfacet
  facet normal 0.965925 0.258821 0
    outer loop
      vertex 10.7658 17.1407 6.3
      vertex 10.6643 17.5195 2
      vertex 10.6643 17.5195 6.3
    endloop
  endfacet
  facet normal 0.965925 0.258821 0
    outer loop
      vertex 10.6643 17.5195 2
      vertex 10.7658 17.1407 6.3
      vertex 10.7658 17.1407 2
    endloop
  endfacet
  facet normal 0.996191 0.0872017 0
    outer loop
      vertex 10.8 16.75 6.3
      vertex 10.7658 17.1407 2
      vertex 10.7658 17.1407 6.3
    endloop
  endfacet
  facet normal 0.996191 0.0872017 0
    outer loop
      vertex 10.7658 17.1407 2
      vertex 10.8 16.75 6.3
      vertex 10.8 16.75 2
    endloop
  endfacet
  facet normal 0.906378 0.422467 0
    outer loop
      vertex 10.6643 17.5195 6.3
      vertex 10.4986 17.875 2
      vertex 10.4986 17.875 6.3
    endloop
  endfacet
  facet normal 0.906378 0.422467 0
    outer loop
      vertex 10.4986 17.875 2
      vertex 10.6643 17.5195 6.3
      vertex 10.6643 17.5195 2
    endloop
  endfacet
  facet normal 0.422506 -0.90636 0
    outer loop
      vertex 9.31954 14.6357 2
      vertex 9.675 14.8014 6.3
      vertex 9.31954 14.6357 6.3
    endloop
  endfacet
  facet normal 0.422506 -0.90636 0
    outer loop
      vertex 9.675 14.8014 6.3
      vertex 9.31954 14.6357 2
      vertex 9.675 14.8014 2
    endloop
  endfacet
  facet normal 0.573652 -0.819099 0
    outer loop
      vertex 9.675 14.8014 2
      vertex 9.99627 15.0264 6.3
      vertex 9.675 14.8014 6.3
    endloop
  endfacet
  facet normal 0.573652 -0.819099 0
    outer loop
      vertex 9.99627 15.0264 6.3
      vertex 9.675 14.8014 2
      vertex 9.99627 15.0264 2
    endloop
  endfacet
  facet normal 0.996191 -0.0872017 0
    outer loop
      vertex 10.7658 16.3593 6.3
      vertex 10.8 16.75 2
      vertex 10.8 16.75 6.3
    endloop
  endfacet
  facet normal 0.996191 -0.0872017 0
    outer loop
      vertex 10.8 16.75 2
      vertex 10.7658 16.3593 6.3
      vertex 10.7658 16.3593 2
    endloop
  endfacet
  facet normal 0.707069 0.707145 -0
    outer loop
      vertex 10.2736 18.1963 2
      vertex 9.99627 18.4736 6.3
      vertex 10.2736 18.1963 6.3
    endloop
  endfacet
  facet normal 0.707069 0.707145 0
    outer loop
      vertex 9.99627 18.4736 6.3
      vertex 10.2736 18.1963 2
      vertex 9.99627 18.4736 2
    endloop
  endfacet
  facet normal -0.90633 0.422571 0
    outer loop
      vertex 6.43569 17.5195 2
      vertex 6.60144 17.875 6.3
      vertex 6.60144 17.875 2
    endloop
  endfacet
  facet normal -0.90633 0.422571 0
    outer loop
      vertex 6.60144 17.875 6.3
      vertex 6.43569 17.5195 2
      vertex 6.43569 17.5195 6.3
    endloop
  endfacet
  facet normal -0.996195 0.0871511 0
    outer loop
      vertex 6.3 16.75 2
      vertex 6.33418 17.1407 6.3
      vertex 6.33418 17.1407 2
    endloop
  endfacet
  facet normal -0.996195 0.0871511 0
    outer loop
      vertex 6.33418 17.1407 6.3
      vertex 6.3 16.75 2
      vertex 6.3 16.75 6.3
    endloop
  endfacet
  facet normal 0 0 1
    outer loop
      vertex 9.4 16.75 6.3
      vertex 10.8 16.75 6.3
      vertex 10.7658 17.1407 6.3
    endloop
  endfacet
  facet normal 0 0 1
    outer loop
      vertex 9.31582 17.1188 6.3
      vertex 10.7658 17.1407 6.3
      vertex 10.6643 17.5195 6.3
    endloop
  endfacet
  facet normal 0 0 1
    outer loop
      vertex 10.8 16.75 6.3
      vertex 9.4 16.75 6.3
      vertex 10.7658 16.3593 6.3
    endloop
  endfacet
  facet normal 0 0 1
    outer loop
      vertex 9.31582 17.1188 6.3
      vertex 10.6643 17.5195 6.3
      vertex 10.4986 17.875 6.3
    endloop
  endfacet
  facet normal -0 0 1
    outer loop
      vertex 9.31582 16.3812 6.3
      vertex 10.7658 16.3593 6.3
      vertex 9.4 16.75 6.3
    endloop
  endfacet
  facet normal 0 0 1
    outer loop
      vertex 9.31582 17.1188 6.3
      vertex 10.4986 17.875 6.3
      vertex 10.2736 18.1963 6.3
    endloop
  endfacet
  facet normal 0 0 1
    outer loop
      vertex 10.7658 16.3593 6.3
      vertex 9.31582 16.3812 6.3
      vertex 10.6643 15.9805 6.3
    endloop
  endfacet
  facet normal 0 0 1
    outer loop
      vertex 9.07997 17.4146 6.3
      vertex 10.2736 18.1963 6.3
      vertex 9.99627 18.4736 6.3
    endloop
  endfacet
  facet normal 0 0 1
    outer loop
      vertex 10.6643 15.9805 6.3
      vertex 9.31582 16.3812 6.3
      vertex 10.4986 15.625 6.3
    endloop
  endfacet
  facet normal 0 0 1
    outer loop
      vertex 9.07997 17.4146 6.3
      vertex 9.99627 18.4736 6.3
      vertex 9.675 18.6986 6.3
    endloop
  endfacet
  facet normal 0 0 1
    outer loop
      vertex 10.4986 15.625 6.3
      vertex 9.31582 16.3812 6.3
      vertex 10.2736 15.3037 6.3
    endloop
  endfacet
  facet normal -0 0 1
    outer loop
      vertex 9.07997 16.0854 6.3
      vertex 10.2736 15.3037 6.3
      vertex 9.31582 16.3812 6.3
    endloop
  endfacet
  facet normal 0 0 1
    outer loop
      vertex 8.73914 17.5787 6.3
      vertex 9.675 18.6986 6.3
      vertex 9.31954 18.8643 6.3
    endloop
  endfacet
  facet normal 0 0 1
    outer loop
      vertex 10.7658 17.1407 6.3
      vertex 9.31582 17.1188 6.3
      vertex 9.4 16.75 6.3
    endloop
  endfacet
  facet normal 0 0 1
    outer loop
      vertex 10.2736 18.1963 6.3
      vertex 9.07997 17.4146 6.3
      vertex 9.31582 17.1188 6.3
    endloop
  endfacet
  facet normal 0 0 1
    outer loop
      vertex 8.73914 17.5787 6.3
      vertex 9.31954 18.8643 6.3
      vertex 8.94071 18.9658 6.3
    endloop
  endfacet
  facet normal 0 0 1
    outer loop
      vertex 9.675 18.6986 6.3
      vertex 8.73914 17.5787 6.3
      vertex 9.07997 17.4146 6.3
    endloop
  endfacet
  facet normal 0 0 1
    outer loop
      vertex 8.55 19 6.3
      vertex 8.73914 17.5787 6.3
      vertex 8.94071 18.9658 6.3
    endloop
  endfacet
  facet normal 0 0 1
    outer loop
      vertex 8.55 19 6.3
      vertex 8.36086 17.5787 6.3
      vertex 8.73914 17.5787 6.3
    endloop
  endfacet
  facet normal -0 0 1
    outer loop
      vertex 8.15929 18.9658 6.3
      vertex 8.36086 17.5787 6.3
      vertex 8.55 19 6.3
    endloop
  endfacet
  facet normal -0 0 1
    outer loop
      vertex 7.78045 18.8643 6.3
      vertex 8.36086 17.5787 6.3
      vertex 8.15929 18.9658 6.3
    endloop
  endfacet
  facet normal -0 0 1
    outer loop
      vertex 7.425 18.6986 6.3
      vertex 8.36086 17.5787 6.3
      vertex 7.78045 18.8643 6.3
    endloop
  endfacet
  facet normal 0 0 1
    outer loop
      vertex 8.36086 17.5787 6.3
      vertex 7.425 18.6986 6.3
      vertex 8.02003 17.4146 6.3
    endloop
  endfacet
  facet normal -0 0 1
    outer loop
      vertex 7.10373 18.4736 6.3
      vertex 8.02003 17.4146 6.3
      vertex 7.425 18.6986 6.3
    endloop
  endfacet
  facet normal -0 0 1
    outer loop
      vertex 6.8264 18.1963 6.3
      vertex 8.02003 17.4146 6.3
      vertex 7.10373 18.4736 6.3
    endloop
  endfacet
  facet normal 0 0 1
    outer loop
      vertex 10.2736 15.3037 6.3
      vertex 9.07997 16.0854 6.3
      vertex 9.99627 15.0264 6.3
    endloop
  endfacet
  facet normal 0 0 1
    outer loop
      vertex 9.99627 15.0264 6.3
      vertex 9.07997 16.0854 6.3
      vertex 9.675 14.8014 6.3
    endloop
  endfacet
  facet normal -0 0 1
    outer loop
      vertex 8.73914 15.9213 6.3
      vertex 9.675 14.8014 6.3
      vertex 9.07997 16.0854 6.3
    endloop
  endfacet
  facet normal 0 0 1
    outer loop
      vertex 9.675 14.8014 6.3
      vertex 8.73914 15.9213 6.3
      vertex 9.31954 14.6357 6.3
    endloop
  endfacet
  facet normal 0 0 1
    outer loop
      vertex 9.31954 14.6357 6.3
      vertex 8.73914 15.9213 6.3
      vertex 8.94071 14.5342 6.3
    endloop
  endfacet
  facet normal 0 0 1
    outer loop
      vertex 8.73914 15.9213 6.3
      vertex 8.55 14.5 6.3
      vertex 8.94071 14.5342 6.3
    endloop
  endfacet
  facet normal -0 0 1
    outer loop
      vertex 8.36086 15.9213 6.3
      vertex 8.55 14.5 6.3
      vertex 8.73914 15.9213 6.3
    endloop
  endfacet
  facet normal 0 0 1
    outer loop
      vertex 8.36086 15.9213 6.3
      vertex 8.15929 14.5342 6.3
      vertex 8.55 14.5 6.3
    endloop
  endfacet
  facet normal 0 0 1
    outer loop
      vertex 7.425 14.8014 6.3
      vertex 8.36086 15.9213 6.3
      vertex 8.02003 16.0854 6.3
    endloop
  endfacet
  facet normal 0 0 1
    outer loop
      vertex 6.8264 15.3037 6.3
      vertex 8.02003 16.0854 6.3
      vertex 7.78418 16.3812 6.3
    endloop
  endfacet
  facet normal 0 0 1
    outer loop
      vertex 8.36086 15.9213 6.3
      vertex 7.78045 14.6357 6.3
      vertex 8.15929 14.5342 6.3
    endloop
  endfacet
  facet normal 0 0 1
    outer loop
      vertex 6.33418 16.3593 6.3
      vertex 7.78418 16.3812 6.3
      vertex 7.7 16.75 6.3
    endloop
  endfacet
  facet normal 0 0 1
    outer loop
      vertex 8.02003 17.4146 6.3
      vertex 6.8264 18.1963 6.3
      vertex 7.78418 17.1188 6.3
    endloop
  endfacet
  facet normal 0 0 1
    outer loop
      vertex 8.36086 15.9213 6.3
      vertex 7.425 14.8014 6.3
      vertex 7.78045 14.6357 6.3
    endloop
  endfacet
  facet normal -0 0 1
    outer loop
      vertex 6.60144 17.875 6.3
      vertex 7.78418 17.1188 6.3
      vertex 6.8264 18.1963 6.3
    endloop
  endfacet
  facet normal 0 0 1
    outer loop
      vertex 8.02003 16.0854 6.3
      vertex 7.10373 15.0264 6.3
      vertex 7.425 14.8014 6.3
    endloop
  endfacet
  facet normal -0 0 1
    outer loop
      vertex 6.43569 17.5195 6.3
      vertex 7.78418 17.1188 6.3
      vertex 6.60144 17.875 6.3
    endloop
  endfacet
  facet normal 0 0 1
    outer loop
      vertex 8.02003 16.0854 6.3
      vertex 6.8264 15.3037 6.3
      vertex 7.10373 15.0264 6.3
    endloop
  endfacet
  facet normal -0 0 1
    outer loop
      vertex 6.33418 17.1407 6.3
      vertex 7.78418 17.1188 6.3
      vertex 6.43569 17.5195 6.3
    endloop
  endfacet
  facet normal 0 0 1
    outer loop
      vertex 7.78418 16.3812 6.3
      vertex 6.60144 15.625 6.3
      vertex 6.8264 15.3037 6.3
    endloop
  endfacet
  facet normal 0 0 1
    outer loop
      vertex 7.78418 17.1188 6.3
      vertex 6.33418 17.1407 6.3
      vertex 7.7 16.75 6.3
    endloop
  endfacet
  facet normal 0 0 1
    outer loop
      vertex 7.78418 16.3812 6.3
      vertex 6.43569 15.9805 6.3
      vertex 6.60144 15.625 6.3
    endloop
  endfacet
  facet normal 0 0 1
    outer loop
      vertex 6.3 16.75 6.3
      vertex 7.7 16.75 6.3
      vertex 6.33418 17.1407 6.3
    endloop
  endfacet
  facet normal 0 0 1
    outer loop
      vertex 7.78418 16.3812 6.3
      vertex 6.33418 16.3593 6.3
      vertex 6.43569 15.9805 6.3
    endloop
  endfacet
  facet normal 0 0 1
    outer loop
      vertex 7.7 16.75 6.3
      vertex 6.3 16.75 6.3
      vertex 6.33418 16.3593 6.3
    endloop
  endfacet
  facet normal -0.422516 0.906356 0
    outer loop
      vertex 7.78045 18.8643 2
      vertex 7.425 18.6986 6.3
      vertex 7.78045 18.8643 6.3
    endloop
  endfacet
  facet normal -0.422516 0.906356 0
    outer loop
      vertex 7.425 18.6986 6.3
      vertex 7.78045 18.8643 2
      vertex 7.425 18.6986 2
    endloop
  endfacet
  facet normal -0.0871995 -0.996191 0
    outer loop
      vertex 8.15929 14.5342 2
      vertex 8.55 14.5 6.3
      vertex 8.15929 14.5342 6.3
    endloop
  endfacet
  facet normal -0.0871995 -0.996191 -0
    outer loop
      vertex 8.55 14.5 6.3
      vertex 8.15929 14.5342 2
      vertex 8.55 14.5 2
    endloop
  endfacet
  facet normal -0.258796 0.965932 0
    outer loop
      vertex 8.15929 18.9658 2
      vertex 7.78045 18.8643 6.3
      vertex 8.15929 18.9658 6.3
    endloop
  endfacet
  facet normal -0.258796 0.965932 0
    outer loop
      vertex 7.78045 18.8643 6.3
      vertex 8.15929 18.9658 2
      vertex 7.78045 18.8643 2
    endloop
  endfacet
  facet normal 0.906378 -0.422467 0
    outer loop
      vertex 10.4986 15.625 6.3
      vertex 10.6643 15.9805 2
      vertex 10.6643 15.9805 6.3
    endloop
  endfacet
  facet normal 0.906378 -0.422467 0
    outer loop
      vertex 10.6643 15.9805 2
      vertex 10.4986 15.625 6.3
      vertex 10.4986 15.625 2
    endloop
  endfacet
  facet normal 0.965925 -0.258821 0
    outer loop
      vertex 10.6643 15.9805 6.3
      vertex 10.7658 16.3593 2
      vertex 10.7658 16.3593 6.3
    endloop
  endfacet
  facet normal 0.965925 -0.258821 0
    outer loop
      vertex 10.7658 16.3593 2
      vertex 10.6643 15.9805 6.3
      vertex 10.6643 15.9805 2
    endloop
  endfacet
  facet normal 0.258802 -0.96593 0
    outer loop
      vertex 8.94071 14.5342 2
      vertex 9.31954 14.6357 6.3
      vertex 8.94071 14.5342 6.3
    endloop
  endfacet
  facet normal 0.258802 -0.96593 0
    outer loop
      vertex 9.31954 14.6357 6.3
      vertex 8.94071 14.5342 2
      vertex 9.31954 14.6357 2
    endloop
  endfacet
  facet normal 0.819124 0.573616 0
    outer loop
      vertex 10.4986 17.875 6.3
      vertex 10.2736 18.1963 2
      vertex 10.2736 18.1963 6.3
    endloop
  endfacet
  facet normal 0.819124 0.573616 0
    outer loop
      vertex 10.2736 18.1963 2
      vertex 10.4986 17.875 6.3
      vertex 10.4986 17.875 2
    endloop
  endfacet
  facet normal -0.965919 0.258845 0
    outer loop
      vertex 6.33418 17.1407 2
      vertex 6.43569 17.5195 6.3
      vertex 6.43569 17.5195 2
    endloop
  endfacet
  facet normal -0.965919 0.258845 0
    outer loop
      vertex 6.43569 17.5195 6.3
      vertex 6.33418 17.1407 2
      vertex 6.33418 17.1407 6.3
    endloop
  endfacet
  facet normal 0.819124 -0.573616 0
    outer loop
      vertex 10.2736 15.3037 6.3
      vertex 10.4986 15.625 2
      vertex 10.4986 15.625 6.3
    endloop
  endfacet
  facet normal 0.819124 -0.573616 0
    outer loop
      vertex 10.4986 15.625 2
      vertex 10.2736 15.3037 6.3
      vertex 10.2736 15.3037 2
    endloop
  endfacet
  facet normal -0.0871995 0.996191 0
    outer loop
      vertex 8.55 19 2
      vertex 8.15929 18.9658 6.3
      vertex 8.55 19 6.3
    endloop
  endfacet
  facet normal -0.0871995 0.996191 0
    outer loop
      vertex 8.15929 18.9658 6.3
      vertex 8.55 19 2
      vertex 8.15929 18.9658 2
    endloop
  endfacet
  facet normal 0.707069 -0.707145 0
    outer loop
      vertex 9.99627 15.0264 6.3
      vertex 10.2736 15.3037 2
      vertex 10.2736 15.3037 6.3
    endloop
  endfacet
  facet normal 0.707069 -0.707145 0
    outer loop
      vertex 10.2736 15.3037 2
      vertex 9.99627 15.0264 6.3
      vertex 9.99627 15.0264 2
    endloop
  endfacet
  facet normal -0.996195 -0.0871511 0
    outer loop
      vertex 6.33418 16.3593 2
      vertex 6.3 16.75 6.3
      vertex 6.3 16.75 2
    endloop
  endfacet
  facet normal -0.996195 -0.0871511 0
    outer loop
      vertex 6.3 16.75 6.3
      vertex 6.33418 16.3593 2
      vertex 6.33418 16.3593 6.3
    endloop
  endfacet
  facet normal 0.422506 0.90636 -0
    outer loop
      vertex 9.675 18.6986 2
      vertex 9.31954 18.8643 6.3
      vertex 9.675 18.6986 6.3
    endloop
  endfacet
  facet normal 0.422506 0.90636 0
    outer loop
      vertex 9.31954 18.8643 6.3
      vertex 9.675 18.6986 2
      vertex 9.31954 18.8643 2
    endloop
  endfacet
  facet normal 0.0871995 -0.996191 0
    outer loop
      vertex 8.55 14.5 2
      vertex 8.94071 14.5342 6.3
      vertex 8.55 14.5 6.3
    endloop
  endfacet
  facet normal 0.0871995 -0.996191 0
    outer loop
      vertex 8.94071 14.5342 6.3
      vertex 8.55 14.5 2
      vertex 8.94071 14.5342 2
    endloop
  endfacet
  facet normal -0.965919 -0.258845 0
    outer loop
      vertex 6.43569 15.9805 2
      vertex 6.33418 16.3593 6.3
      vertex 6.33418 16.3593 2
    endloop
  endfacet
  facet normal -0.965919 -0.258845 0
    outer loop
      vertex 6.33418 16.3593 6.3
      vertex 6.43569 15.9805 2
      vertex 6.43569 15.9805 6.3
    endloop
  endfacet
  facet normal 0.573652 0.819099 -0
    outer loop
      vertex 9.99627 18.4736 2
      vertex 9.675 18.6986 6.3
      vertex 9.99627 18.4736 6.3
    endloop
  endfacet
  facet normal 0.573652 0.819099 0
    outer loop
      vertex 9.675 18.6986 6.3
      vertex 9.99627 18.4736 2
      vertex 9.675 18.6986 2
    endloop
  endfacet
  facet normal 0.258802 0.96593 -0
    outer loop
      vertex 9.31954 18.8643 2
      vertex 8.94071 18.9658 6.3
      vertex 9.31954 18.8643 6.3
    endloop
  endfacet
  facet normal 0.258802 0.96593 0
    outer loop
      vertex 8.94071 18.9658 6.3
      vertex 9.31954 18.8643 2
      vertex 8.94071 18.9658 2
    endloop
  endfacet
  facet normal -0.819172 -0.573548 0
    outer loop
      vertex 6.8264 15.3037 2
      vertex 6.60144 15.625 6.3
      vertex 6.60144 15.625 2
    endloop
  endfacet
  facet normal -0.819172 -0.573548 0
    outer loop
      vertex 6.60144 15.625 6.3
      vertex 6.8264 15.3037 2
      vertex 6.8264 15.3037 6.3
    endloop
  endfacet
  facet normal -0.707069 -0.707145 0
    outer loop
      vertex 7.10373 15.0264 2
      vertex 6.8264 15.3037 6.3
      vertex 6.8264 15.3037 2
    endloop
  endfacet
  facet normal -0.707069 -0.707145 0
    outer loop
      vertex 6.8264 15.3037 6.3
      vertex 7.10373 15.0264 2
      vertex 7.10373 15.0264 6.3
    endloop
  endfacet
  facet normal -0.707069 0.707145 0
    outer loop
      vertex 7.10373 18.4736 2
      vertex 6.8264 18.1963 6.3
      vertex 7.10373 18.4736 6.3
    endloop
  endfacet
  facet normal -0.707069 0.707145 0
    outer loop
      vertex 6.8264 18.1963 6.3
      vertex 7.10373 18.4736 2
      vertex 6.8264 18.1963 2
    endloop
  endfacet
  facet normal -0.573652 -0.819099 0
    outer loop
      vertex 7.10373 15.0264 2
      vertex 7.425 14.8014 6.3
      vertex 7.10373 15.0264 6.3
    endloop
  endfacet
  facet normal -0.573652 -0.819099 -0
    outer loop
      vertex 7.425 14.8014 6.3
      vertex 7.10373 15.0264 2
      vertex 7.425 14.8014 2
    endloop
  endfacet
  facet normal -0.422516 -0.906356 0
    outer loop
      vertex 7.425 14.8014 2
      vertex 7.78045 14.6357 6.3
      vertex 7.425 14.8014 6.3
    endloop
  endfacet
  facet normal -0.422516 -0.906356 -0
    outer loop
      vertex 7.78045 14.6357 6.3
      vertex 7.425 14.8014 2
      vertex 7.78045 14.6357 2
    endloop
  endfacet
  facet normal -0.258796 -0.965932 0
    outer loop
      vertex 7.78045 14.6357 2
      vertex 8.15929 14.5342 6.3
      vertex 7.78045 14.6357 6.3
    endloop
  endfacet
  facet normal -0.258796 -0.965932 -0
    outer loop
      vertex 8.15929 14.5342 6.3
      vertex 7.78045 14.6357 2
      vertex 8.15929 14.5342 2
    endloop
  endfacet
  facet normal -0.90633 -0.422571 0
    outer loop
      vertex 6.60144 15.625 2
      vertex 6.43569 15.9805 6.3
      vertex 6.43569 15.9805 2
    endloop
  endfacet
  facet normal -0.90633 -0.422571 0
    outer loop
      vertex 6.43569 15.9805 6.3
      vertex 6.60144 15.625 2
      vertex 6.60144 15.625 6.3
    endloop
  endfacet
  facet normal -0.573652 0.819099 0
    outer loop
      vertex 7.425 18.6986 2
      vertex 7.10373 18.4736 6.3
      vertex 7.425 18.6986 6.3
    endloop
  endfacet
  facet normal -0.573652 0.819099 0
    outer loop
      vertex 7.10373 18.4736 6.3
      vertex 7.425 18.6986 2
      vertex 7.10373 18.4736 2
    endloop
  endfacet
  facet normal -0.819172 0.573548 0
    outer loop
      vertex 6.60144 17.875 2
      vertex 6.8264 18.1963 6.3
      vertex 6.8264 18.1963 2
    endloop
  endfacet
  facet normal -0.819172 0.573548 0
    outer loop
      vertex 6.8264 18.1963 6.3
      vertex 6.60144 17.875 2
      vertex 6.60144 17.875 6.3
    endloop
  endfacet
  facet normal 0.0871995 0.996191 -0
    outer loop
      vertex 8.94071 18.9658 2
      vertex 8.55 19 6.3
      vertex 8.94071 18.9658 6.3
    endloop
  endfacet
  facet normal 0.0871995 0.996191 0
    outer loop
      vertex 8.55 19 6.3
      vertex 8.94071 18.9658 2
      vertex 8.55 19 2
    endloop
  endfacet
  facet normal 1 -0 0
    outer loop
      vertex -9.75 29.4 9.4
      vertex -9.75 39.4 8.2
      vertex -9.75 39.4 9.4
    endloop
  endfacet
  facet normal 1 0 0
    outer loop
      vertex -9.75 39.4 8.2
      vertex -9.75 29.4 9.4
      vertex -9.75 29.4 8.2
    endloop
  endfacet
  facet normal -0 0 1
    outer loop
      vertex -12.75 41.4 9.4
      vertex -11.25 39.4 9.4
      vertex -11.25 41.4 9.4
    endloop
  endfacet
  facet normal 0 0 1
    outer loop
      vertex -11.25 39.4 9.4
      vertex -12.75 41.4 9.4
      vertex -11.25 29.4 9.4
    endloop
  endfacet
  facet normal 0 0 1
    outer loop
      vertex -12.75 23.8195 9.4
      vertex -11.25 29.4 9.4
      vertex -12.75 41.4 9.4
    endloop
  endfacet
  facet normal 0 0 1
    outer loop
      vertex -11.25 29.4 9.4
      vertex -12.75 23.8195 9.4
      vertex -11.25 23.8195 9.4
    endloop
  endfacet
  facet normal -0 0 1
    outer loop
      vertex -11.25 39.4 9.4
      vertex -9.75 29.4 9.4
      vertex -9.75 39.4 9.4
    endloop
  endfacet
  facet normal 0 0 1
    outer loop
      vertex -9.75 29.4 9.4
      vertex -11.25 39.4 9.4
      vertex -11.25 29.4 9.4
    endloop
  endfacet
  facet normal -0 0 1
    outer loop
      vertex 9.75 39.4 9.4
      vertex 11.25 29.4 9.4
      vertex 11.25 39.4 9.4
    endloop
  endfacet
  facet normal 0 0 1
    outer loop
      vertex 11.25 29.4 9.4
      vertex 9.75 39.4 9.4
      vertex 9.75 29.4 9.4
    endloop
  endfacet
  facet normal 0 0 1
    outer loop
      vertex 11.25 39.4 9.4
      vertex 12.75 41.4 9.4
      vertex 11.25 41.4 9.4
    endloop
  endfacet
  facet normal 0 0 1
    outer loop
      vertex 11.25 29.4 9.4
      vertex 12.75 41.4 9.4
      vertex 11.25 39.4 9.4
    endloop
  endfacet
  facet normal 0 0 1
    outer loop
      vertex 12.75 41.4 9.4
      vertex 11.25 29.4 9.4
      vertex 12.75 23.8195 9.4
    endloop
  endfacet
  facet normal 0 0 1
    outer loop
      vertex 12.75 23.8195 9.4
      vertex 11.25 29.4 9.4
      vertex 11.25 23.8195 9.4
    endloop
  endfacet
  facet normal 0 0 -1
    outer loop
      vertex -11.25 29.4 8.2
      vertex -9.75 39.4 8.2
      vertex -9.75 29.4 8.2
    endloop
  endfacet
  facet normal -0 0 -1
    outer loop
      vertex -9.75 39.4 8.2
      vertex -11.25 29.4 8.2
      vertex -11.25 39.4 8.2
    endloop
  endfacet
  facet normal 0 1 -0
    outer loop
      vertex -9.75 39.4 8.2
      vertex -11.25 39.4 9.4
      vertex -9.75 39.4 9.4
    endloop
  endfacet
  facet normal 0 1 0
    outer loop
      vertex -11.25 39.4 9.4
      vertex -9.75 39.4 8.2
      vertex -11.25 39.4 8.2
    endloop
  endfacet
  facet normal 0 -1 0
    outer loop
      vertex -11.25 29.4 8.2
      vertex -9.75 29.4 9.4
      vertex -11.25 29.4 9.4
    endloop
  endfacet
  facet normal 0 -1 -0
    outer loop
      vertex -9.75 29.4 9.4
      vertex -11.25 29.4 8.2
      vertex -9.75 29.4 8.2
    endloop
  endfacet
  facet normal 0 0 -1
    outer loop
      vertex 9.75 29.4 8.2
      vertex 11.25 39.4 8.2
      vertex 11.25 29.4 8.2
    endloop
  endfacet
  facet normal -0 0 -1
    outer loop
      vertex 11.25 39.4 8.2
      vertex 9.75 29.4 8.2
      vertex 9.75 39.4 8.2
    endloop
  endfacet
  facet normal -1 0 0
    outer loop
      vertex 9.75 29.4 8.2
      vertex 9.75 39.4 9.4
      vertex 9.75 39.4 8.2
    endloop
  endfacet
  facet normal -1 -0 0
    outer loop
      vertex 9.75 39.4 9.4
      vertex 9.75 29.4 8.2
      vertex 9.75 29.4 9.4
    endloop
  endfacet
  facet normal 0 1 -0
    outer loop
      vertex 11.25 39.4 8.2
      vertex 9.75 39.4 9.4
      vertex 11.25 39.4 9.4
    endloop
  endfacet
  facet normal 0 1 0
    outer loop
      vertex 9.75 39.4 9.4
      vertex 11.25 39.4 8.2
      vertex 9.75 39.4 8.2
    endloop
  endfacet
  facet normal 0 -1 0
    outer loop
      vertex 9.75 29.4 8.2
      vertex 11.25 29.4 9.4
      vertex 9.75 29.4 9.4
    endloop
  endfacet
  facet normal 0 -1 -0
    outer loop
      vertex 11.25 29.4 9.4
      vertex 9.75 29.4 8.2
      vertex 11.25 29.4 8.2
    endloop
  endfacet
  facet normal 3.02031e-05 -0.81912 0.573622
    outer loop
      vertex -18.4442 19.7298 35.0384
      vertex -17.656 18.8614 33.7983
      vertex -17.2999 18.9264 33.8911
    endloop
  endfacet
  facet normal 0.00106109 -0.818812 0.574061
    outer loop
      vertex -18.4442 19.7298 35.0384
      vertex -17.6912 18.8521 33.7851
      vertex -17.656 18.8614 33.7983
    endloop
  endfacet
  facet normal -0.000264641 -0.819187 0.573527
    outer loop
      vertex -18.4442 19.7298 35.0384
      vertex -18.0139 18.767 33.6634
      vertex -17.6912 18.8521 33.7851
    endloop
  endfacet
  facet normal 6.94927e-05 -0.819138 0.573597
    outer loop
      vertex -18.4442 19.7298 35.0384
      vertex -18.3489 18.648 33.4935
      vertex -18.0139 18.767 33.6634
    endloop
  endfacet
  facet normal -0.00611386 -0.819302 0.57333
    outer loop
      vertex -18.3489 18.648 33.4935
      vertex -18.4442 19.7298 35.0384
      vertex -18.3581 18.6438 33.4874
    endloop
  endfacet
  facet normal -3.57179e-06 -0.819153 0.573575
    outer loop
      vertex -16.8807 0 6.8614
      vertex -16.7953 0.982905 8.26514
      vertex -16.9598 0.997554 8.28606
    endloop
  endfacet
  facet normal 6.3163e-06 -0.819153 0.573574
    outer loop
      vertex -16.8807 0 6.8614
      vertex -16.7662 0.982135 8.26404
      vertex -16.7953 0.982905 8.26514
    endloop
  endfacet
  facet normal 1.24627e-05 -0.819154 0.573574
    outer loop
      vertex -16.8807 0 6.8614
      vertex -16.5 0.975081 8.25396
      vertex -16.7662 0.982135 8.26404
    endloop
  endfacet
  facet normal 0 -0.819152 0.573576
    outer loop
      vertex -16.8807 0 6.8614
      vertex 8.26824 0.975081 8.25396
      vertex -16.5 0.975081 8.25396
    endloop
  endfacet
  facet normal 0 -0.819152 0.573576
    outer loop
      vertex 8.26824 0.975081 8.25396
      vertex -16.8807 0 6.8614
      vertex 9.65706 0 6.8614
    endloop
  endfacet
  facet normal 0.768875 0.366795 0.52373
    outer loop
      vertex 20.1369 31.5984 25.2458
      vertex 20.3925 32 24.5893
      vertex 20.2171 32 24.8468
    endloop
  endfacet
  facet normal 0.768902 0.366726 0.523739
    outer loop
      vertex 20.3925 18.8571 33.7921
      vertex 20.1369 31.5984 25.2458
      vertex 20.1369 19.0334 34.0439
    endloop
  endfacet
  facet normal 0.768942 0.366699 0.523698
    outer loop
      vertex 20.1369 31.5984 25.2458
      vertex 20.3925 18.8571 33.7921
      vertex 20.3925 32 24.5893
    endloop
  endfacet
  facet normal 0.0505236 0.57285 0.818102
    outer loop
      vertex 16.5 24.8674 31.932
      vertex 16.5 19.9605 35.3679
      vertex 16.561 24.8803 31.9192
    endloop
  endfacet
  facet normal -1.01379e-05 -0.819151 0.573577
    outer loop
      vertex 21.3249 0 6.8614
      vertex 19.7 13.4182 26.0245
      vertex 19.7 2.81052 10.8752
    endloop
  endfacet
  facet normal 0.000348302 -0.819082 0.573676
    outer loop
      vertex 21.3249 0 6.8614
      vertex 19.6987 2.79386 10.8514
      vertex 19.6864 2.64117 10.6334
    endloop
  endfacet
  facet normal 3.08162e-05 -0.819154 0.573573
    outer loop
      vertex 17.3437 0 6.8614
      vertex 17.6912 1.10832 8.44424
      vertex 17.656 1.09902 8.43096
    endloop
  endfacet
  facet normal 4.40704e-05 -0.819156 0.573571
    outer loop
      vertex 17.3437 0 6.8614
      vertex 17.656 1.09902 8.43096
      vertex 17.5327 1.07653 8.39885
    endloop
  endfacet
  facet normal -2.63173e-05 -0.819148 0.573582
    outer loop
      vertex 17.6912 1.10832 8.44424
      vertex 17.3437 0 6.8614
      vertex 18.0139 1.19347 8.56586
    endloop
  endfacet
  facet normal 1.6223e-05 -0.819156 0.57357
    outer loop
      vertex 17.3437 0 6.8614
      vertex 18.3489 1.31244 8.73576
      vertex 18.0139 1.19347 8.56586
    endloop
  endfacet
  facet normal 0 -0.819152 0.573576
    outer loop
      vertex 21.3249 0 6.8614
      vertex 18.3489 1.31244 8.73576
      vertex 17.3437 0 6.8614
    endloop
  endfacet
  facet normal 1.4972e-07 -0.819152 0.573576
    outer loop
      vertex 18.3489 1.31244 8.73576
      vertex 21.3249 0 6.8614
      vertex 18.6558 1.45412 8.9381
    endloop
  endfacet
  facet normal 8.63223e-06 -0.819147 0.573584
    outer loop
      vertex 18.6558 1.45412 8.9381
      vertex 21.3249 0 6.8614
      vertex 18.9301 1.61635 9.16978
    endloop
  endfacet
  facet normal -5.10866e-05 -0.819153 0.573575
    outer loop
      vertex 19.7 13.4182 26.0245
      vertex 21.3249 0 6.8614
      vertex 20.6221 18.6694 33.5241
    endloop
  endfacet
  facet normal -0.000382037 -0.819222 0.573476
    outer loop
      vertex 19.6987 2.79386 10.8514
      vertex 21.3249 0 6.8614
      vertex 19.7 2.81052 10.8752
    endloop
  endfacet
  facet normal 6.13294e-05 -0.819141 0.573592
    outer loop
      vertex 19.6259 2.41786 10.3145
      vertex 21.3249 0 6.8614
      vertex 19.6864 2.64117 10.6334
    endloop
  endfacet
  facet normal -9.04193e-05 -0.819176 0.573542
    outer loop
      vertex 19.5287 2.2219 10.0346
      vertex 21.3249 0 6.8614
      vertex 19.6259 2.41786 10.3145
    endloop
  endfacet
  facet normal -0.000773676 -0.819357 0.573283
    outer loop
      vertex 19.5181 2.2005 10.004
      vertex 21.3249 0 6.8614
      vertex 19.5287 2.2219 10.0346
    endloop
  endfacet
  facet normal 5.98355e-05 -0.819132 0.573604
    outer loop
      vertex 19.3645 1.9924 9.70684
      vertex 21.3249 0 6.8614
      vertex 19.5181 2.2005 10.004
    endloop
  endfacet
  facet normal 0.000155402 -0.819102 0.573649
    outer loop
      vertex 19.3451 1.97313 9.67933
      vertex 21.3249 0 6.8614
      vertex 19.3645 1.9924 9.70684
    endloop
  endfacet
  facet normal -1.10326e-05 -0.819156 0.57357
    outer loop
      vertex 19.1675 1.79669 9.42734
      vertex 21.3249 0 6.8614
      vertex 19.3451 1.97313 9.67933
    endloop
  endfacet
  facet normal -9.7448e-06 -0.819156 0.573571
    outer loop
      vertex 18.9301 1.61635 9.16978
      vertex 21.3249 0 6.8614
      vertex 19.1675 1.79669 9.42734
    endloop
  endfacet
  facet normal -0.989812 0.0816656 0.116631
    outer loop
      vertex -21.3745 35.5021 19.1128
      vertex -21.3745 17.4361 31.7627
      vertex -21.3501 34.7957 19.8145
    endloop
  endfacet
  facet normal 0.90098 0.24885 0.355398
    outer loop
      vertex 20.9978 18.2651 32.9466
      vertex 20.8244 30 25.1694
      vertex 20.8244 18.4716 33.2416
    endloop
  endfacet
  facet normal 0.901022 0.248803 0.355327
    outer loop
      vertex 20.8244 30 25.1694
      vertex 20.9978 18.2651 32.9466
      vertex 20.9978 30 24.7297
    endloop
  endfacet
  facet normal 0.901357 0.248409 0.354751
    outer loop
      vertex 20.8244 32 23.769
      vertex 20.8244 31.8302 23.8879
      vertex 20.844 32 23.7192
    endloop
  endfacet
  facet normal 0.714388 0.401362 0.5732
    outer loop
      vertex 20.1369 19.0334 34.0439
      vertex 19.9378 30.7519 26.0866
      vertex 19.8572 19.1972 34.2778
    endloop
  endfacet
  facet normal 0.714295 0.401414 0.573279
    outer loop
      vertex 19.9378 30.7519 26.0866
      vertex 20.1369 19.0334 34.0439
      vertex 20.1369 31.5984 25.2458
    endloop
  endfacet
  facet normal 6.52924e-05 -0.819105 0.573644
    outer loop
      vertex 19.2327 19.4828 34.6857
      vertex 18.5355 19.7065 35.0052
      vertex 20.1369 19.0334 34.0439
    endloop
  endfacet
  facet normal 0.979257 0.116219 0.165977
    outer loop
      vertex 21.3349 17.6066 32.0062
      vertex 21.2539 32.6342 21.9616
      vertex 21.2539 17.8311 32.3269
    endloop
  endfacet
  facet normal 0.979251 0.116235 0.166001
    outer loop
      vertex 21.2539 32.6342 21.9616
      vertex 21.3349 17.6066 32.0062
      vertex 21.3349 34.2644 20.3423
    endloop
  endfacet
  facet normal 0.142155 0.567744 0.810838
    outer loop
      vertex 17.3946 25.2103 31.5914
      vertex 17.3429 25.1794 31.6221
      vertex 17.3946 19.9132 35.3004
    endloop
  endfacet
  facet normal -0.991359 -0.0705426 -0.110593
    outer loop
      vertex -21.3557 2.60843 0.0256653
      vertex -21.3837 3.04216 0
      vertex -21.3807 3 0
    endloop
  endfacet
  facet normal -0.991407 -0.0719573 -0.109246
    outer loop
      vertex -21.3349 2.18658 0.114766
      vertex -21.3557 2.60843 0.0256653
      vertex -21.3362 2.22354 0.102219
    endloop
  endfacet
  facet normal -0.992569 -0.0699676 -0.0995546
    outer loop
      vertex -21.3557 2.60843 0.0256653
      vertex -21.3349 2.18658 0.114766
      vertex -21.3837 3.04216 0
    endloop
  endfacet
  facet normal -0.99252 -0.0700254 -0.100007
    outer loop
      vertex -21.3349 0.57219 1.24517
      vertex -21.3837 3.04216 0
      vertex -21.3349 2.18658 0.114766
    endloop
  endfacet
  facet normal -0.992636 -0.0690654 -0.0995137
    outer loop
      vertex -21.3837 0.175684 2.00713
      vertex -21.3349 0.57219 1.24517
      vertex -21.3486 0.401917 1.5
    endloop
  endfacet
  facet normal -0.992588 -0.0694927 -0.099701
    outer loop
      vertex -21.3837 0.175684 2.00713
      vertex -21.3486 0.401917 1.5
      vertex -21.3718 0.228363 1.85194
    endloop
  endfacet
  facet normal -0.99252 -0.0700246 -0.100005
    outer loop
      vertex -21.3349 0.57219 1.24517
      vertex -21.3837 0.175684 2.00713
      vertex -21.3837 3.04216 0
    endloop
  endfacet
  facet normal 0.14227 0.567736 0.810824
    outer loop
      vertex 16.9989 24.9734 31.8267
      vertex 17.3946 19.9132 35.3004
      vertex 17.3429 25.1794 31.6221
    endloop
  endfacet
  facet normal 0.142261 0.567736 0.810825
    outer loop
      vertex 17.3946 19.9132 35.3004
      vertex 16.9989 24.9734 31.8267
      vertex 16.9989 19.9458 35.347
    endloop
  endfacet
  facet normal -0.000107009 -0.819152 0.573576
    outer loop
      vertex 17.5262 18.8871 33.835
      vertex 17.3946 19.9132 35.3004
      vertex 17.3584 18.9145 33.8741
    endloop
  endfacet
  facet normal -0.000181696 -0.819156 0.573571
    outer loop
      vertex 17.5635 18.881 33.8263
      vertex 17.3946 19.9132 35.3004
      vertex 17.5262 18.8871 33.835
    endloop
  endfacet
  facet normal 0.00197778 -0.819038 0.573736
    outer loop
      vertex 17.5992 18.8724 33.8139
      vertex 17.3946 19.9132 35.3004
      vertex 17.5635 18.881 33.8263
    endloop
  endfacet
  facet normal -2.44062e-06 -0.819167 0.573555
    outer loop
      vertex 17.9264 18.793 33.7005
      vertex 17.3946 19.9132 35.3004
      vertex 17.5992 18.8724 33.8139
    endloop
  endfacet
  facet normal -0.000178828 -0.819195 0.573515
    outer loop
      vertex 18.2676 18.68 33.5392
      vertex 17.3946 19.9132 35.3004
      vertex 17.9264 18.793 33.7005
    endloop
  endfacet
  facet normal -9.39334e-06 -0.819155 0.573572
    outer loop
      vertex 18.2676 18.68 33.5392
      vertex 20.6221 18.6694 33.5241
      vertex 17.3946 19.9132 35.3004
    endloop
  endfacet
  facet normal -9.18183e-06 -0.81914 0.573594
    outer loop
      vertex 18.582 18.5438 33.3447
      vertex 20.6221 18.6694 33.5241
      vertex 18.2676 18.68 33.5392
    endloop
  endfacet
  facet normal -1.83776e-05 -0.819091 0.573664
    outer loop
      vertex 18.837 18.4019 33.1421
      vertex 20.6221 18.6694 33.5241
      vertex 18.582 18.5438 33.3447
    endloop
  endfacet
  facet normal 0.000474212 -0.820171 0.572118
    outer loop
      vertex 18.8648 18.3865 33.12
      vertex 20.6221 18.6694 33.5241
      vertex 18.837 18.4019 33.1421
    endloop
  endfacet
  facet normal -6.19301e-05 -0.819077 0.573684
    outer loop
      vertex 19.1118 18.2104 32.8686
      vertex 20.6221 18.6694 33.5241
      vertex 18.8648 18.3865 33.12
    endloop
  endfacet
  facet normal 6.12702e-05 -0.81921 0.573493
    outer loop
      vertex 19.1322 18.1915 32.8416
      vertex 20.6221 18.6694 33.5241
      vertex 19.1118 18.2104 32.8686
    endloop
  endfacet
  facet normal 3.87284e-05 -0.819187 0.573526
    outer loop
      vertex 19.3192 18.0183 32.5942
      vertex 20.6221 18.6694 33.5241
      vertex 19.1322 18.1915 32.8416
    endloop
  endfacet
  facet normal -9.10743e-06 -0.819156 0.573571
    outer loop
      vertex 19.4839 17.813 32.301
      vertex 20.6221 18.6694 33.5241
      vertex 19.3192 18.0183 32.5942
    endloop
  endfacet
  facet normal -4.4742e-05 -0.81914 0.573594
    outer loop
      vertex 19.6033 17.5976 31.9934
      vertex 20.6221 18.6694 33.5241
      vertex 19.4839 17.813 32.301
    endloop
  endfacet
  facet normal 1.22457e-05 -0.819158 0.573568
    outer loop
      vertex 19.6758 17.3755 31.6762
      vertex 20.6221 18.6694 33.5241
      vertex 19.6033 17.5976 31.9934
    endloop
  endfacet
  facet normal 1.95408e-05 -0.81916 0.573566
    outer loop
      vertex 19.7 17.1499 31.354
      vertex 20.6221 18.6694 33.5241
      vertex 19.6758 17.3755 31.6762
    endloop
  endfacet
  facet normal 2.18027e-06 -0.819156 0.573571
    outer loop
      vertex 20.6221 18.6694 33.5241
      vertex 19.7 17.1499 31.354
      vertex 19.7 13.4182 26.0245
    endloop
  endfacet
  facet normal -8.56355e-06 -0.819152 0.573576
    outer loop
      vertex 16.6739 0 6.8614
      vertex 16.8545 0.987619 8.27187
      vertex 16.7094 0.982488 8.26454
    endloop
  endfacet
  facet normal 7.66757e-05 -0.819157 0.573569
    outer loop
      vertex 16.6739 0 6.8614
      vertex 16.8932 0.988988 8.27382
      vertex 16.8545 0.987619 8.27187
    endloop
  endfacet
  facet normal 0 -0.819152 0.573577
    outer loop
      vertex 17.3437 0 6.8614
      vertex 16.8932 0.988988 8.27382
      vertex 16.6739 0 6.8614
    endloop
  endfacet
  facet normal 5.35273e-06 -0.819151 0.573578
    outer loop
      vertex 16.8932 0.988988 8.27382
      vertex 17.3437 0 6.8614
      vertex 17.2805 1.03052 8.33313
    endloop
  endfacet
  facet normal -2.5049e-05 -0.819152 0.573577
    outer loop
      vertex 17.2805 1.03052 8.33313
      vertex 17.3437 0 6.8614
      vertex 17.5327 1.07653 8.39885
    endloop
  endfacet
  facet normal 0.81855 0.329478 0.470553
    outer loop
      vertex 20.3925 32 24.5893
      vertex 20.6221 30.3943 25.3142
      vertex 20.6221 32 24.1899
    endloop
  endfacet
  facet normal 0.81867 0.329419 0.470385
    outer loop
      vertex 20.3925 32 24.5893
      vertex 20.5557 30 25.7059
      vertex 20.6221 30.3943 25.3142
    endloop
  endfacet
  facet normal 0.818478 0.329542 0.470633
    outer loop
      vertex 20.3925 18.8571 33.7921
      vertex 20.5557 30 25.7059
      vertex 20.3925 32 24.5893
    endloop
  endfacet
  facet normal 0.818567 0.329467 0.470531
    outer loop
      vertex 20.6221 18.6694 33.5241
      vertex 20.5557 30 25.7059
      vertex 20.3925 18.8571 33.7921
    endloop
  endfacet
  facet normal 0.818767 0.329306 0.470295
    outer loop
      vertex 20.5557 30 25.7059
      vertex 20.6221 18.6694 33.5241
      vertex 20.6221 30 25.5903
    endloop
  endfacet
  facet normal 0.714223 0.40146 0.573337
    outer loop
      vertex 19.8572 30.4093 26.4269
      vertex 19.8572 19.1972 34.2778
      vertex 19.9378 30.7519 26.0866
    endloop
  endfacet
  facet normal 0.971179 -0.134401 -0.196845
    outer loop
      vertex 21.3176 1.85337 0.22788
      vertex 21.3085 1.61779 0.343832
      vertex 21.3175 1.85194 0.228363
    endloop
  endfacet
  facet normal 0.975253 -0.126814 -0.18111
    outer loop
      vertex 21.3176 0.806674 0.960782
      vertex 21.3085 1.61779 0.343832
      vertex 21.3176 1.85337 0.22788
    endloop
  endfacet
  facet normal 0.975123 -0.127161 -0.181565
    outer loop
      vertex 21.3085 1.61779 0.343832
      vertex 21.3176 0.806674 0.960782
      vertex 21.31 0.930438 0.833285
    endloop
  endfacet
  facet normal 0.975051 -0.127395 -0.181787
    outer loop
      vertex 21.31 0.930438 0.833285
      vertex 21.3176 0.806674 0.960782
      vertex 21.3117 0.878677 0.878677
    endloop
  endfacet
  facet normal 1 0 0
    outer loop
      vertex 21.4 40.5142 14.134
      vertex 21.4 41.4 12.0056
      vertex 21.4 41.3743 12.3972
    endloop
  endfacet
  facet normal 1 0 0
    outer loop
      vertex 21.4 41.4 12.0056
      vertex 21.4 38.4 0
      vertex 21.4 41.4 3
    endloop
  endfacet
  facet normal 1 0 0
    outer loop
      vertex 21.4 40.5142 14.134
      vertex 21.4 41.3743 12.3972
      vertex 21.4 41.2978 12.7821
    endloop
  endfacet
  facet normal 1 0 0
    outer loop
      vertex 21.4 41.4 3
      vertex 21.4 38.4 0
      vertex 21.4 41.3743 2.60843
    endloop
  endfacet
  facet normal 1 0 0
    outer loop
      vertex 21.4 40.5142 14.134
      vertex 21.4 41.2978 12.7821
      vertex 21.4 41.1716 13.1537
    endloop
  endfacet
  facet normal 1 0 0
    outer loop
      vertex 21.4 41.3743 2.60843
      vertex 21.4 38.4 0
      vertex 21.4 41.2978 2.22354
    endloop
  endfacet
  facet normal 1 0 0
    outer loop
      vertex 21.4 40.5142 14.134
      vertex 21.4 41.1716 13.1537
      vertex 21.4 40.9981 13.5056
    endloop
  endfacet
  facet normal 1 0 0
    outer loop
      vertex 21.4 41.2978 2.22354
      vertex 21.4 38.4 0
      vertex 21.4 41.1716 1.85194
    endloop
  endfacet
  facet normal 1 0 0
    outer loop
      vertex 21.4 40.5142 14.134
      vertex 21.4 40.9981 13.5056
      vertex 21.4 40.7801 13.8319
    endloop
  endfacet
  facet normal 1 0 0
    outer loop
      vertex 21.4 41.1716 1.85194
      vertex 21.4 38.4 0
      vertex 21.4 40.9981 1.5
    endloop
  endfacet
  facet normal 1 0 0
    outer loop
      vertex 21.4 40.9981 1.5
      vertex 21.4 38.4 0
      vertex 21.4 40.7801 1.17372
    endloop
  endfacet
  facet normal 1 0 0
    outer loop
      vertex 21.4 41.4 12.0056
      vertex 21.4 40.5142 14.134
      vertex 21.4 37.5798 17.0489
    endloop
  endfacet
  facet normal 1 0 0
    outer loop
      vertex 21.4 40.7801 1.17372
      vertex 21.4 38.4 0
      vertex 21.4 40.5213 0.878677
    endloop
  endfacet
  facet normal 1 0 0
    outer loop
      vertex 21.4 40.5213 0.878677
      vertex 21.4 38.4 0
      vertex 21.4 40.2263 0.619934
    endloop
  endfacet
  facet normal 1 0 0
    outer loop
      vertex 21.4 40.2263 0.619934
      vertex 21.4 38.4 0
      vertex 21.4 39.9 0.401917
    endloop
  endfacet
  facet normal 1 0 0
    outer loop
      vertex 21.4 39.9 0.401917
      vertex 21.4 38.4 0
      vertex 21.4 39.548 0.228363
    endloop
  endfacet
  facet normal 1 0 0
    outer loop
      vertex 21.4 39.548 0.228363
      vertex 21.4 38.4 0
      vertex 21.4 39.1765 0.102219
    endloop
  endfacet
  facet normal 1 0 0
    outer loop
      vertex 21.4 39.1765 0.102219
      vertex 21.4 38.4 0
      vertex 21.4 38.7916 0.0256653
    endloop
  endfacet
  facet normal 1 0 0
    outer loop
      vertex 21.4 41.4 12.0056
      vertex 21.4 37.5798 17.0489
      vertex 21.4 38.4 0
    endloop
  endfacet
  facet normal 1 0 0
    outer loop
      vertex 21.4 3.73849 0
      vertex 21.4 37.5798 17.0489
      vertex 21.4 17.1499 31.354
    endloop
  endfacet
  facet normal 1 0 0
    outer loop
      vertex 21.4 37.5798 17.0489
      vertex 21.4 3.73849 0
      vertex 21.4 38.4 0
    endloop
  endfacet
  facet normal 1 -0 0
    outer loop
      vertex 21.4 0 6.8614
      vertex 21.4 3.73849 0
      vertex 21.4 17.1499 31.354
    endloop
  endfacet
  facet normal 1 -0 0
    outer loop
      vertex 21.4 0 3
      vertex 21.4 3.73849 0
      vertex 21.4 0 6.8614
    endloop
  endfacet
  facet normal 1 0 0
    outer loop
      vertex 21.4 3.73849 0
      vertex 21.4 0 3
      vertex 21.4 0.0276717 2.59834
    endloop
  endfacet
  facet normal 1 0 0
    outer loop
      vertex 21.4 0.0276717 2.59834
      vertex 21.4 0 3
      vertex 21.4 0.0256653 2.60843
    endloop
  endfacet
  facet normal 0.998681 -0.0294548 -0.0420658
    outer loop
      vertex 21.4 0.0276717 2.59834
      vertex 21.3964 3.61643 0
      vertex 21.4 3.73849 0
    endloop
  endfacet
  facet normal 0.998684 -0.0294187 -0.0420161
    outer loop
      vertex 21.3964 3.61643 0
      vertex 21.4 0.0276717 2.59834
      vertex 21.3987 0.034813 2.56244
    endloop
  endfacet
  facet normal -0.998696 0.0292765 0.0418114
    outer loop
      vertex -21.4 17.1499 31.354
      vertex -21.3745 35.5021 19.1128
      vertex -21.4 37.5798 17.0489
    endloop
  endfacet
  facet normal -0.998697 0.029276 0.0418106
    outer loop
      vertex -21.3745 35.5021 19.1128
      vertex -21.4 17.1499 31.354
      vertex -21.3745 17.4361 31.7627
    endloop
  endfacet
  facet normal -1 0 0
    outer loop
      vertex -21.4 38.4 0
      vertex -21.4 41.4 3
      vertex -21.4 41.3743 2.60843
    endloop
  endfacet
  facet normal -1 -0 0
    outer loop
      vertex -21.4 41.4 3
      vertex -21.4 38.4 0
      vertex -21.4 41.4 12.0056
    endloop
  endfacet
  facet normal -1 0 0
    outer loop
      vertex -21.4 38.4 0
      vertex -21.4 41.3743 2.60843
      vertex -21.4 41.2978 2.22354
    endloop
  endfacet
  facet normal -1 0 0
    outer loop
      vertex -21.4 37.5798 17.0489
      vertex -21.4 41.4 12.0056
      vertex -21.4 38.4 0
    endloop
  endfacet
  facet normal -1 0 0
    outer loop
      vertex -21.4 38.4 0
      vertex -21.4 41.2978 2.22354
      vertex -21.4 41.1716 1.85194
    endloop
  endfacet
  facet normal -1 -0 -0
    outer loop
      vertex -21.4 40.5142 14.134
      vertex -21.4 41.4 12.0056
      vertex -21.4 37.5798 17.0489
    endloop
  endfacet
  facet normal -1 0 0
    outer loop
      vertex -21.4 38.4 0
      vertex -21.4 41.1716 1.85194
      vertex -21.4 40.9981 1.5
    endloop
  endfacet
  facet normal -1 0 0
    outer loop
      vertex -21.4 41.3743 12.3972
      vertex -21.4 40.5142 14.134
      vertex -21.4 41.2978 12.7821
    endloop
  endfacet
  facet normal -1 0 0
    outer loop
      vertex -21.4 38.4 0
      vertex -21.4 40.9981 1.5
      vertex -21.4 40.7801 1.17372
    endloop
  endfacet
  facet normal -1 0 0
    outer loop
      vertex -21.4 41.2978 12.7821
      vertex -21.4 40.5142 14.134
      vertex -21.4 41.1716 13.1537
    endloop
  endfacet
  facet normal -1 0 0
    outer loop
      vertex -21.4 38.4 0
      vertex -21.4 40.7801 1.17372
      vertex -21.4 40.5213 0.878677
    endloop
  endfacet
  facet normal -1 0 0
    outer loop
      vertex -21.4 41.1716 13.1537
      vertex -21.4 40.5142 14.134
      vertex -21.4 40.9981 13.5056
    endloop
  endfacet
  facet normal -1 0 0
    outer loop
      vertex -21.4 38.4 0
      vertex -21.4 40.5213 0.878677
      vertex -21.4 40.2263 0.619934
    endloop
  endfacet
  facet normal -1 0 0
    outer loop
      vertex -21.4 38.4 0
      vertex -21.4 40.2263 0.619934
      vertex -21.4 39.9 0.401917
    endloop
  endfacet
  facet normal -1 0 0
    outer loop
      vertex -21.4 38.4 0
      vertex -21.4 39.9 0.401917
      vertex -21.4 39.548 0.228363
    endloop
  endfacet
  facet normal -1 0 0
    outer loop
      vertex -21.4 38.4 0
      vertex -21.4 39.548 0.228363
      vertex -21.4 39.1765 0.102219
    endloop
  endfacet
  facet normal -1 0 0
    outer loop
      vertex -21.4 38.4 0
      vertex -21.4 39.1765 0.102219
      vertex -21.4 38.7916 0.0256653
    endloop
  endfacet
  facet normal -1 0 0
    outer loop
      vertex -21.4 40.9981 13.5056
      vertex -21.4 40.5142 14.134
      vertex -21.4 40.7801 13.8319
    endloop
  endfacet
  facet normal -1 0 0
    outer loop
      vertex -21.4 41.4 12.0056
      vertex -21.4 40.5142 14.134
      vertex -21.4 41.3743 12.3972
    endloop
  endfacet
  facet normal -1 0 0
    outer loop
      vertex -21.4 3.73849 0
      vertex -21.4 37.5798 17.0489
      vertex -21.4 38.4 0
    endloop
  endfacet
  facet normal -1 -0 0
    outer loop
      vertex -21.4 37.5798 17.0489
      vertex -21.4 3.73849 0
      vertex -21.4 17.1499 31.354
    endloop
  endfacet
  facet normal -1 0 0
    outer loop
      vertex -21.4 0 3
      vertex -21.4 3.73849 0
      vertex -21.4 0.0276717 2.59834
    endloop
  endfacet
  facet normal -1 0 0
    outer loop
      vertex -21.4 0 3
      vertex -21.4 0.0276717 2.59834
      vertex -21.4 0.0256653 2.60843
    endloop
  endfacet
  facet normal -1 0 0
    outer loop
      vertex -21.4 0 6.8614
      vertex -21.4 3.73849 0
      vertex -21.4 0 3
    endloop
  endfacet
  facet normal -1 0 0
    outer loop
      vertex -21.4 3.73849 0
      vertex -21.4 0 6.8614
      vertex -21.4 17.1499 31.354
    endloop
  endfacet
  facet normal -0 0.573582 0.819148
    outer loop
      vertex -16.5 24.8674 31.932
      vertex 16.5 19.9605 35.3679
      vertex 16.5 24.8674 31.932
    endloop
  endfacet
  facet normal 0 0.573582 0.819148
    outer loop
      vertex 16.5 19.9605 35.3679
      vertex -16.5 24.8674 31.932
      vertex -16.5 19.9605 35.3679
    endloop
  endfacet
  facet normal -1.07898e-05 -0.818506 0.574498
    outer loop
      vertex -16.8994 19.9511 35.3545
      vertex -17.2961 19.9231 35.3146
      vertex -16.5 19.9605 35.3679
    endloop
  endfacet
  facet normal -6.59704e-07 -0.819102 0.573647
    outer loop
      vertex -16.5 19.9605 35.3679
      vertex -18.0711 19.8121 35.156
      vertex 17.3946 19.9132 35.3004
    endloop
  endfacet
  facet normal 0.0510243 0.572822 0.81809
    outer loop
      vertex 16.561 24.8803 31.9192
      vertex 16.9989 19.9458 35.347
      vertex 16.9989 24.9734 31.8267
    endloop
  endfacet
  facet normal 0.0511493 0.572826 0.818079
    outer loop
      vertex 16.9989 19.9458 35.347
      vertex 16.561 24.8803 31.9192
      vertex 16.5 19.9605 35.3679
    endloop
  endfacet
  facet normal -0.00020151 -0.8202 0.572077
    outer loop
      vertex 16.9989 19.9458 35.347
      vertex 16.5 19.9605 35.3679
      vertex 17.3946 19.9132 35.3004
    endloop
  endfacet
  facet normal 0.00221102 -0.818955 0.573853
    outer loop
      vertex 21.3349 17.6066 32.0062
      vertex 21.2539 17.8311 32.3269
      vertex 21.3837 17.379 31.6812
    endloop
  endfacet
  facet normal -0.00126706 -0.819285 0.573385
    outer loop
      vertex 21.2539 17.8311 32.3269
      vertex 21.1413 18.0511 32.641
      vertex 21.3837 17.379 31.6812
    endloop
  endfacet
  facet normal 0.989612 -0.0824602 -0.117766
    outer loop
      vertex 21.324 2.00246 0.177267
      vertex 21.3176 0.806674 0.960782
      vertex 21.3176 1.85337 0.22788
    endloop
  endfacet
  facet normal 0.989531 -0.0827639 -0.11823
    outer loop
      vertex 21.3176 0.806674 0.960782
      vertex 21.324 2.00246 0.177267
      vertex 21.3222 0.719237 1.06049
    endloop
  endfacet
  facet normal 0 -0.818947 0.573869
    outer loop
      vertex 16.5 19.9605 35.3679
      vertex -16.5 19.9605 35.3679
      vertex 17.3946 19.9132 35.3004
    endloop
  endfacet
  facet normal -0.000608816 -0.81911 0.573636
    outer loop
      vertex -21.3745 17.4361 31.7627
      vertex -21.4 17.1499 31.354
      vertex -21.3176 17.6631 32.0869
    endloop
  endfacet
  facet normal -0.806634 0.33901 0.484163
    outer loop
      vertex -20.5672 18.7173 33.5925
      vertex -20.331 32 24.6855
      vertex -20.4897 32 24.4211
    endloop
  endfacet
  facet normal -0.806719 0.338946 0.484066
    outer loop
      vertex -20.331 32 24.6855
      vertex -20.5672 18.7173 33.5925
      vertex -20.331 18.9023 33.8566
    endloop
  endfacet
  facet normal -0.63927 0.441071 0.629913
    outer loop
      vertex -19.7837 19.236 34.3333
      vertex -19.4763 29.063 27.7643
      vertex -19.7837 30.1273 26.7071
    endloop
  endfacet
  facet normal -0.639251 0.44108 0.629926
    outer loop
      vertex -19.4763 29.063 27.7643
      vertex -19.7837 19.236 34.3333
      vertex -19.4763 19.3826 34.5426
    endloop
  endfacet
  facet normal 0.452115 0.511605 0.730652
    outer loop
      vertex 18.5355 26.7114 30.1003
      vertex 18.8921 19.6028 34.8571
      vertex 18.8921 27.4641 29.3526
    endloop
  endfacet
  facet normal 0.452202 0.511583 0.730614
    outer loop
      vertex 18.8921 19.6028 34.8571
      vertex 18.5355 26.7114 30.1003
      vertex 18.5355 19.7065 35.0052
    endloop
  endfacet
  facet normal 0.000251179 -0.819106 0.573642
    outer loop
      vertex 21.1413 18.0511 32.641
      vertex 20.6221 18.6694 33.5241
      vertex 21.3837 17.379 31.6812
    endloop
  endfacet
  facet normal 2.09859e-05 -0.819152 0.573576
    outer loop
      vertex 21.3249 0 6.8614
      vertex 21.4 17.1499 31.354
      vertex 20.6221 18.6694 33.5241
    endloop
  endfacet
  facet normal 0 -0.819152 0.573576
    outer loop
      vertex 21.4 17.1499 31.354
      vertex 21.3249 0 6.8614
      vertex 21.4 0 6.8614
    endloop
  endfacet
  facet normal 0.378013 0.531018 0.75837
    outer loop
      vertex 18.1655 26.0822 30.7253
      vertex 18.5355 19.7065 35.0052
      vertex 18.5355 26.7114 30.1003
    endloop
  endfacet
  facet normal 0.377855 0.531048 0.758428
    outer loop
      vertex 18.5355 19.7065 35.0052
      vertex 18.1655 26.0822 30.7253
      vertex 18.1655 19.7931 35.1289
    endloop
  endfacet
  facet normal 0.999168 0.0233869 0.0334001
    outer loop
      vertex 21.4 17.1499 31.354
      vertex 21.3837 35.9166 18.7011
      vertex 21.3837 17.379 31.6812
    endloop
  endfacet
  facet normal 0.999168 0.0233867 0.0333998
    outer loop
      vertex 21.3837 35.9166 18.7011
      vertex 21.4 17.1499 31.354
      vertex 21.4 37.5798 17.0489
    endloop
  endfacet
  facet normal 0.989903 -0.0814561 -0.116008
    outer loop
      vertex 21.3745 2.85506 0.00950002
      vertex 21.3334 2.22354 0.102219
      vertex 21.3561 2.60843 0.0256653
    endloop
  endfacet
  facet normal 0.989911 -0.0814466 -0.11594
    outer loop
      vertex 21.3745 2.85506 0.00950002
      vertex 21.324 2.00246 0.177267
      vertex 21.3334 2.22354 0.102219
    endloop
  endfacet
  facet normal 0.989842 -0.0815444 -0.116458
    outer loop
      vertex 21.3745 2.85506 0.00950002
      vertex 21.3222 0.719237 1.06049
      vertex 21.324 2.00246 0.177267
    endloop
  endfacet
  facet normal 0.989843 -0.0815443 -0.116457
    outer loop
      vertex 21.3745 0.230782 1.84704
      vertex 21.3222 0.719237 1.06049
      vertex 21.3745 2.85506 0.00950002
    endloop
  endfacet
  facet normal 0.989373 -0.0842831 -0.118479
    outer loop
      vertex 21.3222 0.719237 1.06049
      vertex 21.3478 0.401917 1.5
      vertex 21.3273 0.619934 1.17372
    endloop
  endfacet
  facet normal 0.98995 -0.0808442 -0.11603
    outer loop
      vertex 21.3222 0.719237 1.06049
      vertex 21.3745 0.230782 1.84704
      vertex 21.3478 0.401917 1.5
    endloop
  endfacet
  facet normal 0.998706 -0.0291626 -0.0416581
    outer loop
      vertex 21.3987 0.034813 2.56244
      vertex 21.3784 3 0
      vertex 21.3964 3.61643 0
    endloop
  endfacet
  facet normal 0.998669 -0.0296384 -0.0422084
    outer loop
      vertex 21.3784 3 0
      vertex 21.3987 0.034813 2.56244
      vertex 21.3745 2.85506 0.00950002
    endloop
  endfacet
  facet normal 0.998697 -0.0292693 -0.0418009
    outer loop
      vertex 21.3745 2.85506 0.00950002
      vertex 21.3987 0.034813 2.56244
      vertex 21.3745 0.230782 1.84704
    endloop
  endfacet
  facet normal 0.998712 -0.0289046 -0.0417015
    outer loop
      vertex 21.3865 0.102219 2.22354
      vertex 21.3745 0.230782 1.84704
      vertex 21.3987 0.034813 2.56244
    endloop
  endfacet
  facet normal 0.998209 0.0586565 -0.011786
    outer loop
      vertex 21.3745 0.230782 1.84704
      vertex 21.3865 0.102219 2.22354
      vertex 21.3747 0.228363 1.85194
    endloop
  endfacet
  facet normal -0.700049 0.409588 0.584952
    outer loop
      vertex -20.0692 31.2923 25.5498
      vertex -20.0692 19.0755 34.1041
      vertex -19.9854 30.9501 25.8897
    endloop
  endfacet
  facet normal 0 -0.819152 0.573576
    outer loop
      vertex -21.3916 0 6.8614
      vertex -21.4 17.1499 31.354
      vertex -21.4 0 6.8614
    endloop
  endfacet
  facet normal 0.000178293 -0.819152 0.573576
    outer loop
      vertex -21.4 17.1499 31.354
      vertex -21.3916 0 6.8614
      vertex -21.3176 17.6631 32.0869
    endloop
  endfacet
  facet normal -8.06054e-05 -0.818824 0.574045
    outer loop
      vertex -17.6876 19.8767 35.2482
      vertex -18.0711 19.8121 35.156
      vertex -16.5 19.9605 35.3679
    endloop
  endfacet
  facet normal -0.202642 0.56168 0.802155
    outer loop
      vertex -17.6876 19.8767 35.2482
      vertex -17.3473 25.1826 31.6189
      vertex -17.6876 25.4757 31.3277
    endloop
  endfacet
  facet normal -0.202619 0.561682 0.802159
    outer loop
      vertex -17.3473 25.1826 31.6189
      vertex -17.6876 19.8767 35.2482
      vertex -17.2961 19.9231 35.3146
    endloop
  endfacet
  facet normal -4.49385e-05 -0.819152 0.573577
    outer loop
      vertex -21.3176 17.6631 32.0869
      vertex -21.3711 0 6.8614
      vertex -21.1083 18.1052 32.7183
    endloop
  endfacet
  facet normal 0 -0.819152 0.573577
    outer loop
      vertex -21.3711 0 6.8614
      vertex -21.3176 17.6631 32.0869
      vertex -21.3916 0 6.8614
    endloop
  endfacet
  facet normal 0.0001339 -0.819254 0.573431
    outer loop
      vertex -19.4763 19.3826 34.5426
      vertex -20.331 18.9023 33.8566
      vertex -18.4442 19.7298 35.0384
    endloop
  endfacet
  facet normal 0.00032398 -0.819149 0.573581
    outer loop
      vertex -18.4442 19.7298 35.0384
      vertex -18.6558 18.5063 33.2912
      vertex -18.3581 18.6438 33.4874
    endloop
  endfacet
  facet normal -0.000169658 -0.819121 0.573621
    outer loop
      vertex -18.4442 19.7298 35.0384
      vertex -18.9301 18.3441 33.0595
      vertex -18.6558 18.5063 33.2912
    endloop
  endfacet
  facet normal -8.22766e-06 -0.81914 0.573594
    outer loop
      vertex -21.1083 18.1052 32.7183
      vertex -18.9301 18.3441 33.0595
      vertex -18.4442 19.7298 35.0384
    endloop
  endfacet
  facet normal 3.802e-05 -0.819278 0.573396
    outer loop
      vertex -18.9301 18.3441 33.0595
      vertex -21.1083 18.1052 32.7183
      vertex -19.1675 18.1638 32.8019
    endloop
  endfacet
  facet normal 1.9192e-05 -0.819073 0.573689
    outer loop
      vertex -21.1083 18.1052 32.7183
      vertex -19.3645 17.9681 32.5225
      vertex -19.1675 18.1638 32.8019
    endloop
  endfacet
  facet normal -2.06861e-05 -0.81924 0.573451
    outer loop
      vertex -21.1083 18.1052 32.7183
      vertex -19.5181 17.76 32.2252
      vertex -19.3645 17.9681 32.5225
    endloop
  endfacet
  facet normal 7.46955e-05 -0.819095 0.573657
    outer loop
      vertex -21.1083 18.1052 32.7183
      vertex -19.6259 17.5426 31.9148
      vertex -19.5181 17.76 32.2252
    endloop
  endfacet
  facet normal 1.32139e-05 -0.819149 0.573581
    outer loop
      vertex -21.1083 18.1052 32.7183
      vertex -19.6864 17.3193 31.5959
      vertex -19.6259 17.5426 31.9148
    endloop
  endfacet
  facet normal 5.78047e-05 -0.819122 0.573619
    outer loop
      vertex -21.1083 18.1052 32.7183
      vertex -19.7 17.1499 31.354
      vertex -19.6864 17.3193 31.5959
    endloop
  endfacet
  facet normal -4.1666e-06 -0.819152 0.573576
    outer loop
      vertex -19.7 17.1499 31.354
      vertex -21.1083 18.1052 32.7183
      vertex -19.7 11.1041 22.7197
    endloop
  endfacet
  facet normal -2.10739e-05 -0.819155 0.573572
    outer loop
      vertex -17.4664 0 6.8614
      vertex -17.5635 1.07941 8.40297
      vertex -17.6897 1.11004 8.44671
    endloop
  endfacet
  facet normal 3.9887e-06 -0.819154 0.573573
    outer loop
      vertex -17.4664 0 6.8614
      vertex -17.1846 1.01757 8.31465
      vertex -17.5635 1.07941 8.40297
    endloop
  endfacet
  facet normal 9.97015e-06 -0.819155 0.573573
    outer loop
      vertex -17.4664 0 6.8614
      vertex -16.9598 0.997554 8.28606
      vertex -17.1846 1.01757 8.31465
    endloop
  endfacet
  facet normal 0 -0.819153 0.573575
    outer loop
      vertex -16.9598 0.997554 8.28606
      vertex -17.4664 0 6.8614
      vertex -16.8807 0 6.8614
    endloop
  endfacet
  facet normal -0.926045 0.216483 0.309152
    outer loop
      vertex -21.1083 18.1052 32.7183
      vertex -21.0013 30 24.7095
      vertex -21.0451 30 24.5783
    endloop
  endfacet
  facet normal -0.925755 0.216884 0.30974
    outer loop
      vertex -21.1083 18.1052 32.7183
      vertex -21.0451 30 24.5783
      vertex -21.1083 30.6441 23.9384
    endloop
  endfacet
  facet normal -0.925827 0.216781 0.309597
    outer loop
      vertex -21.0013 30 24.7095
      vertex -21.1083 18.1052 32.7183
      vertex -20.9572 18.3175 33.0215
    endloop
  endfacet
  facet normal -0.999219 -0.0226495 -0.0323773
    outer loop
      vertex -21.4 0.0276717 2.59834
      vertex -21.3977 3.6405 0
      vertex -21.3992 0.0333762 2.56966
    endloop
  endfacet
  facet normal -0.999164 -0.0234522 -0.0334932
    outer loop
      vertex -21.3977 3.6405 0
      vertex -21.4 0.0276717 2.59834
      vertex -21.4 3.73849 0
    endloop
  endfacet
  facet normal -0.999166 -0.0234274 -0.0334577
    outer loop
      vertex -21.3992 0.0333762 2.56966
      vertex -21.3837 3.04216 0
      vertex -21.3837 0.175684 2.00713
    endloop
  endfacet
  facet normal -0.999124 -0.0247128 -0.0337817
    outer loop
      vertex -21.3992 0.0333762 2.56966
      vertex -21.3837 0.175684 2.00713
      vertex -21.3892 0.102219 2.22354
    endloop
  endfacet
  facet normal -0.999169 -0.0233786 -0.0334006
    outer loop
      vertex -21.3837 3.04216 0
      vertex -21.3992 0.0333762 2.56966
      vertex -21.3977 3.6405 0
    endloop
  endfacet
  facet normal -3.92095e-05 -0.819162 0.573562
    outer loop
      vertex 21.3837 17.379 31.6812
      vertex 20.6221 18.6694 33.5241
      vertex 21.4 17.1499 31.354
    endloop
  endfacet
  facet normal 0.992521 0.0700182 0.0999966
    outer loop
      vertex 21.3837 17.379 31.6812
      vertex 21.3349 34.2644 20.3423
      vertex 21.3349 17.6066 32.0062
    endloop
  endfacet
  facet normal 0.99252 0.0700242 0.100005
    outer loop
      vertex 21.3349 34.2644 20.3423
      vertex 21.3837 17.379 31.6812
      vertex 21.3837 35.9166 18.7011
    endloop
  endfacet
  facet normal 8.0167e-05 -0.819093 0.573661
    outer loop
      vertex 20.1369 19.0334 34.0439
      vertex 18.5355 19.7065 35.0052
      vertex 20.6221 18.6694 33.5241
    endloop
  endfacet
  facet normal 6.52218e-06 -0.819142 0.573591
    outer loop
      vertex 18.5355 19.7065 35.0052
      vertex 17.3946 19.9132 35.3004
      vertex 20.6221 18.6694 33.5241
    endloop
  endfacet
  facet normal -0.000190641 -0.8195 0.57308
    outer loop
      vertex 17.7843 19.8622 35.2276
      vertex 17.3946 19.9132 35.3004
      vertex 18.5355 19.7065 35.0052
    endloop
  endfacet
  facet normal 0.00110761 -0.818642 0.574304
    outer loop
      vertex 20.3925 18.8571 33.7921
      vertex 20.1369 19.0334 34.0439
      vertex 20.6221 18.6694 33.5241
    endloop
  endfacet
  facet normal 0.862603 0.29016 0.414395
    outer loop
      vertex 20.8244 30 25.1694
      vertex 20.7668 30 25.2893
      vertex 20.8244 18.4716 33.2416
    endloop
  endfacet
  facet normal 0.862575 0.290197 0.414428
    outer loop
      vertex 20.7568 32 23.9097
      vertex 20.8244 31.8302 23.8879
      vertex 20.8244 32 23.769
    endloop
  endfacet
  facet normal 0.862563 0.290189 0.414459
    outer loop
      vertex 20.8244 31.8302 23.8879
      vertex 20.7568 32 23.9097
      vertex 20.7599 31.3725 24.3426
    endloop
  endfacet
  facet normal 0.862547 0.290217 0.414472
    outer loop
      vertex 20.8244 18.4716 33.2416
      vertex 20.6221 30 25.5903
      vertex 20.6221 18.6694 33.5241
    endloop
  endfacet
  facet normal 0.862452 0.290306 0.414607
    outer loop
      vertex 20.6221 30 25.5903
      vertex 20.8244 18.4716 33.2416
      vertex 20.7668 30 25.2893
    endloop
  endfacet
  facet normal 0.862457 0.29029 0.414607
    outer loop
      vertex 20.6221 32 24.1899
      vertex 20.7599 31.3725 24.3426
      vertex 20.7568 32 23.9097
    endloop
  endfacet
  facet normal 0.862471 0.290287 0.414581
    outer loop
      vertex 20.7599 31.3725 24.3426
      vertex 20.6221 32 24.1899
      vertex 20.6221 30.3943 25.3142
    endloop
  endfacet
  facet normal 0.959493 0.161594 0.230781
    outer loop
      vertex 21.2539 17.8311 32.3269
      vertex 21.1413 31.037 23.5482
      vertex 21.1413 18.0511 32.641
    endloop
  endfacet
  facet normal 0.959506 0.161571 0.230746
    outer loop
      vertex 21.1413 31.037 23.5482
      vertex 21.2539 17.8311 32.3269
      vertex 21.2539 32.6342 21.9616
    endloop
  endfacet
  facet normal -0.359106 0.53532 0.76451
    outer loop
      vertex -18.4442 19.7298 35.0384
      vertex -18.0711 25.9447 30.8619
      vertex -18.4442 26.5423 30.2682
    endloop
  endfacet
  facet normal -0.359061 0.535328 0.764526
    outer loop
      vertex -18.0711 25.9447 30.8619
      vertex -18.4442 19.7298 35.0384
      vertex -18.0711 19.8121 35.156
    endloop
  endfacet
  facet normal 0.000262583 -0.820422 0.571759
    outer loop
      vertex -17.2961 19.9231 35.3146
      vertex -17.6876 19.8767 35.2482
      vertex -16.5 19.9605 35.3679
    endloop
  endfacet
  facet normal -0.755578 0.375726 0.536593
    outer loop
      vertex -20.0692 31.2923 25.5498
      vertex -20.1516 31.688 25.1567
      vertex -20.0692 19.0755 34.1041
    endloop
  endfacet
  facet normal -1.88559e-06 -0.819152 0.573577
    outer loop
      vertex -21.3711 0 6.8614
      vertex -19.7 11.1041 22.7197
      vertex -21.1083 18.1052 32.7183
    endloop
  endfacet
  facet normal -4.65945e-06 -0.819154 0.573574
    outer loop
      vertex -17.9264 1.1675 8.52877
      vertex -17.4664 0 6.8614
      vertex -17.6897 1.11004 8.44671
    endloop
  endfacet
  facet normal 5.52867e-06 -0.819152 0.573576
    outer loop
      vertex -18.2676 1.28049 8.69014
      vertex -17.4664 0 6.8614
      vertex -17.9264 1.1675 8.52877
    endloop
  endfacet
  facet normal -0.000294967 -0.819214 0.573487
    outer loop
      vertex -18.2985 1.2939 8.70928
      vertex -17.4664 0 6.8614
      vertex -18.2676 1.28049 8.69014
    endloop
  endfacet
  facet normal 2.0494e-06 -0.819154 0.573574
    outer loop
      vertex -21.3711 0 6.8614
      vertex -18.2985 1.2939 8.70928
      vertex -18.582 1.41668 8.88463
    endloop
  endfacet
  facet normal 6.05521e-06 -0.819156 0.573571
    outer loop
      vertex -21.3711 0 6.8614
      vertex -18.582 1.41668 8.88463
      vertex -18.837 1.55851 9.08719
    endloop
  endfacet
  facet normal 2.38088e-05 -0.819166 0.573557
    outer loop
      vertex -21.3711 0 6.8614
      vertex -18.837 1.55851 9.08719
      vertex -18.8648 1.57399 9.1093
    endloop
  endfacet
  facet normal -1.17257e-05 -0.819147 0.573584
    outer loop
      vertex -21.3711 0 6.8614
      vertex -18.8648 1.57399 9.1093
      vertex -19.1118 1.75005 9.36073
    endloop
  endfacet
  facet normal 4.76847e-05 -0.819172 0.573548
    outer loop
      vertex -21.3711 0 6.8614
      vertex -19.1118 1.75005 9.36073
      vertex -19.1322 1.76896 9.38774
    endloop
  endfacet
  facet normal -1.18635e-05 -0.819147 0.573583
    outer loop
      vertex -21.3711 0 6.8614
      vertex -19.1322 1.76896 9.38774
      vertex -19.3192 1.94219 9.63513
    endloop
  endfacet
  facet normal 0 -0.819152 0.573577
    outer loop
      vertex -18.2985 1.2939 8.70928
      vertex -21.3711 0 6.8614
      vertex -17.4664 0 6.8614
    endloop
  endfacet
  facet normal 2.40507e-05 -0.81916 0.573565
    outer loop
      vertex -19.4839 2.14748 9.92833
      vertex -21.3711 0 6.8614
      vertex -19.3192 1.94219 9.63513
    endloop
  endfacet
  facet normal 5.51977e-06 -0.819155 0.573573
    outer loop
      vertex -19.6033 2.36284 10.2359
      vertex -21.3711 0 6.8614
      vertex -19.4839 2.14748 9.92833
    endloop
  endfacet
  facet normal -8.62837e-05 -0.819132 0.573605
    outer loop
      vertex -19.6758 2.58497 10.5531
      vertex -21.3711 0 6.8614
      vertex -19.6033 2.36284 10.2359
    endloop
  endfacet
  facet normal -4.56295e-05 -0.819141 0.573593
    outer loop
      vertex -19.6976 2.78832 10.8435
      vertex -21.3711 0 6.8614
      vertex -19.6758 2.58497 10.5531
    endloop
  endfacet
  facet normal -0.000168463 -0.819116 0.573627
    outer loop
      vertex -19.7 2.81052 10.8752
      vertex -21.3711 0 6.8614
      vertex -19.6976 2.78832 10.8435
    endloop
  endfacet
  facet normal 1.79089e-05 -0.819153 0.573575
    outer loop
      vertex -19.7 11.1041 22.7197
      vertex -21.3711 0 6.8614
      vertex -19.7 2.81052 10.8752
    endloop
  endfacet
  facet normal -0.808811 0.337301 0.481718
    outer loop
      vertex -20.5672 30 25.6923
      vertex -20.5672 18.7173 33.5925
      vertex -20.5591 30 25.7059
    endloop
  endfacet
  facet normal -0.806813 0.338868 0.483963
    outer loop
      vertex -20.5672 30.0464 25.6598
      vertex -20.4897 32 24.4211
      vertex -20.5672 32 24.2919
    endloop
  endfacet
  facet normal -0.808572 0.337625 0.481892
    outer loop
      vertex -20.5591 30 25.7059
      vertex -20.4897 32 24.4211
      vertex -20.5672 30.0464 25.6598
    endloop
  endfacet
  facet normal -0.806554 0.339071 0.484253
    outer loop
      vertex -20.4897 32 24.4211
      vertex -20.5591 30 25.7059
      vertex -20.5672 18.7173 33.5925
    endloop
  endfacet
  facet normal -0.852107 0.300192 0.428718
    outer loop
      vertex -20.7764 18.522 33.3135
      vertex -20.5672 30 25.6923
      vertex -20.7764 30 25.2765
    endloop
  endfacet
  facet normal -0.852079 0.300216 0.428755
    outer loop
      vertex -20.5672 30 25.6923
      vertex -20.7764 18.522 33.3135
      vertex -20.5672 18.7173 33.5925
    endloop
  endfacet
  facet normal -0.852103 0.300205 0.428716
    outer loop
      vertex -20.7764 31.4649 24.2508
      vertex -20.5672 32 24.2919
      vertex -20.7764 32 23.8761
    endloop
  endfacet
  facet normal -0.852094 0.3002 0.428738
    outer loop
      vertex -20.5672 32 24.2919
      vertex -20.7764 31.4649 24.2508
      vertex -20.5672 30.0464 25.6598
    endloop
  endfacet
  facet normal 0.00076143 -0.819867 0.572553
    outer loop
      vertex -18.8043 19.6303 34.8964
      vertex -19.4763 19.3826 34.5426
      vertex -18.4442 19.7298 35.0384
    endloop
  endfacet
  facet normal -0.574257 0.469573 0.670619
    outer loop
      vertex -19.4763 29.063 27.7643
      vertex -19.4763 19.3826 34.5426
      vertex -19.3997 28.8392 27.9866
    endloop
  endfacet
  facet normal -0.978905 -0.116861 -0.167599
    outer loop
      vertex -21.3021 1.5 0.401917
      vertex -21.3349 2.18658 0.114766
      vertex -21.3144 1.85194 0.228363
    endloop
  endfacet
  facet normal -0.97935 -0.116031 -0.165564
    outer loop
      vertex -21.3003 1.17372 0.619934
      vertex -21.3349 2.18658 0.114766
      vertex -21.3021 1.5 0.401917
    endloop
  endfacet
  facet normal -0.979322 -0.11609 -0.165684
    outer loop
      vertex -21.3091 0.878677 0.878677
      vertex -21.3349 2.18658 0.114766
      vertex -21.3003 1.17372 0.619934
    endloop
  endfacet
  facet normal -0.978304 -0.119779 -0.169037
    outer loop
      vertex -21.3349 0.57219 1.24517
      vertex -21.3091 0.878677 0.878677
      vertex -21.3284 0.619934 1.17372
    endloop
  endfacet
  facet normal -0.97917 -0.11646 -0.166322
    outer loop
      vertex -21.3091 0.878677 0.878677
      vertex -21.3349 0.57219 1.24517
      vertex -21.3349 2.18658 0.114766
    endloop
  endfacet
  facet normal 0.97422 -0.129232 -0.184916
    outer loop
      vertex 21.3085 1.61779 0.343832
      vertex 21.302 1.17372 0.619934
      vertex 21.3039 1.5 0.401917
    endloop
  endfacet
  facet normal 0.975122 -0.127163 -0.181566
    outer loop
      vertex 21.302 1.17372 0.619934
      vertex 21.3085 1.61779 0.343832
      vertex 21.31 0.930438 0.833285
    endloop
  endfacet
  facet normal 0.222628 0.559188 0.79859
    outer loop
      vertex 17.3946 25.2103 31.5914
      vertex 17.7843 19.8622 35.2276
      vertex 17.7843 25.5807 31.2234
    endloop
  endfacet
  facet normal 0.222379 0.559207 0.798646
    outer loop
      vertex 17.7843 19.8622 35.2276
      vertex 17.3946 25.2103 31.5914
      vertex 17.3946 19.9132 35.3004
    endloop
  endfacet
  facet normal -0.00113048 -0.819543 0.573016
    outer loop
      vertex 20.8244 18.4716 33.2416
      vertex 20.6221 18.6694 33.5241
      vertex 20.9978 18.2651 32.9466
    endloop
  endfacet
  facet normal 0.000792736 -0.818956 0.573856
    outer loop
      vertex 20.9978 18.2651 32.9466
      vertex 20.6221 18.6694 33.5241
      vertex 21.1413 18.0511 32.641
    endloop
  endfacet
  facet normal -0.281611 0.550364 0.785999
    outer loop
      vertex -18.0711 19.8121 35.156
      vertex -17.6876 25.4757 31.3277
      vertex -18.0711 25.9447 30.8619
    endloop
  endfacet
  facet normal -0.281671 0.550357 0.785983
    outer loop
      vertex -17.6876 25.4757 31.3277
      vertex -18.0711 19.8121 35.156
      vertex -17.6876 19.8767 35.2482
    endloop
  endfacet
  facet normal -0.433782 0.516803 0.73807
    outer loop
      vertex -18.8043 19.6303 34.8964
      vertex -18.4442 26.5423 30.2682
      vertex -18.8043 27.2646 29.5508
    endloop
  endfacet
  facet normal -0.433834 0.516791 0.738048
    outer loop
      vertex -18.4442 26.5423 30.2682
      vertex -18.8043 19.6303 34.8964
      vertex -18.4442 19.7298 35.0384
    endloop
  endfacet
  facet normal -0.202436 0.561705 0.802189
    outer loop
      vertex -17.2961 25.1385 31.6627
      vertex -17.3473 25.1826 31.6189
      vertex -17.2961 19.9231 35.3146
    endloop
  endfacet
  facet normal -0.122039 0.569293 0.813026
    outer loop
      vertex -17.2961 19.9231 35.3146
      vertex -16.8994 24.9352 31.8646
      vertex -17.2961 25.1385 31.6627
    endloop
  endfacet
  facet normal -0.121957 0.569294 0.813038
    outer loop
      vertex -16.8994 24.9352 31.8646
      vertex -17.2961 19.9231 35.3146
      vertex -16.8994 19.9511 35.3545
    endloop
  endfacet
  facet normal -0.0408333 0.573098 0.818469
    outer loop
      vertex -16.8994 19.9511 35.3545
      vertex -16.5 24.8674 31.932
      vertex -16.8994 24.9352 31.8646
    endloop
  endfacet
  facet normal -0.0409477 0.573101 0.818461
    outer loop
      vertex -16.5 24.8674 31.932
      vertex -16.8994 19.9511 35.3545
      vertex -16.5 19.9605 35.3679
    endloop
  endfacet
  facet normal 0.00279332 -0.820212 0.572054
    outer loop
      vertex -20.5672 18.7173 33.5925
      vertex -20.7764 18.522 33.3135
      vertex -20.331 18.9023 33.8566
    endloop
  endfacet
  facet normal 0.00151595 -0.820061 0.572274
    outer loop
      vertex -20.0692 19.0755 34.1041
      vertex -20.331 18.9023 33.8566
      vertex -19.4763 19.3826 34.5426
    endloop
  endfacet
  facet normal -0.974952 0.127574 0.182193
    outer loop
      vertex -21.3176 17.6631 32.0869
      vertex -21.2287 32.2314 22.3617
      vertex -21.3176 33.8543 20.7496
    endloop
  endfacet
  facet normal -0.974949 0.12758 0.182202
    outer loop
      vertex -21.2287 32.2314 22.3617
      vertex -21.3176 17.6631 32.0869
      vertex -21.2287 17.8866 32.4061
    endloop
  endfacet
  facet normal -0.000237845 -0.818976 0.573828
    outer loop
      vertex -19.1491 19.5143 34.7307
      vertex -19.4763 19.3826 34.5426
      vertex -18.8043 19.6303 34.8964
    endloop
  endfacet
  facet normal -0.506261 0.494642 0.706421
    outer loop
      vertex -18.8043 27.2646 29.5508
      vertex -18.8713 27.4281 29.3883
      vertex -18.8043 19.6303 34.8964
    endloop
  endfacet
  facet normal 1.04281e-06 -0.819299 0.573367
    outer loop
      vertex -18.0711 19.8121 35.156
      vertex -18.4442 19.7298 35.0384
      vertex 17.3946 19.9132 35.3004
    endloop
  endfacet
  facet normal 0.000139864 -0.819028 0.573753
    outer loop
      vertex -18.4442 19.7298 35.0384
      vertex -16.8545 18.9728 33.9574
      vertex -16.5 18.9854 33.9753
    endloop
  endfacet
  facet normal -0.000602938 -0.819541 0.57302
    outer loop
      vertex -18.4442 19.7298 35.0384
      vertex -16.8932 18.9715 33.9555
      vertex -16.8545 18.9728 33.9574
    endloop
  endfacet
  facet normal 0.000130453 -0.819048 0.573725
    outer loop
      vertex -18.4442 19.7298 35.0384
      vertex -17.2805 18.9299 33.8962
      vertex -16.8932 18.9715 33.9555
    endloop
  endfacet
  facet normal -0.00238803 -0.82025 0.572
    outer loop
      vertex -17.2805 18.9299 33.8962
      vertex -18.4442 19.7298 35.0384
      vertex -17.2999 18.9264 33.8911
    endloop
  endfacet
  facet normal -1.27849e-06 -0.81915 0.57358
    outer loop
      vertex -16.5 18.9854 33.9753
      vertex 17.3946 19.9132 35.3004
      vertex -18.4442 19.7298 35.0384
    endloop
  endfacet
  facet normal 0 -0.819165 0.573558
    outer loop
      vertex 16.5 18.9854 33.9753
      vertex 17.3946 19.9132 35.3004
      vertex -16.5 18.9854 33.9753
    endloop
  endfacet
  facet normal -7.59462e-05 -0.819141 0.573592
    outer loop
      vertex 16.7953 18.9776 33.9642
      vertex 17.3946 19.9132 35.3004
      vertex 16.5 18.9854 33.9753
    endloop
  endfacet
  facet normal 5.90199e-05 -0.819169 0.573552
    outer loop
      vertex 17.1846 18.9429 33.9146
      vertex 17.3946 19.9132 35.3004
      vertex 16.7953 18.9776 33.9642
    endloop
  endfacet
  facet normal -0.000195691 -0.819151 0.573577
    outer loop
      vertex 17.3946 19.9132 35.3004
      vertex 17.1846 18.9429 33.9146
      vertex 17.3584 18.9145 33.8741
    endloop
  endfacet
  facet normal 0 -0.819152 0.573576
    outer loop
      vertex 16.6739 0 6.8614
      vertex 16.5 0.975081 8.25396
      vertex 9.65706 0 6.8614
    endloop
  endfacet
  facet normal -4.64807e-06 -0.819152 0.573576
    outer loop
      vertex 16.5 0.975081 8.25396
      vertex 16.6739 0 6.8614
      vertex 16.7094 0.982488 8.26454
    endloop
  endfacet
  facet normal 0 -0.819152 0.573576
    outer loop
      vertex 8.26824 0.975081 8.25396
      vertex 9.65706 0 6.8614
      vertex 16.5 0.975081 8.25396
    endloop
  endfacet
  facet normal -0.000128191 -0.819233 0.573461
    outer loop
      vertex 19.5551 19.3473 34.4922
      vertex 19.2327 19.4828 34.6857
      vertex 20.1369 19.0334 34.0439
    endloop
  endfacet
  facet normal 0.000790842 -0.818672 0.574261
    outer loop
      vertex 19.8572 19.1972 34.2778
      vertex 19.5551 19.3473 34.4922
      vertex 20.1369 19.0334 34.0439
    endloop
  endfacet
  facet normal 0.301322 0.546912 0.781084
    outer loop
      vertex 18.1655 26.0822 30.7253
      vertex 18.1068 26.005 30.802
      vertex 18.1655 19.7931 35.1289
    endloop
  endfacet
  facet normal 0.933339 0.205913 0.294073
    outer loop
      vertex 21.1413 18.0511 32.641
      vertex 20.9978 30 24.7297
      vertex 20.9978 18.2651 32.9466
    endloop
  endfacet
  facet normal 0.933345 0.205904 0.294059
    outer loop
      vertex 20.9978 30 24.7297
      vertex 21.1413 18.0511 32.641
      vertex 21.0455 30 24.5783
    endloop
  endfacet
  facet normal 0.933313 0.205951 0.294129
    outer loop
      vertex 21.0455 30 24.5783
      vertex 21.1413 18.0511 32.641
      vertex 21.1413 31.037 23.5482
    endloop
  endfacet
  facet normal 3.22231e-05 -0.819164 0.57356
    outer loop
      vertex -21.2287 17.8866 32.4061
      vertex -21.3176 17.6631 32.0869
      vertex -21.1083 18.1052 32.7183
    endloop
  endfacet
  facet normal -0.98982 0.0816356 0.116587
    outer loop
      vertex -21.3745 17.4361 31.7627
      vertex -21.3176 33.8543 20.7496
      vertex -21.3501 34.7957 19.8145
    endloop
  endfacet
  facet normal -0.989823 0.0816243 0.116571
    outer loop
      vertex -21.3176 33.8543 20.7496
      vertex -21.3745 17.4361 31.7627
      vertex -21.3176 17.6631 32.0869
    endloop
  endfacet
  facet normal -9.19049e-05 -0.819104 0.573645
    outer loop
      vertex -20.7764 18.522 33.3135
      vertex -21.1083 18.1052 32.7183
      vertex -20.331 18.9023 33.8566
    endloop
  endfacet
  facet normal -4.63363e-05 -0.819119 0.573624
    outer loop
      vertex -20.331 18.9023 33.8566
      vertex -21.1083 18.1052 32.7183
      vertex -18.4442 19.7298 35.0384
    endloop
  endfacet
  facet normal -0.953548 0.172786 0.246763
    outer loop
      vertex -21.2287 17.8866 32.4061
      vertex -21.1083 30.6441 23.9384
      vertex -21.2287 32.2314 22.3617
    endloop
  endfacet
  facet normal -0.95355 0.172782 0.246756
    outer loop
      vertex -21.1083 30.6441 23.9384
      vertex -21.2287 17.8866 32.4061
      vertex -21.1083 18.1052 32.7183
    endloop
  endfacet
  facet normal 0.000980441 -0.819385 0.573243
    outer loop
      vertex -20.9572 18.3175 33.0215
      vertex -21.1083 18.1052 32.7183
      vertex -20.7764 18.522 33.3135
    endloop
  endfacet
  facet normal -0.755719 0.375643 0.536453
    outer loop
      vertex -20.331 32 24.6855
      vertex -20.1516 31.688 25.1567
      vertex -20.2165 32 24.8468
    endloop
  endfacet
  facet normal -0.755734 0.375623 0.536445
    outer loop
      vertex -20.331 18.9023 33.8566
      vertex -20.1516 31.688 25.1567
      vertex -20.331 32 24.6855
    endloop
  endfacet
  facet normal -0.755696 0.375647 0.536482
    outer loop
      vertex -20.1516 31.688 25.1567
      vertex -20.331 18.9023 33.8566
      vertex -20.0692 19.0755 34.1041
    endloop
  endfacet
  facet normal -0.505802 0.494792 0.706643
    outer loop
      vertex -19.1491 19.5143 34.7307
      vertex -18.8713 27.4281 29.3883
      vertex -19.1491 28.1067 28.7143
    endloop
  endfacet
  facet normal -0.505988 0.494735 0.70655
    outer loop
      vertex -18.8713 27.4281 29.3883
      vertex -19.1491 19.5143 34.7307
      vertex -18.8043 19.6303 34.8964
    endloop
  endfacet
  facet normal -0.574617 0.469431 0.67041
    outer loop
      vertex -19.4763 19.3826 34.5426
      vertex -19.1491 28.1067 28.7143
      vertex -19.3997 28.8392 27.9866
    endloop
  endfacet
  facet normal -0.57444 0.469496 0.670517
    outer loop
      vertex -19.1491 28.1067 28.7143
      vertex -19.4763 19.3826 34.5426
      vertex -19.1491 19.5143 34.7307
    endloop
  endfacet
  facet normal -0.00016727 -0.819343 0.573303
    outer loop
      vertex 18.8921 19.6028 34.8571
      vertex 18.5355 19.7065 35.0052
      vertex 19.2327 19.4828 34.6857
    endloop
  endfacet
  facet normal 0.523508 0.4887 0.697934
    outer loop
      vertex 18.8921 27.4641 29.3526
      vertex 19.2327 19.4828 34.6857
      vertex 19.2327 28.3353 28.4871
    endloop
  endfacet
  facet normal 0.523429 0.488724 0.697976
    outer loop
      vertex 19.2327 19.4828 34.6857
      vertex 18.8921 27.4641 29.3526
      vertex 18.8921 19.6028 34.8571
    endloop
  endfacet
  facet normal 0.654788 0.433516 0.619126
    outer loop
      vertex 19.8572 19.1972 34.2778
      vertex 19.5551 29.3192 27.5098
      vertex 19.5551 19.3473 34.4922
    endloop
  endfacet
  facet normal 0.654894 0.433467 0.619047
    outer loop
      vertex 19.5551 29.3192 27.5098
      vertex 19.8572 19.1972 34.2778
      vertex 19.8572 30.4093 26.4269
    endloop
  endfacet
  facet normal -1.9257e-05 -0.819228 0.573468
    outer loop
      vertex 18.1655 19.7931 35.1289
      vertex 17.7843 19.8622 35.2276
      vertex 18.5355 19.7065 35.0052
    endloop
  endfacet
  facet normal 0.301094 0.546951 0.781144
    outer loop
      vertex 17.7843 25.5807 31.2234
      vertex 18.1655 19.7931 35.1289
      vertex 18.1068 26.005 30.802
    endloop
  endfacet
  facet normal 0.301371 0.546915 0.781063
    outer loop
      vertex 18.1655 19.7931 35.1289
      vertex 17.7843 25.5807 31.2234
      vertex 17.7843 19.8622 35.2276
    endloop
  endfacet
  facet normal 0.000618012 -0.819493 0.573089
    outer loop
      vertex -19.7837 19.236 34.3333
      vertex -20.0692 19.0755 34.1041
      vertex -19.4763 19.3826 34.5426
    endloop
  endfacet
  facet normal -0.69988 0.409682 0.585089
    outer loop
      vertex -20.0692 19.0755 34.1041
      vertex -19.7837 30.1273 26.7071
      vertex -19.9854 30.9501 25.8897
    endloop
  endfacet
  facet normal -0.699952 0.409643 0.585029
    outer loop
      vertex -19.7837 30.1273 26.7071
      vertex -20.0692 19.0755 34.1041
      vertex -19.7837 19.236 34.3333
    endloop
  endfacet
  facet normal -0.925749 0.216892 0.309754
    outer loop
      vertex -20.9572 30 24.8413
      vertex -21.0013 30 24.7095
      vertex -20.9572 18.3175 33.0215
    endloop
  endfacet
  facet normal -0.891858 0.259438 0.370515
    outer loop
      vertex -20.9572 18.3175 33.0215
      vertex -20.7764 30 25.2765
      vertex -20.9572 30 24.8413
    endloop
  endfacet
  facet normal -0.891855 0.259441 0.37052
    outer loop
      vertex -20.7764 30 25.2765
      vertex -20.9572 18.3175 33.0215
      vertex -20.7764 18.522 33.3135
    endloop
  endfacet
  facet normal -0.891807 0.259504 0.370592
    outer loop
      vertex -20.7764 32 23.8761
      vertex -20.8416 32 23.7192
      vertex -20.7764 31.4649 24.2508
    endloop
  endfacet
  facet normal 0.59102 0.462679 0.660775
    outer loop
      vertex 19.2327 28.3353 28.4871
      vertex 19.5551 19.3473 34.4922
      vertex 19.5551 29.3192 27.5098
    endloop
  endfacet
  facet normal 0.591036 0.462673 0.660764
    outer loop
      vertex 19.5551 19.3473 34.4922
      vertex 19.2327 28.3353 28.4871
      vertex 19.2327 19.4828 34.6857
    endloop
  endfacet
  facet normal 0 0 -1
    outer loop
      vertex 21.4 3.73849 0
      vertex 17.4411 19.9319 0
      vertex 17.465 20.4603 0
    endloop
  endfacet
  facet normal 0 0 -1
    outer loop
      vertex 21.3964 3.61643 0
      vertex 17.4342 19.7784 0
      vertex 17.4411 19.9319 0
    endloop
  endfacet
  facet normal 0 0 -1
    outer loop
      vertex 21.3964 3.61643 0
      vertex 17.4142 19.6328 0
      vertex 17.4342 19.7784 0
    endloop
  endfacet
  facet normal 0 0 -1
    outer loop
      vertex 21.3964 3.61643 0
      vertex 17.3426 19.1134 0
      vertex 17.4142 19.6328 0
    endloop
  endfacet
  facet normal 0 0 -1
    outer loop
      vertex 21.3964 3.61643 0
      vertex 17.1925 18.4815 0
      vertex 17.3426 19.1134 0
    endloop
  endfacet
  facet normal 0 0 -1
    outer loop
      vertex 21.3964 3.61643 0
      vertex 17.0256 18.0066 0
      vertex 17.1925 18.4815 0
    endloop
  endfacet
  facet normal 0 0 -1
    outer loop
      vertex 21.3964 3.61643 0
      vertex 16.9875 17.8983 0
      vertex 17.0256 18.0066 0
    endloop
  endfacet
  facet normal 0 0 -1
    outer loop
      vertex 21.3964 3.61643 0
      vertex 16.7328 17.3783 0
      vertex 16.9875 17.8983 0
    endloop
  endfacet
  facet normal 0 0 -1
    outer loop
      vertex 21.3964 3.61643 0
      vertex 16.6817 17.3022 0
      vertex 16.7328 17.3783 0
    endloop
  endfacet
  facet normal 0 0 -1
    outer loop
      vertex 21.3964 3.61643 0
      vertex 16.4345 16.9341 0
      vertex 16.6817 17.3022 0
    endloop
  endfacet
  facet normal 0 0 -1
    outer loop
      vertex 21.3964 3.61643 0
      vertex 16.1 16.5767 0
      vertex 16.4345 16.9341 0
    endloop
  endfacet
  facet normal 0 0 -1
    outer loop
      vertex 21.3964 3.61643 0
      vertex 15.7926 16.3547 0
      vertex 16.1 16.5767 0
    endloop
  endfacet
  facet normal 0 0 -1
    outer loop
      vertex 21.3964 3.61643 0
      vertex 15.7375 16.315 0
      vertex 15.7926 16.3547 0
    endloop
  endfacet
  facet normal 0 0 -1
    outer loop
      vertex 21.3964 3.61643 0
      vertex 15.6801 16.291 0
      vertex 15.7375 16.315 0
    endloop
  endfacet
  facet normal 0 0 -1
    outer loop
      vertex 21.3964 3.61643 0
      vertex 15.3561 16.1553 0
      vertex 15.6801 16.291 0
    endloop
  endfacet
  facet normal 0 0 -1
    outer loop
      vertex 21.3964 3.61643 0
      vertex 15.2984 16.1474 0
      vertex 15.3561 16.1553 0
    endloop
  endfacet
  facet normal 0 0 -1
    outer loop
      vertex 21.3964 3.61643 0
      vertex 14.965 16.1017 0
      vertex 15.2984 16.1474 0
    endloop
  endfacet
  facet normal 0 0 -1
    outer loop
      vertex 21.3964 3.61643 0
      vertex 14.6316 16.1474 0
      vertex 14.965 16.1017 0
    endloop
  endfacet
  facet normal 0 0 -1
    outer loop
      vertex 21.3964 3.61643 0
      vertex 14.5739 16.1553 0
      vertex 14.6316 16.1474 0
    endloop
  endfacet
  facet normal 0 0 -1
    outer loop
      vertex 21.3964 3.61643 0
      vertex 14.2499 16.291 0
      vertex 14.5739 16.1553 0
    endloop
  endfacet
  facet normal 0 0 -1
    outer loop
      vertex 21.3964 3.61643 0
      vertex 14.1925 16.315 0
      vertex 14.2499 16.291 0
    endloop
  endfacet
  facet normal 0 0 -1
    outer loop
      vertex 21.3784 3 0
      vertex 14.1374 16.3547 0
      vertex 14.1925 16.315 0
    endloop
  endfacet
  facet normal 0 0 -1
    outer loop
      vertex 21.3784 3 0
      vertex 13.83 16.5767 0
      vertex 14.1374 16.3547 0
    endloop
  endfacet
  facet normal 0 0 -1
    outer loop
      vertex -13.83 16.5767 0
      vertex 13.83 16.5767 0
      vertex 21.3784 3 0
    endloop
  endfacet
  facet normal 0 0 -1
    outer loop
      vertex 13.83 16.5767 0
      vertex -13.83 16.5767 0
      vertex 13.4955 16.9341 0
    endloop
  endfacet
  facet normal 0 -0 -1
    outer loop
      vertex -13.4955 16.9341 0
      vertex 13.4955 16.9341 0
      vertex -13.83 16.5767 0
    endloop
  endfacet
  facet normal 0 0 -1
    outer loop
      vertex -12.9044 18.0066 0
      vertex 12.9044 18.0066 0
      vertex 12.9425 17.8983 0
    endloop
  endfacet
  facet normal 0 0 -1
    outer loop
      vertex -12.4889 19.9319 0
      vertex 12.4889 19.9319 0
      vertex 12.4958 19.7784 0
    endloop
  endfacet
  facet normal 0 0 -1
    outer loop
      vertex 12.4889 19.9319 0
      vertex -12.465 20.4603 0
      vertex 12.465 20.4603 0
    endloop
  endfacet
  facet normal 0 0 -1
    outer loop
      vertex -12.4958 19.7784 0
      vertex 12.4958 19.7784 0
      vertex 12.5158 19.6328 0
    endloop
  endfacet
  facet normal 0 0 -1
    outer loop
      vertex -12.5158 19.6328 0
      vertex 12.5158 19.6328 0
      vertex 12.5874 19.1134 0
    endloop
  endfacet
  facet normal 0 0 -1
    outer loop
      vertex 12.465 20.4603 0
      vertex 8.94889 37.7118 0
      vertex 9 38.1 0
    endloop
  endfacet
  facet normal 0 0 -1
    outer loop
      vertex 12.465 20.4603 0
      vertex 8.79904 37.35 0
      vertex 8.94889 37.7118 0
    endloop
  endfacet
  facet normal 0 0 -1
    outer loop
      vertex 12.465 20.4603 0
      vertex 8.56066 37.0393 0
      vertex 8.79904 37.35 0
    endloop
  endfacet
  facet normal 0 0 -1
    outer loop
      vertex 12.465 20.4603 0
      vertex 8.25 36.801 0
      vertex 8.56066 37.0393 0
    endloop
  endfacet
  facet normal 0 0 -1
    outer loop
      vertex -12.5874 19.1134 0
      vertex 12.5874 19.1134 0
      vertex 12.7375 18.4815 0
    endloop
  endfacet
  facet normal 0 0 -1
    outer loop
      vertex 12.465 20.4603 0
      vertex 7.88823 36.6511 0
      vertex 8.25 36.801 0
    endloop
  endfacet
  facet normal 0 0 -1
    outer loop
      vertex 12.465 20.4603 0
      vertex 7.5 36.6 0
      vertex 7.88823 36.6511 0
    endloop
  endfacet
  facet normal 0 0 -1
    outer loop
      vertex -12.7375 22.439 0
      vertex 12.465 20.4603 0
      vertex -12.5874 21.8072 0
    endloop
  endfacet
  facet normal 0 0 -1
    outer loop
      vertex 12.9044 18.0066 0
      vertex -12.7375 18.4815 0
      vertex 12.7375 18.4815 0
    endloop
  endfacet
  facet normal 0 0 -1
    outer loop
      vertex -12.9425 17.8983 0
      vertex 12.9425 17.8983 0
      vertex 13.1972 17.3783 0
    endloop
  endfacet
  facet normal 0 0 -1
    outer loop
      vertex 13.4955 16.9341 0
      vertex -13.4955 16.9341 0
      vertex 13.2483 17.3022 0
    endloop
  endfacet
  facet normal 0 0 -1
    outer loop
      vertex 12.465 20.4603 0
      vertex -12.4958 21.1421 0
      vertex -12.5874 21.8072 0
    endloop
  endfacet
  facet normal 0 0 -1
    outer loop
      vertex 12.465 20.4603 0
      vertex -12.7375 22.439 0
      vertex 7.5 36.6 0
    endloop
  endfacet
  facet normal -0 0 -1
    outer loop
      vertex 7.5 36.6 0
      vertex -12.7375 22.439 0
      vertex -7.5 36.6 0
    endloop
  endfacet
  facet normal 0 0 -1
    outer loop
      vertex -13.4045 23.8508 0
      vertex -7.5 36.6 0
      vertex -13.1972 23.5423 0
    endloop
  endfacet
  facet normal 0 0 -1
    outer loop
      vertex -13.1972 23.5423 0
      vertex -7.5 36.6 0
      vertex -12.9425 23.0222 0
    endloop
  endfacet
  facet normal 0 0 -1
    outer loop
      vertex -12.9425 23.0222 0
      vertex -7.5 36.6 0
      vertex -12.7948 22.6022 0
    endloop
  endfacet
  facet normal 0 0 -1
    outer loop
      vertex -12.7948 22.6022 0
      vertex -7.5 36.6 0
      vertex -12.7375 22.439 0
    endloop
  endfacet
  facet normal 0 0 -1
    outer loop
      vertex 12.465 20.4603 0
      vertex -12.465 20.4603 0
      vertex -12.4958 21.1421 0
    endloop
  endfacet
  facet normal 0 0 -1
    outer loop
      vertex 12.4889 19.9319 0
      vertex -12.4889 19.9319 0
      vertex -12.465 20.4603 0
    endloop
  endfacet
  facet normal 0 0 -1
    outer loop
      vertex 12.4958 19.7784 0
      vertex -12.4958 19.7784 0
      vertex -12.4889 19.9319 0
    endloop
  endfacet
  facet normal 0 0 -1
    outer loop
      vertex 12.5158 19.6328 0
      vertex -12.5158 19.6328 0
      vertex -12.4958 19.7784 0
    endloop
  endfacet
  facet normal 0 0 -1
    outer loop
      vertex 12.5874 19.1134 0
      vertex -12.5874 19.1134 0
      vertex -12.5158 19.6328 0
    endloop
  endfacet
  facet normal 0 0 -1
    outer loop
      vertex 12.7375 18.4815 0
      vertex -12.7375 18.4815 0
      vertex -12.5874 19.1134 0
    endloop
  endfacet
  facet normal 0 0 -1
    outer loop
      vertex 12.9044 18.0066 0
      vertex -12.9044 18.0066 0
      vertex -12.7375 18.4815 0
    endloop
  endfacet
  facet normal 0 0 -1
    outer loop
      vertex 12.9425 17.8983 0
      vertex -12.9425 17.8983 0
      vertex -12.9044 18.0066 0
    endloop
  endfacet
  facet normal 0 0 -1
    outer loop
      vertex 13.1972 17.3783 0
      vertex -13.1972 17.3783 0
      vertex -12.9425 17.8983 0
    endloop
  endfacet
  facet normal -0 0 -1
    outer loop
      vertex 13.1972 17.3783 0
      vertex -13.2483 17.3022 0
      vertex -13.1972 17.3783 0
    endloop
  endfacet
  facet normal 0 0 -1
    outer loop
      vertex 13.2483 17.3022 0
      vertex -13.2483 17.3022 0
      vertex 13.1972 17.3783 0
    endloop
  endfacet
  facet normal 0 -0 -1
    outer loop
      vertex -13.2483 17.3022 0
      vertex 13.2483 17.3022 0
      vertex -13.4955 16.9341 0
    endloop
  endfacet
  facet normal 0 0 -1
    outer loop
      vertex -21.3807 3 0
      vertex -13.83 16.5767 0
      vertex 21.3784 3 0
    endloop
  endfacet
  facet normal 0 0 -1
    outer loop
      vertex -13.83 16.5767 0
      vertex -21.3807 3 0
      vertex -14.1374 16.3547 0
    endloop
  endfacet
  facet normal 0 0 -1
    outer loop
      vertex -14.1374 16.3547 0
      vertex -21.3807 3 0
      vertex -14.1925 16.315 0
    endloop
  endfacet
  facet normal 0 0 -1
    outer loop
      vertex -21.3977 3.6405 0
      vertex -14.1925 16.315 0
      vertex -21.3807 3 0
    endloop
  endfacet
  facet normal 0 0 -1
    outer loop
      vertex -21.4 3.73849 0
      vertex -14.1925 16.315 0
      vertex -21.3977 3.6405 0
    endloop
  endfacet
  facet normal 0 0 -1
    outer loop
      vertex -14.1925 16.315 0
      vertex -21.4 3.73849 0
      vertex -14.2499 16.291 0
    endloop
  endfacet
  facet normal 0 0 -1
    outer loop
      vertex -14.2499 16.291 0
      vertex -21.4 3.73849 0
      vertex -14.5739 16.1553 0
    endloop
  endfacet
  facet normal 0 0 -1
    outer loop
      vertex -14.5739 16.1553 0
      vertex -21.4 3.73849 0
      vertex -14.6316 16.1474 0
    endloop
  endfacet
  facet normal 0 0 -1
    outer loop
      vertex -21.4 3.73849 0
      vertex -15.6801 16.291 0
      vertex -15.3561 16.1553 0
    endloop
  endfacet
  facet normal 0 0 -1
    outer loop
      vertex -21.4 3.73849 0
      vertex -15.7926 16.3547 0
      vertex -15.7375 16.315 0
    endloop
  endfacet
  facet normal 0 0 -1
    outer loop
      vertex -21.4 3.73849 0
      vertex -17.4411 19.9319 0
      vertex -17.4342 19.7784 0
    endloop
  endfacet
  facet normal -0 0 -1
    outer loop
      vertex -17.3426 19.1134 0
      vertex -21.4 3.73849 0
      vertex -17.4142 19.6328 0
    endloop
  endfacet
  facet normal -0 0 -1
    outer loop
      vertex -17.1925 18.4815 0
      vertex -21.4 3.73849 0
      vertex -17.3426 19.1134 0
    endloop
  endfacet
  facet normal -0 0 -1
    outer loop
      vertex -17.0256 18.0066 0
      vertex -21.4 3.73849 0
      vertex -17.1925 18.4815 0
    endloop
  endfacet
  facet normal -0 0 -1
    outer loop
      vertex -16.9875 17.8983 0
      vertex -21.4 3.73849 0
      vertex -17.0256 18.0066 0
    endloop
  endfacet
  facet normal -0 0 -1
    outer loop
      vertex -16.7328 17.3783 0
      vertex -21.4 3.73849 0
      vertex -16.9875 17.8983 0
    endloop
  endfacet
  facet normal -0 0 -1
    outer loop
      vertex -16.6817 17.3022 0
      vertex -21.4 3.73849 0
      vertex -16.7328 17.3783 0
    endloop
  endfacet
  facet normal -0 0 -1
    outer loop
      vertex -16.4345 16.9341 0
      vertex -21.4 3.73849 0
      vertex -16.6817 17.3022 0
    endloop
  endfacet
  facet normal -0 0 -1
    outer loop
      vertex -16.1 16.5767 0
      vertex -21.4 3.73849 0
      vertex -16.4345 16.9341 0
    endloop
  endfacet
  facet normal -0 0 -1
    outer loop
      vertex -15.7926 16.3547 0
      vertex -21.4 3.73849 0
      vertex -16.1 16.5767 0
    endloop
  endfacet
  facet normal -0 0 -1
    outer loop
      vertex -15.6801 16.291 0
      vertex -21.4 3.73849 0
      vertex -15.7375 16.315 0
    endloop
  endfacet
  facet normal -0 0 -1
    outer loop
      vertex -15.2984 16.1474 0
      vertex -21.4 3.73849 0
      vertex -15.3561 16.1553 0
    endloop
  endfacet
  facet normal -0 0 -1
    outer loop
      vertex -14.965 16.1017 0
      vertex -21.4 3.73849 0
      vertex -15.2984 16.1474 0
    endloop
  endfacet
  facet normal 0 0 -1
    outer loop
      vertex -14.6316 16.1474 0
      vertex -21.4 3.73849 0
      vertex -14.965 16.1017 0
    endloop
  endfacet
  facet normal 0 0 -1
    outer loop
      vertex 17.4411 19.9319 0
      vertex 21.4 3.73849 0
      vertex 21.3964 3.61643 0
    endloop
  endfacet
  facet normal 0 0 -1
    outer loop
      vertex 14.1925 16.315 0
      vertex 21.3964 3.61643 0
      vertex 21.3784 3 0
    endloop
  endfacet
  facet normal 0 0 -1
    outer loop
      vertex 21.4 3.73849 0
      vertex 17.465 20.4603 0
      vertex 21.4 38.4 0
    endloop
  endfacet
  facet normal 0 0 -1
    outer loop
      vertex 17.4342 21.1421 0
      vertex 21.4 38.4 0
      vertex 17.465 20.4603 0
    endloop
  endfacet
  facet normal 0 0 -1
    outer loop
      vertex 17.3426 21.8072 0
      vertex 21.4 38.4 0
      vertex 17.4342 21.1421 0
    endloop
  endfacet
  facet normal 0 0 -1
    outer loop
      vertex 17.1925 22.439 0
      vertex 21.4 38.4 0
      vertex 17.3426 21.8072 0
    endloop
  endfacet
  facet normal 0 0 -1
    outer loop
      vertex 17.1352 22.6022 0
      vertex 21.4 38.4 0
      vertex 17.1925 22.439 0
    endloop
  endfacet
  facet normal 0 0 -1
    outer loop
      vertex 16.9875 23.0222 0
      vertex 21.4 38.4 0
      vertex 17.1352 22.6022 0
    endloop
  endfacet
  facet normal 0 0 -1
    outer loop
      vertex 16.7328 23.5423 0
      vertex 21.4 38.4 0
      vertex 16.9875 23.0222 0
    endloop
  endfacet
  facet normal 0 0 -1
    outer loop
      vertex 16.5255 23.8508 0
      vertex 21.4 38.4 0
      vertex 16.7328 23.5423 0
    endloop
  endfacet
  facet normal 0 0 -1
    outer loop
      vertex 16.4345 23.9865 0
      vertex 21.4 38.4 0
      vertex 16.5255 23.8508 0
    endloop
  endfacet
  facet normal 0 0 -1
    outer loop
      vertex 16.1 24.3438 0
      vertex 21.4 38.4 0
      vertex 16.4345 23.9865 0
    endloop
  endfacet
  facet normal 0 0 -1
    outer loop
      vertex 15.7375 24.6056 0
      vertex 21.4 38.4 0
      vertex 16.1 24.3438 0
    endloop
  endfacet
  facet normal 0 0 -1
    outer loop
      vertex 15.6148 24.6569 0
      vertex 21.4 38.4 0
      vertex 15.7375 24.6056 0
    endloop
  endfacet
  facet normal 0 0 -1
    outer loop
      vertex 15.3561 24.7652 0
      vertex 21.4 38.4 0
      vertex 15.6148 24.6569 0
    endloop
  endfacet
  facet normal 0 0 -1
    outer loop
      vertex 15.092 24.8015 0
      vertex 21.4 38.4 0
      vertex 15.3561 24.7652 0
    endloop
  endfacet
  facet normal 0 0 -1
    outer loop
      vertex 14.965 24.8189 0
      vertex 21.4 38.4 0
      vertex 15.092 24.8015 0
    endloop
  endfacet
  facet normal 0 0 -1
    outer loop
      vertex 9 38.1 0
      vertex 14.965 24.8189 0
      vertex 14.838 24.8015 0
    endloop
  endfacet
  facet normal 0 0 -1
    outer loop
      vertex 9 38.1 0
      vertex 14.838 24.8015 0
      vertex 14.5739 24.7652 0
    endloop
  endfacet
  facet normal 0 0 -1
    outer loop
      vertex 9 38.1 0
      vertex 14.5739 24.7652 0
      vertex 14.3152 24.6569 0
    endloop
  endfacet
  facet normal 0 0 -1
    outer loop
      vertex 9 38.1 0
      vertex 14.3152 24.6569 0
      vertex 14.1925 24.6056 0
    endloop
  endfacet
  facet normal 0 0 -1
    outer loop
      vertex 9 38.1 0
      vertex 14.1925 24.6056 0
      vertex 13.83 24.3438 0
    endloop
  endfacet
  facet normal 0 0 -1
    outer loop
      vertex 9 38.1 0
      vertex 13.83 24.3438 0
      vertex 13.4955 23.9865 0
    endloop
  endfacet
  facet normal 0 0 -1
    outer loop
      vertex 9 38.1 0
      vertex 13.4955 23.9865 0
      vertex 13.4045 23.8508 0
    endloop
  endfacet
  facet normal 0 0 -1
    outer loop
      vertex 9 38.1 0
      vertex 13.4045 23.8508 0
      vertex 13.1972 23.5423 0
    endloop
  endfacet
  facet normal 0 0 -1
    outer loop
      vertex 9 38.1 0
      vertex 12.4958 21.1421 0
      vertex 12.465 20.4603 0
    endloop
  endfacet
  facet normal 0 0 -1
    outer loop
      vertex 9 38.1 0
      vertex 12.5874 21.8072 0
      vertex 12.4958 21.1421 0
    endloop
  endfacet
  facet normal 0 0 -1
    outer loop
      vertex 9 38.1 0
      vertex 12.7375 22.439 0
      vertex 12.5874 21.8072 0
    endloop
  endfacet
  facet normal 0 0 -1
    outer loop
      vertex 9 38.1 0
      vertex 12.7948 22.6022 0
      vertex 12.7375 22.439 0
    endloop
  endfacet
  facet normal 0 0 -1
    outer loop
      vertex 9 38.1 0
      vertex 12.9425 23.0222 0
      vertex 12.7948 22.6022 0
    endloop
  endfacet
  facet normal 0 0 -1
    outer loop
      vertex 9 38.1 0
      vertex 13.1972 23.5423 0
      vertex 12.9425 23.0222 0
    endloop
  endfacet
  facet normal 0 0 -1
    outer loop
      vertex 14.965 24.8189 0
      vertex 9 38.1 0
      vertex 21.4 38.4 0
    endloop
  endfacet
  facet normal -0 0 -1
    outer loop
      vertex 21.4 38.4 0
      vertex 9 38.1 0
      vertex 9 38.4 0
    endloop
  endfacet
  facet normal 0 0 -1
    outer loop
      vertex -13.4955 23.9865 0
      vertex -7.5 36.6 0
      vertex -13.4045 23.8508 0
    endloop
  endfacet
  facet normal 0 0 -1
    outer loop
      vertex -13.83 24.3438 0
      vertex -7.5 36.6 0
      vertex -13.4955 23.9865 0
    endloop
  endfacet
  facet normal -0 0 -1
    outer loop
      vertex -7.5 36.6 0
      vertex -13.83 24.3438 0
      vertex -7.88823 36.6511 0
    endloop
  endfacet
  facet normal 0 0 -1
    outer loop
      vertex -14.1925 24.6056 0
      vertex -7.88823 36.6511 0
      vertex -13.83 24.3438 0
    endloop
  endfacet
  facet normal -0 0 -1
    outer loop
      vertex -7.88823 36.6511 0
      vertex -14.1925 24.6056 0
      vertex -8.25 36.801 0
    endloop
  endfacet
  facet normal 0 0 -1
    outer loop
      vertex -14.3152 24.6569 0
      vertex -8.25 36.801 0
      vertex -14.1925 24.6056 0
    endloop
  endfacet
  facet normal 0 0 -1
    outer loop
      vertex -14.5739 24.7652 0
      vertex -8.25 36.801 0
      vertex -14.3152 24.6569 0
    endloop
  endfacet
  facet normal -0 0 -1
    outer loop
      vertex -8.25 36.801 0
      vertex -14.5739 24.7652 0
      vertex -8.56066 37.0393 0
    endloop
  endfacet
  facet normal 0 0 -1
    outer loop
      vertex -14.838 24.8015 0
      vertex -8.56066 37.0393 0
      vertex -14.5739 24.7652 0
    endloop
  endfacet
  facet normal 0 0 -1
    outer loop
      vertex -14.965 24.8189 0
      vertex -8.56066 37.0393 0
      vertex -14.838 24.8015 0
    endloop
  endfacet
  facet normal -0 0 -1
    outer loop
      vertex -8.56066 37.0393 0
      vertex -14.965 24.8189 0
      vertex -8.79904 37.35 0
    endloop
  endfacet
  facet normal 0 0 -1
    outer loop
      vertex -21.4 38.4 0
      vertex -8.79904 37.35 0
      vertex -14.965 24.8189 0
    endloop
  endfacet
  facet normal 0 0 -1
    outer loop
      vertex -8.79904 37.35 0
      vertex -21.4 38.4 0
      vertex -8.94889 37.7118 0
    endloop
  endfacet
  facet normal 0 0 -1
    outer loop
      vertex -8.94889 37.7118 0
      vertex -21.4 38.4 0
      vertex -9 38.1 0
    endloop
  endfacet
  facet normal 0 0 -1
    outer loop
      vertex -21.4 38.4 0
      vertex -14.965 24.8189 0
      vertex -15.092 24.8015 0
    endloop
  endfacet
  facet normal 0 0 -1
    outer loop
      vertex -21.4 38.4 0
      vertex -15.092 24.8015 0
      vertex -15.3561 24.7652 0
    endloop
  endfacet
  facet normal 0 0 -1
    outer loop
      vertex -21.4 38.4 0
      vertex -15.3561 24.7652 0
      vertex -15.6148 24.6569 0
    endloop
  endfacet
  facet normal 0 0 -1
    outer loop
      vertex -21.4 38.4 0
      vertex -15.6148 24.6569 0
      vertex -15.7375 24.6056 0
    endloop
  endfacet
  facet normal 0 0 -1
    outer loop
      vertex -21.4 38.4 0
      vertex -15.7375 24.6056 0
      vertex -16.1 24.3438 0
    endloop
  endfacet
  facet normal 0 0 -1
    outer loop
      vertex -21.4 38.4 0
      vertex -16.1 24.3438 0
      vertex -16.4345 23.9865 0
    endloop
  endfacet
  facet normal 0 0 -1
    outer loop
      vertex -21.4 38.4 0
      vertex -16.4345 23.9865 0
      vertex -16.5255 23.8508 0
    endloop
  endfacet
  facet normal 0 0 -1
    outer loop
      vertex -21.4 38.4 0
      vertex -16.5255 23.8508 0
      vertex -16.7328 23.5423 0
    endloop
  endfacet
  facet normal -0 0 -1
    outer loop
      vertex -17.4142 19.6328 0
      vertex -21.4 3.73849 0
      vertex -17.4342 19.7784 0
    endloop
  endfacet
  facet normal -0 0 -1
    outer loop
      vertex -17.4411 19.9319 0
      vertex -21.4 3.73849 0
      vertex -17.465 20.4603 0
    endloop
  endfacet
  facet normal 0 0 -1
    outer loop
      vertex -21.3977 3.6405 0
      vertex -21.3807 3 0
      vertex -21.3837 3.04216 0
    endloop
  endfacet
  facet normal 0 0 -1
    outer loop
      vertex -21.4 38.4 0
      vertex -17.465 20.4603 0
      vertex -21.4 3.73849 0
    endloop
  endfacet
  facet normal 0 0 -1
    outer loop
      vertex -17.465 20.4603 0
      vertex -21.4 38.4 0
      vertex -17.4342 21.1421 0
    endloop
  endfacet
  facet normal 0 0 -1
    outer loop
      vertex -9 38.1 0
      vertex -21.4 38.4 0
      vertex -9 38.4 0
    endloop
  endfacet
  facet normal 0 0 -1
    outer loop
      vertex -16.9875 23.0222 0
      vertex -21.4 38.4 0
      vertex -16.7328 23.5423 0
    endloop
  endfacet
  facet normal 0 0 -1
    outer loop
      vertex -17.1352 22.6022 0
      vertex -21.4 38.4 0
      vertex -16.9875 23.0222 0
    endloop
  endfacet
  facet normal 0 0 -1
    outer loop
      vertex -17.1925 22.439 0
      vertex -21.4 38.4 0
      vertex -17.1352 22.6022 0
    endloop
  endfacet
  facet normal 0 0 -1
    outer loop
      vertex -17.3426 21.8072 0
      vertex -21.4 38.4 0
      vertex -17.1925 22.439 0
    endloop
  endfacet
  facet normal 0 0 -1
    outer loop
      vertex -17.4342 21.1421 0
      vertex -21.4 38.4 0
      vertex -17.3426 21.8072 0
    endloop
  endfacet
  facet normal 0 -0.997859 -0.0654043
    outer loop
      vertex -21.4 0.0256653 2.60843
      vertex 21.4 0 3
      vertex -21.4 0 3
    endloop
  endfacet
  facet normal 0 -0.997859 -0.0654043
    outer loop
      vertex 21.4 0 3
      vertex -21.4 0.0256653 2.60843
      vertex 21.4 0.0256653 2.60843
    endloop
  endfacet
  facet normal 0 -0.659343 -0.751842
    outer loop
      vertex 21.31 0.930438 0.833285
      vertex -21.3003 1.17372 0.619934
      vertex 21.302 1.17372 0.619934
    endloop
  endfacet
  facet normal 6.97477e-08 -0.659336 -0.751848
    outer loop
      vertex 21.3117 0.878677 0.878677
      vertex -21.3003 1.17372 0.619934
      vertex 21.31 0.930438 0.833285
    endloop
  endfacet
  facet normal 0 -0.659342 -0.751843
    outer loop
      vertex -21.3003 1.17372 0.619934
      vertex 21.3117 0.878677 0.878677
      vertex -21.3091 0.878677 0.878677
    endloop
  endfacet
  facet normal 0.0259016 -0.442938 -0.896178
    outer loop
      vertex 21.3039 1.5 0.401917
      vertex 21.3175 1.85194 0.228363
      vertex 21.3085 1.61779 0.343832
    endloop
  endfacet
  facet normal 0 -0.442281 -0.896876
    outer loop
      vertex -21.3021 1.5 0.401917
      vertex 21.3175 1.85194 0.228363
      vertex 21.3039 1.5 0.401917
    endloop
  endfacet
  facet normal -0 -0.442281 -0.896876
    outer loop
      vertex 21.3175 1.85194 0.228363
      vertex -21.3021 1.5 0.401917
      vertex -21.3144 1.85194 0.228363
    endloop
  endfacet
  facet normal 0 -1 0
    outer loop
      vertex -21.4 0 3
      vertex -21.3916 0 6.8614
      vertex -21.4 0 6.8614
    endloop
  endfacet
  facet normal 0 -1 -0
    outer loop
      vertex -21.3916 0 6.8614
      vertex -21.4 0 3
      vertex 21.3249 0 6.8614
    endloop
  endfacet
  facet normal 0 -1 0
    outer loop
      vertex 21.4 0 3
      vertex 21.3249 0 6.8614
      vertex -21.4 0 3
    endloop
  endfacet
  facet normal 0 -1 0
    outer loop
      vertex 21.3249 0 6.8614
      vertex 21.4 0 3
      vertex 21.4 0 6.8614
    endloop
  endfacet
  facet normal 0 0 0
    outer loop
      vertex -17.4664 0 6.8614
      vertex 9.65706 0 6.8614
      vertex -16.8807 0 6.8614
    endloop
  endfacet
  facet normal 0 0 0
    outer loop
      vertex -17.4664 0 6.8614
      vertex 16.6739 0 6.8614
      vertex 9.65706 0 6.8614
    endloop
  endfacet
  facet normal 0 0 0
    outer loop
      vertex -21.3711 0 6.8614
      vertex 16.6739 0 6.8614
      vertex -17.4664 0 6.8614
    endloop
  endfacet
  facet normal 0 0 0
    outer loop
      vertex -21.3711 0 6.8614
      vertex 17.3437 0 6.8614
      vertex 16.6739 0 6.8614
    endloop
  endfacet
  facet normal 0 0 0
    outer loop
      vertex -21.3916 0 6.8614
      vertex 17.3437 0 6.8614
      vertex -21.3711 0 6.8614
    endloop
  endfacet
  facet normal 0 0 -0
    outer loop
      vertex 17.3437 0 6.8614
      vertex -21.3916 0 6.8614
      vertex 21.3249 0 6.8614
    endloop
  endfacet
  facet normal 0 -0.555577 -0.831465
    outer loop
      vertex -21.3003 1.17372 0.619934
      vertex 21.3039 1.5 0.401917
      vertex 21.302 1.17372 0.619934
    endloop
  endfacet
  facet normal -0 -0.555577 -0.831465
    outer loop
      vertex 21.3039 1.5 0.401917
      vertex -21.3003 1.17372 0.619934
      vertex -21.3021 1.5 0.401917
    endloop
  endfacet
  facet normal 0 -0.751843 -0.659342
    outer loop
      vertex -21.3091 0.878677 0.878677
      vertex 21.3273 0.619934 1.17372
      vertex -21.3284 0.619934 1.17372
    endloop
  endfacet
  facet normal 1.84622e-07 -0.75183 -0.659357
    outer loop
      vertex 21.3273 0.619934 1.17372
      vertex -21.3091 0.878677 0.878677
      vertex 21.3222 0.719237 1.06049
    endloop
  endfacet
  facet normal -0 -0.751852 -0.659332
    outer loop
      vertex 21.3117 0.878677 0.878677
      vertex 21.3222 0.719237 1.06049
      vertex -21.3091 0.878677 0.878677
    endloop
  endfacet
  facet normal -0.000929123 -0.751878 -0.659302
    outer loop
      vertex 21.3222 0.719237 1.06049
      vertex 21.3117 0.878677 0.878677
      vertex 21.3176 0.806674 0.960782
    endloop
  endfacet
  facet normal 0 -0.896876 -0.442281
    outer loop
      vertex 21.3478 0.401917 1.5
      vertex 21.3747 0.228363 1.85194
      vertex -21.3718 0.228363 1.85194
    endloop
  endfacet
  facet normal -0 -0.896876 -0.442281
    outer loop
      vertex 21.3478 0.401917 1.5
      vertex -21.3718 0.228363 1.85194
      vertex -21.3486 0.401917 1.5
    endloop
  endfacet
  facet normal 0.0135469 -0.896383 -0.443073
    outer loop
      vertex 21.3747 0.228363 1.85194
      vertex 21.3478 0.401917 1.5
      vertex 21.3745 0.230782 1.84704
    endloop
  endfacet
  facet normal -0 0.704807 0.709399
    outer loop
      vertex 17.3438 32 24.8468
      vertex 20.1369 31.5984 25.2458
      vertex 20.2171 32 24.8468
    endloop
  endfacet
  facet normal -2.56068e-05 0.704717 0.709488
    outer loop
      vertex 20.1369 31.5984 25.2458
      vertex 17.3438 32 24.8468
      vertex 19.9378 30.7519 26.0866
    endloop
  endfacet
  facet normal 0.00165707 0.706474 0.707737
    outer loop
      vertex 17.3406 31.9958 24.851
      vertex 19.9378 30.7519 26.0866
      vertex 17.3438 32 24.8468
    endloop
  endfacet
  facet normal -0.000224192 0.7045 0.709704
    outer loop
      vertex 17.2897 31.9298 24.9165
      vertex 19.9378 30.7519 26.0866
      vertex 17.3406 31.9958 24.851
    endloop
  endfacet
  facet normal 3.47145e-05 0.704764 0.709442
    outer loop
      vertex 16.8978 31.6307 25.2137
      vertex 19.8572 30.4093 26.4269
      vertex 17.2389 31.891 24.9551
    endloop
  endfacet
  facet normal 2.85633e-05 0.704756 0.70945
    outer loop
      vertex 19.8572 30.4093 26.4269
      vertex 16.8978 31.6307 25.2137
      vertex 19.5551 29.3192 27.5098
    endloop
  endfacet
  facet normal -4.70185e-05 0.704718 0.709488
    outer loop
      vertex 16.5 31.5305 25.3132
      vertex 19.2327 28.3353 28.4871
      vertex 16.8978 31.6307 25.2137
    endloop
  endfacet
  facet normal -1.98611e-06 0.704747 0.709459
    outer loop
      vertex 18.8921 27.4641 29.3526
      vertex 16.5 31.5305 25.3132
      vertex 18.5355 26.7114 30.1003
    endloop
  endfacet
  facet normal -2.4504e-05 0.704742 0.709464
    outer loop
      vertex 18.5355 26.7114 30.1003
      vertex 16.5 31.5305 25.3132
      vertex 18.1655 26.0822 30.7253
    endloop
  endfacet
  facet normal 0.000111529 0.704763 0.709443
    outer loop
      vertex 18.1655 26.0822 30.7253
      vertex 16.5 31.5305 25.3132
      vertex 18.1068 26.005 30.802
    endloop
  endfacet
  facet normal -2.61159e-05 0.704724 0.709481
    outer loop
      vertex 19.9378 30.7519 26.0866
      vertex 17.2897 31.9298 24.9165
      vertex 19.8572 30.4093 26.4269
    endloop
  endfacet
  facet normal 0.000351974 0.705046 0.709162
    outer loop
      vertex 17.2389 31.891 24.9551
      vertex 19.8572 30.4093 26.4269
      vertex 17.2897 31.9298 24.9165
    endloop
  endfacet
  facet normal -2.19279e-05 0.704727 0.709479
    outer loop
      vertex 19.5551 29.3192 27.5098
      vertex 16.8978 31.6307 25.2137
      vertex 19.2327 28.3353 28.4871
    endloop
  endfacet
  facet normal 7.0334e-05 0.704768 0.709437
    outer loop
      vertex 19.2327 28.3353 28.4871
      vertex 16.5 31.5305 25.3132
      vertex 18.8921 27.4641 29.3526
    endloop
  endfacet
  facet normal -1.61609e-05 0.704744 0.709461
    outer loop
      vertex 16.5 24.8674 31.932
      vertex 18.1068 26.005 30.802
      vertex 16.5 31.5305 25.3132
    endloop
  endfacet
  facet normal 0.000167567 0.704614 0.709591
    outer loop
      vertex 18.1068 26.005 30.802
      vertex 16.5 24.8674 31.932
      vertex 17.7843 25.5807 31.2234
    endloop
  endfacet
  facet normal -0.000281634 0.705021 0.709187
    outer loop
      vertex 16.561 24.8803 31.9192
      vertex 17.7843 25.5807 31.2234
      vertex 16.5 24.8674 31.932
    endloop
  endfacet
  facet normal -9.73357e-05 0.704859 0.709348
    outer loop
      vertex 17.3429 25.1794 31.6221
      vertex 17.7843 25.5807 31.2234
      vertex 16.561 24.8803 31.9192
    endloop
  endfacet
  facet normal 8.22018e-05 0.704623 0.709582
    outer loop
      vertex 17.3429 25.1794 31.6221
      vertex 16.561 24.8803 31.9192
      vertex 16.9989 24.9734 31.8267
    endloop
  endfacet
  facet normal 7.98436e-06 0.704801 0.709406
    outer loop
      vertex 17.7843 25.5807 31.2234
      vertex 17.3429 25.1794 31.6221
      vertex 17.3946 25.2103 31.5914
    endloop
  endfacet
  facet normal -0 0.704744 0.709461
    outer loop
      vertex -16.5 31.5305 25.3132
      vertex 16.5 24.8674 31.932
      vertex 16.5 31.5305 25.3132
    endloop
  endfacet
  facet normal 0 0.704744 0.709461
    outer loop
      vertex -16.5 31.5305 25.3132
      vertex -16.5 24.8674 31.932
      vertex 16.5 24.8674 31.932
    endloop
  endfacet
  facet normal 4.70838e-05 0.704718 0.709488
    outer loop
      vertex -19.3997 28.8392 27.9866
      vertex -16.5 31.5305 25.3132
      vertex -16.8978 31.6307 25.2137
    endloop
  endfacet
  facet normal -1.30157e-05 0.704744 0.709461
    outer loop
      vertex -16.5 31.5305 25.3132
      vertex -18.4442 26.5423 30.2682
      vertex -16.5 24.8674 31.932
    endloop
  endfacet
  facet normal -2.65027e-05 0.704769 0.709437
    outer loop
      vertex -19.7837 30.1273 26.7071
      vertex -16.8978 31.6307 25.2137
      vertex -17.2389 31.891 24.9551
    endloop
  endfacet
  facet normal -0.000381149 0.705026 0.709181
    outer loop
      vertex -19.7837 30.1273 26.7071
      vertex -17.2389 31.891 24.9551
      vertex -17.2897 31.9298 24.9165
    endloop
  endfacet
  facet normal 0.000133764 0.70483 0.709376
    outer loop
      vertex -18.0711 25.9447 30.8619
      vertex -16.5 24.8674 31.932
      vertex -18.4442 26.5423 30.2682
    endloop
  endfacet
  facet normal 0.000189594 0.704487 0.709717
    outer loop
      vertex -19.9854 30.9501 25.8897
      vertex -17.2897 31.9298 24.9165
      vertex -17.3406 31.9958 24.851
    endloop
  endfacet
  facet normal -0.00143936 0.706558 0.707654
    outer loop
      vertex -19.9854 30.9501 25.8897
      vertex -17.3406 31.9958 24.851
      vertex -17.3438 32 24.8468
    endloop
  endfacet
  facet normal 7.50975e-05 0.704733 0.709472
    outer loop
      vertex -16.8994 24.9352 31.8646
      vertex -17.3473 25.1826 31.6189
      vertex -17.2961 25.1385 31.6627
    endloop
  endfacet
  facet normal 8.36154e-05 0.704853 0.709354
    outer loop
      vertex -17.3473 25.1826 31.6189
      vertex -16.5 24.8674 31.932
      vertex -17.6876 25.4757 31.3277
    endloop
  endfacet
  facet normal -0.000169014 0.704511 0.709693
    outer loop
      vertex -16.5 24.8674 31.932
      vertex -17.3473 25.1826 31.6189
      vertex -16.8994 24.9352 31.8646
    endloop
  endfacet
  facet normal -0.000154675 0.704618 0.709586
    outer loop
      vertex -17.6876 25.4757 31.3277
      vertex -16.5 24.8674 31.932
      vertex -18.0711 25.9447 30.8619
    endloop
  endfacet
  facet normal 0.000102374 0.704722 0.709484
    outer loop
      vertex -16.5 31.5305 25.3132
      vertex -18.8043 27.2646 29.5508
      vertex -18.4442 26.5423 30.2682
    endloop
  endfacet
  facet normal -0.00038665 0.704855 0.709352
    outer loop
      vertex -16.5 31.5305 25.3132
      vertex -18.8713 27.4281 29.3883
      vertex -18.8043 27.2646 29.5508
    endloop
  endfacet
  facet normal 8.91143e-05 0.704716 0.709489
    outer loop
      vertex -16.5 31.5305 25.3132
      vertex -19.1491 28.1067 28.7143
      vertex -18.8713 27.4281 29.3883
    endloop
  endfacet
  facet normal -4.90564e-05 0.70477 0.709436
    outer loop
      vertex -16.5 31.5305 25.3132
      vertex -19.3997 28.8392 27.9866
      vertex -19.1491 28.1067 28.7143
    endloop
  endfacet
  facet normal 2.25289e-05 0.704729 0.709477
    outer loop
      vertex -16.8978 31.6307 25.2137
      vertex -19.4763 29.063 27.7643
      vertex -19.3997 28.8392 27.9866
    endloop
  endfacet
  facet normal 6.25221e-06 0.704737 0.709468
    outer loop
      vertex -16.8978 31.6307 25.2137
      vertex -19.7837 30.1273 26.7071
      vertex -19.4763 29.063 27.7643
    endloop
  endfacet
  facet normal -1.69809e-05 0.704773 0.709433
    outer loop
      vertex -17.2897 31.9298 24.9165
      vertex -19.9854 30.9501 25.8897
      vertex -19.7837 30.1273 26.7071
    endloop
  endfacet
  facet normal 1.38544e-05 0.70472 0.709485
    outer loop
      vertex -17.3438 32 24.8468
      vertex -20.0692 31.2923 25.5498
      vertex -19.9854 30.9501 25.8897
    endloop
  endfacet
  facet normal -1.23382e-05 0.704771 0.709435
    outer loop
      vertex -17.3438 32 24.8468
      vertex -20.1516 31.688 25.1567
      vertex -20.0692 31.2923 25.5498
    endloop
  endfacet
  facet normal 0 0.704715 0.70949
    outer loop
      vertex -20.1516 31.688 25.1567
      vertex -17.3438 32 24.8468
      vertex -20.2165 32 24.8468
    endloop
  endfacet
  facet normal -0.000424014 -0.946922 -0.321464
    outer loop
      vertex -21.3718 0.228363 1.85194
      vertex -21.3892 0.102219 2.22354
      vertex -21.3837 0.175684 2.00713
    endloop
  endfacet
  facet normal 0 -0.946928 -0.321446
    outer loop
      vertex -21.3892 0.102219 2.22354
      vertex -21.3718 0.228363 1.85194
      vertex 21.3865 0.102219 2.22354
    endloop
  endfacet
  facet normal 0 -0.946928 -0.321446
    outer loop
      vertex 21.3865 0.102219 2.22354
      vertex -21.3718 0.228363 1.85194
      vertex 21.3747 0.228363 1.85194
    endloop
  endfacet
  facet normal -3.36549e-06 -0.0654041 -0.997859
    outer loop
      vertex 21.3561 2.60843 0.0256653
      vertex 21.3784 3 0
      vertex 21.3745 2.85506 0.00950002
    endloop
  endfacet
  facet normal 0 -0.0654043 -0.997859
    outer loop
      vertex -21.3557 2.60843 0.0256653
      vertex 21.3784 3 0
      vertex 21.3561 2.60843 0.0256653
    endloop
  endfacet
  facet normal -0 -0.0654043 -0.997859
    outer loop
      vertex 21.3784 3 0
      vertex -21.3557 2.60843 0.0256653
      vertex -21.3807 3 0
    endloop
  endfacet
  facet normal 0.00180473 -0.980795 -0.195031
    outer loop
      vertex -21.3992 0.0333762 2.56966
      vertex -21.4 0.0256653 2.60843
      vertex -21.4 0.0276717 2.59834
    endloop
  endfacet
  facet normal 0 -0.98079 -0.195068
    outer loop
      vertex -21.4 0.0256653 2.60843
      vertex -21.3992 0.0333762 2.56966
      vertex 21.4 0.0256653 2.60843
    endloop
  endfacet
  facet normal 1.59644e-08 -0.980786 -0.195085
    outer loop
      vertex 21.3987 0.034813 2.56244
      vertex 21.4 0.0256653 2.60843
      vertex -21.3992 0.0333762 2.56966
    endloop
  endfacet
  facet normal -0.00194088 -0.980795 -0.195031
    outer loop
      vertex 21.4 0.0256653 2.60843
      vertex 21.3987 0.034813 2.56244
      vertex 21.4 0.0276717 2.59834
    endloop
  endfacet
  facet normal 1.7228e-08 -0.980788 -0.195077
    outer loop
      vertex -21.3892 0.102219 2.22354
      vertex 21.3987 0.034813 2.56244
      vertex -21.3992 0.0333762 2.56966
    endloop
  endfacet
  facet normal 0 -0.980788 -0.195075
    outer loop
      vertex 21.3987 0.034813 2.56244
      vertex -21.3892 0.102219 2.22354
      vertex 21.3865 0.102219 2.22354
    endloop
  endfacet
  facet normal 0.0600613 -0.323191 -0.944426
    outer loop
      vertex 21.3175 1.85194 0.228363
      vertex 21.324 2.00246 0.177267
      vertex 21.3176 1.85337 0.22788
    endloop
  endfacet
  facet normal -0.00336821 -0.321315 -0.946966
    outer loop
      vertex 21.324 2.00246 0.177267
      vertex 21.3175 1.85194 0.228363
      vertex 21.3334 2.22354 0.102219
    endloop
  endfacet
  facet normal 0 -0.321446 -0.946928
    outer loop
      vertex -21.3144 1.85194 0.228363
      vertex 21.3334 2.22354 0.102219
      vertex 21.3175 1.85194 0.228363
    endloop
  endfacet
  facet normal -0.000536957 -0.321474 -0.946918
    outer loop
      vertex -21.3362 2.22354 0.102219
      vertex -21.3144 1.85194 0.228363
      vertex -21.3349 2.18658 0.114766
    endloop
  endfacet
  facet normal 0 -0.321446 -0.946928
    outer loop
      vertex -21.3144 1.85194 0.228363
      vertex -21.3362 2.22354 0.102219
      vertex 21.3334 2.22354 0.102219
    endloop
  endfacet
  facet normal 0.000733479 -0.831486 -0.555545
    outer loop
      vertex -21.3284 0.619934 1.17372
      vertex -21.3486 0.401917 1.5
      vertex -21.3349 0.57219 1.24517
    endloop
  endfacet
  facet normal 0 -0.831465 -0.555577
    outer loop
      vertex -21.3486 0.401917 1.5
      vertex -21.3284 0.619934 1.17372
      vertex 21.3478 0.401917 1.5
    endloop
  endfacet
  facet normal 0 -0.831465 -0.555577
    outer loop
      vertex 21.3478 0.401917 1.5
      vertex -21.3284 0.619934 1.17372
      vertex 21.3273 0.619934 1.17372
    endloop
  endfacet
  facet normal 0 -0.195076 -0.980788
    outer loop
      vertex -21.3362 2.22354 0.102219
      vertex 21.3561 2.60843 0.0256653
      vertex 21.3334 2.22354 0.102219
    endloop
  endfacet
  facet normal -0 -0.195076 -0.980788
    outer loop
      vertex 21.3561 2.60843 0.0256653
      vertex -21.3362 2.22354 0.102219
      vertex -21.3557 2.60843 0.0256653
    endloop
  endfacet
  facet normal 0 0.573577 0.819152
    outer loop
      vertex -11.25 14.6158 8.97544
      vertex -18.1 14.6158 8.97544
      vertex -11.25 13.8 9.54667
    endloop
  endfacet
  facet normal -0 0.573607 0.819131
    outer loop
      vertex -11.25 13.8 9.54667
      vertex -10.965 13.3052 9.89316
      vertex -10.965 13.8 9.54667
    endloop
  endfacet
  facet normal 2.00169e-06 0.573588 0.819144
    outer loop
      vertex -18.1 13.3052 9.89316
      vertex -11.25 13.8 9.54667
      vertex -18.1 14.6158 8.97544
    endloop
  endfacet
  facet normal 0 0.573607 0.819131
    outer loop
      vertex -11.25 13.8 9.54667
      vertex -18.1 13.3052 9.89316
      vertex -10.965 13.3052 9.89316
    endloop
  endfacet
  facet normal 1 0 0
    outer loop
      vertex -10.965 12.4697 8.70002
      vertex -10.965 13.8 9.54667
      vertex -10.965 13.3052 9.89316
    endloop
  endfacet
  facet normal 1 0 0
    outer loop
      vertex -10.965 13.8 9.54667
      vertex -10.965 12.4697 8.70002
      vertex -10.965 13.8 7.81036
    endloop
  endfacet
  facet normal 1 0 0
    outer loop
      vertex -10.965 12.4697 8.70002
      vertex -10.965 10.7069 3.39292
      vertex -10.965 13.8 7.81036
    endloop
  endfacet
  facet normal 1 0 -0
    outer loop
      vertex -10.965 10.7069 3.39292
      vertex -10.965 12.4697 8.70002
      vertex -10.965 9.39623 4.31064
    endloop
  endfacet
  facet normal 1 -0 0
    outer loop
      vertex -10.965 25.2191 26.9081
      vertex -10.965 26.8817 26.493
      vertex -10.965 25.5711 27.4107
    endloop
  endfacet
  facet normal 1 0 0
    outer loop
      vertex -10.965 25.2191 26.9081
      vertex -10.965 22.9728 20.9105
      vertex -10.965 26.8817 26.493
    endloop
  endfacet
  facet normal 1 0 -0
    outer loop
      vertex -10.965 22.9728 20.9105
      vertex -10.965 25.2191 26.9081
      vertex -10.965 21.6622 21.8282
    endloop
  endfacet
  facet normal 0 -0.57358 -0.81915
    outer loop
      vertex -10.965 21.6622 21.8282
      vertex -17.2282 22.9728 20.9105
      vertex -10.965 22.9728 20.9105
    endloop
  endfacet
  facet normal 0 -0.57358 -0.81915
    outer loop
      vertex -18.1 21.6622 21.8282
      vertex -17.2282 22.9728 20.9105
      vertex -10.965 21.6622 21.8282
    endloop
  endfacet
  facet normal -0 -0.57358 -0.81915
    outer loop
      vertex -17.2282 22.9728 20.9105
      vertex -18.1 21.6622 21.8282
      vertex -18.1 22.9728 20.9105
    endloop
  endfacet
  facet normal -1 0 0
    outer loop
      vertex 10.965 13.8 7.81036
      vertex 10.965 13.3052 9.89316
      vertex 10.965 13.8 9.54667
    endloop
  endfacet
  facet normal -1 0 0
    outer loop
      vertex 10.965 9.39623 4.31064
      vertex 10.965 13.8 7.81036
      vertex 10.965 10.7069 3.39292
    endloop
  endfacet
  facet normal -1 -0 0
    outer loop
      vertex 10.965 13.8 7.81036
      vertex 10.965 9.39623 4.31064
      vertex 10.965 13.3052 9.89316
    endloop
  endfacet
  facet normal 0 0.573588 0.819144
    outer loop
      vertex 18.1 14.6158 8.97544
      vertex 17.5473 13.3052 9.89316
      vertex 18.1 13.3052 9.89316
    endloop
  endfacet
  facet normal 0 0.573588 0.819144
    outer loop
      vertex 18.1 14.6158 8.97544
      vertex 17.1515 13.3052 9.89316
      vertex 17.5473 13.3052 9.89316
    endloop
  endfacet
  facet normal -0 0.573588 0.819144
    outer loop
      vertex 11.25 14.6158 8.97544
      vertex 17.1515 13.3052 9.89316
      vertex 18.1 14.6158 8.97544
    endloop
  endfacet
  facet normal -3.73263e-06 0.573577 0.819152
    outer loop
      vertex 11.25 13.8 9.54667
      vertex 17.1515 13.3052 9.89316
      vertex 11.25 14.6158 8.97544
    endloop
  endfacet
  facet normal 0 0.573607 0.819131
    outer loop
      vertex 10.965 13.3052 9.89316
      vertex 11.25 13.8 9.54667
      vertex 10.965 13.8 9.54667
    endloop
  endfacet
  facet normal 0 0.573607 0.819131
    outer loop
      vertex 11.25 13.8 9.54667
      vertex 10.965 13.3052 9.89316
      vertex 17.1515 13.3052 9.89316
    endloop
  endfacet
  facet normal -1 -0 0
    outer loop
      vertex 10.965 26.8817 26.493
      vertex 10.965 23.5383 24.5076
      vertex 10.965 25.5711 27.4107
    endloop
  endfacet
  facet normal -1 0 0
    outer loop
      vertex 10.965 22.9728 20.9105
      vertex 10.965 23.5383 24.5076
      vertex 10.965 26.8817 26.493
    endloop
  endfacet
  facet normal -1 0 0
    outer loop
      vertex 10.965 23.5383 24.5076
      vertex 10.965 22.9728 20.9105
      vertex 10.965 21.6622 21.8282
    endloop
  endfacet
  facet normal 0 -0.57358 -0.81915
    outer loop
      vertex 18.0147 21.6622 21.8282
      vertex 18.1 22.9728 20.9105
      vertex 18.1 21.6622 21.8282
    endloop
  endfacet
  facet normal 0 -0.57358 -0.81915
    outer loop
      vertex 18.0147 21.6622 21.8282
      vertex 17.2282 22.9728 20.9105
      vertex 18.1 22.9728 20.9105
    endloop
  endfacet
  facet normal 0 -0.57358 -0.81915
    outer loop
      vertex 16.9256 21.6622 21.8282
      vertex 17.2282 22.9728 20.9105
      vertex 18.0147 21.6622 21.8282
    endloop
  endfacet
  facet normal 0 -0.57358 -0.81915
    outer loop
      vertex 10.965 22.9728 20.9105
      vertex 16.9256 21.6622 21.8282
      vertex 10.965 21.6622 21.8282
    endloop
  endfacet
  facet normal 0 -0.57358 -0.81915
    outer loop
      vertex 16.9256 21.6622 21.8282
      vertex 10.965 22.9728 20.9105
      vertex 17.2282 22.9728 20.9105
    endloop
  endfacet
  facet normal -0 0.573568 0.819158
    outer loop
      vertex -10.965 10.7069 3.39292
      vertex 10.965 9.39623 4.31064
      vertex 10.965 10.7069 3.39292
    endloop
  endfacet
  facet normal 0 0.573568 0.819158
    outer loop
      vertex 10.965 9.39623 4.31064
      vertex -10.965 10.7069 3.39292
      vertex -10.965 9.39623 4.31064
    endloop
  endfacet
  facet normal 0 -0.57358 -0.81915
    outer loop
      vertex -3.22225 25.5711 27.4107
      vertex 10.965 26.8817 26.493
      vertex 10.965 25.5711 27.4107
    endloop
  endfacet
  facet normal 0 -0.57358 -0.81915
    outer loop
      vertex -10.965 26.8817 26.493
      vertex -3.22225 25.5711 27.4107
      vertex -10.965 25.5711 27.4107
    endloop
  endfacet
  facet normal 0 -0.57358 -0.81915
    outer loop
      vertex -3.22225 25.5711 27.4107
      vertex -10.965 26.8817 26.493
      vertex 10.965 26.8817 26.493
    endloop
  endfacet
  facet normal -1 0 0
    outer loop
      vertex 18.1 14.6158 8.97544
      vertex 18.1 14.9026 12.1745
      vertex 18.1 16.2132 11.2568
    endloop
  endfacet
  facet normal -1 0 0
    outer loop
      vertex 18.1 14.9026 12.1745
      vertex 18.1 14.6158 8.97544
      vertex 18.1 13.3052 9.89316
    endloop
  endfacet
  facet normal -1 0 0
    outer loop
      vertex 18.1 21.3754 18.6291
      vertex 18.1 21.6622 21.8282
      vertex 18.1 22.9728 20.9105
    endloop
  endfacet
  facet normal -1 0 0
    outer loop
      vertex 18.1 21.6622 21.8282
      vertex 18.1 21.3754 18.6291
      vertex 18.1 20.0648 19.5469
    endloop
  endfacet
  facet normal 1 0 0
    outer loop
      vertex -18.1 14.9026 12.1745
      vertex -18.1 14.6158 8.97544
      vertex -18.1 16.2132 11.2568
    endloop
  endfacet
  facet normal 1 0 -0
    outer loop
      vertex -18.1 14.6158 8.97544
      vertex -18.1 14.9026 12.1745
      vertex -18.1 13.3052 9.89316
    endloop
  endfacet
  facet normal 1 0 0
    outer loop
      vertex -18.1 21.6622 21.8282
      vertex -18.1 21.3754 18.6291
      vertex -18.1 22.9728 20.9105
    endloop
  endfacet
  facet normal 1 0 -0
    outer loop
      vertex -18.1 21.3754 18.6291
      vertex -18.1 21.6622 21.8282
      vertex -18.1 20.0648 19.5469
    endloop
  endfacet
  facet normal 0 -0.819153 0.573576
    outer loop
      vertex -20.3 17.0324 10.6832
      vertex -19.8 22.1946 18.0556
      vertex -20.3 22.1946 18.0556
    endloop
  endfacet
  facet normal 0 -0.819153 0.573576
    outer loop
      vertex -19.8 22.1946 18.0556
      vertex -20.3 17.0324 10.6832
      vertex -19.8 17.0324 10.6832
    endloop
  endfacet
  facet normal 0 0.819149 -0.573581
    outer loop
      vertex -19.7 14.0834 12.7481
      vertex -20.3 19.2456 20.1204
      vertex -19.7 19.2456 20.1204
    endloop
  endfacet
  facet normal 0 0.819149 -0.573581
    outer loop
      vertex -20.3 19.2456 20.1204
      vertex -19.7 14.0834 12.7481
      vertex -20.3 14.0834 12.7481
    endloop
  endfacet
  facet normal 1 0 0
    outer loop
      vertex -20.3 19.2456 20.1204
      vertex -20.3 17.0324 10.6832
      vertex -20.3 22.1946 18.0556
    endloop
  endfacet
  facet normal 1 0 -0
    outer loop
      vertex -20.3 17.0324 10.6832
      vertex -20.3 19.2456 20.1204
      vertex -20.3 14.0834 12.7481
    endloop
  endfacet
  facet normal 0 -0.573503 -0.819204
    outer loop
      vertex -20.3 19.2456 20.1204
      vertex -19.7 20.0648 19.5469
      vertex -19.7 19.2456 20.1204
    endloop
  endfacet
  facet normal 0 -0.573622 -0.81912
    outer loop
      vertex -19.7 20.0648 19.5469
      vertex -19.7819 21.3754 18.6291
      vertex -19.7585 21.3754 18.6291
    endloop
  endfacet
  facet normal 0 -0.573622 -0.81912
    outer loop
      vertex -19.7 20.0648 19.5469
      vertex -19.8 21.3754 18.6291
      vertex -19.7819 21.3754 18.6291
    endloop
  endfacet
  facet normal 0.00021949 -0.57361 -0.819128
    outer loop
      vertex -19.7 20.0648 19.5469
      vertex -20.3 19.2456 20.1204
      vertex -19.8 21.3754 18.6291
    endloop
  endfacet
  facet normal -0.000129256 -0.573556 -0.819167
    outer loop
      vertex -20.3 22.1946 18.0556
      vertex -19.8 21.3754 18.6291
      vertex -20.3 19.2456 20.1204
    endloop
  endfacet
  facet normal 0 -0.573503 -0.819204
    outer loop
      vertex -19.8 21.3754 18.6291
      vertex -20.3 22.1946 18.0556
      vertex -19.8 22.1946 18.0556
    endloop
  endfacet
  facet normal 0 -0.573622 -0.81912
    outer loop
      vertex -19.2655 20.0648 19.5469
      vertex -18.1 21.3754 18.6291
      vertex -18.1 20.0648 19.5469
    endloop
  endfacet
  facet normal 0 -0.573622 -0.81912
    outer loop
      vertex -19.4973 21.3754 18.6291
      vertex -19.2655 20.0648 19.5469
      vertex -19.4381 20.0648 19.5469
    endloop
  endfacet
  facet normal 0 -0.573622 -0.81912
    outer loop
      vertex -19.2655 20.0648 19.5469
      vertex -19.4973 21.3754 18.6291
      vertex -18.1 21.3754 18.6291
    endloop
  endfacet
  facet normal 0 -0.573622 -0.81912
    outer loop
      vertex -19.5108 20.0648 19.5469
      vertex -19.4973 21.3754 18.6291
      vertex -19.4381 20.0648 19.5469
    endloop
  endfacet
  facet normal 0 -0.573622 -0.81912
    outer loop
      vertex -19.6908 20.0648 19.5469
      vertex -19.4973 21.3754 18.6291
      vertex -19.5108 20.0648 19.5469
    endloop
  endfacet
  facet normal 0 -0.573622 -0.81912
    outer loop
      vertex -19.7585 21.3754 18.6291
      vertex -19.6908 20.0648 19.5469
      vertex -19.7 20.0648 19.5469
    endloop
  endfacet
  facet normal 0 -0.573622 -0.81912
    outer loop
      vertex -19.6908 20.0648 19.5469
      vertex -19.7585 21.3754 18.6291
      vertex -19.4973 21.3754 18.6291
    endloop
  endfacet
  facet normal 0 0.57357 0.819157
    outer loop
      vertex -19.8 17.0324 10.6832
      vertex -20.3 17.0324 10.6832
      vertex -19.8 16.2132 11.2568
    endloop
  endfacet
  facet normal -0 0.57358 0.81915
    outer loop
      vertex -18.2361 16.2132 11.2568
      vertex -18.1 14.9026 12.1745
      vertex -18.1 16.2132 11.2568
    endloop
  endfacet
  facet normal 0 0.57358 0.81915
    outer loop
      vertex -18.2361 16.2132 11.2568
      vertex -18.8088 14.9026 12.1745
      vertex -18.1 14.9026 12.1745
    endloop
  endfacet
  facet normal -0 0.57358 0.81915
    outer loop
      vertex -19.5685 16.2132 11.2568
      vertex -18.8088 14.9026 12.1745
      vertex -18.2361 16.2132 11.2568
    endloop
  endfacet
  facet normal 0 0.57358 0.81915
    outer loop
      vertex -18.8088 14.9026 12.1745
      vertex -19.5685 16.2132 11.2568
      vertex -19.1688 14.9026 12.1745
    endloop
  endfacet
  facet normal 0 0.57358 0.81915
    outer loop
      vertex -19.1688 14.9026 12.1745
      vertex -19.5685 16.2132 11.2568
      vertex -19.3203 14.9026 12.1745
    endloop
  endfacet
  facet normal 0 0.57358 0.81915
    outer loop
      vertex -19.5685 16.2132 11.2568
      vertex -19.6957 14.9026 12.1745
      vertex -19.3203 14.9026 12.1745
    endloop
  endfacet
  facet normal -0 0.57358 0.81915
    outer loop
      vertex -19.7398 16.2132 11.2568
      vertex -19.6957 14.9026 12.1745
      vertex -19.5685 16.2132 11.2568
    endloop
  endfacet
  facet normal 0 0.57358 0.81915
    outer loop
      vertex -19.6957 14.9026 12.1745
      vertex -19.7398 16.2132 11.2568
      vertex -19.7 14.9026 12.1745
    endloop
  endfacet
  facet normal -0 0.57358 0.81915
    outer loop
      vertex -19.7883 16.2132 11.2568
      vertex -19.7 14.9026 12.1745
      vertex -19.7398 16.2132 11.2568
    endloop
  endfacet
  facet normal -0 0.57358 0.81915
    outer loop
      vertex -19.8 16.2132 11.2568
      vertex -19.7 14.9026 12.1745
      vertex -19.7883 16.2132 11.2568
    endloop
  endfacet
  facet normal -1.85665e-05 0.573579 0.81915
    outer loop
      vertex -20.3 14.0834 12.7481
      vertex -19.7 14.9026 12.1745
      vertex -19.8 16.2132 11.2568
    endloop
  endfacet
  facet normal 1.09332e-05 0.573574 0.819154
    outer loop
      vertex -20.3 14.0834 12.7481
      vertex -19.8 16.2132 11.2568
      vertex -20.3 17.0324 10.6832
    endloop
  endfacet
  facet normal 0 0.57357 0.819157
    outer loop
      vertex -19.7 14.9026 12.1745
      vertex -20.3 14.0834 12.7481
      vertex -19.7 14.0834 12.7481
    endloop
  endfacet
  facet normal 0 -0.819153 0.573576
    outer loop
      vertex 19.8 17.0324 10.6832
      vertex 20.3 22.1946 18.0556
      vertex 19.8 22.1946 18.0556
    endloop
  endfacet
  facet normal 0 -0.819153 0.573576
    outer loop
      vertex 20.3 22.1946 18.0556
      vertex 19.8 17.0324 10.6832
      vertex 20.3 17.0324 10.6832
    endloop
  endfacet
  facet normal 0 0.819149 -0.573581
    outer loop
      vertex 20.3 14.0834 12.7481
      vertex 19.7 19.2456 20.1204
      vertex 20.3 19.2456 20.1204
    endloop
  endfacet
  facet normal 0 0.819149 -0.573581
    outer loop
      vertex 19.7 19.2456 20.1204
      vertex 20.3 14.0834 12.7481
      vertex 19.7 14.0834 12.7481
    endloop
  endfacet
  facet normal -1 0 0
    outer loop
      vertex 20.3 17.0324 10.6832
      vertex 20.3 19.2456 20.1204
      vertex 20.3 22.1946 18.0556
    endloop
  endfacet
  facet normal -1 0 0
    outer loop
      vertex 20.3 19.2456 20.1204
      vertex 20.3 17.0324 10.6832
      vertex 20.3 14.0834 12.7481
    endloop
  endfacet
  facet normal 0.000129256 -0.573556 -0.819167
    outer loop
      vertex 20.3 19.2456 20.1204
      vertex 19.8 21.3754 18.6291
      vertex 20.3 22.1946 18.0556
    endloop
  endfacet
  facet normal -0.00021949 -0.57361 -0.819128
    outer loop
      vertex 19.7 20.0648 19.5469
      vertex 19.8 21.3754 18.6291
      vertex 20.3 19.2456 20.1204
    endloop
  endfacet
  facet normal -0 -0.573622 -0.81912
    outer loop
      vertex 19.8 21.3754 18.6291
      vertex 19.7 20.0648 19.5469
      vertex 19.7819 21.3754 18.6291
    endloop
  endfacet
  facet normal 0 -0.573503 -0.819204
    outer loop
      vertex 19.7 20.0648 19.5469
      vertex 20.3 19.2456 20.1204
      vertex 19.7 19.2456 20.1204
    endloop
  endfacet
  facet normal -0 -0.573622 -0.81912
    outer loop
      vertex 19.7819 21.3754 18.6291
      vertex 19.7 20.0648 19.5469
      vertex 19.7585 21.3754 18.6291
    endloop
  endfacet
  facet normal 0 -0.573622 -0.81912
    outer loop
      vertex 19.7 20.0648 19.5469
      vertex 19.4973 21.3754 18.6291
      vertex 19.7585 21.3754 18.6291
    endloop
  endfacet
  facet normal 0 -0.573622 -0.81912
    outer loop
      vertex 18.8199 20.0648 19.5469
      vertex 19.4973 21.3754 18.6291
      vertex 19.7 20.0648 19.5469
    endloop
  endfacet
  facet normal 0 -0.573622 -0.81912
    outer loop
      vertex 18.1 21.3754 18.6291
      vertex 18.8199 20.0648 19.5469
      vertex 18.1 20.0648 19.5469
    endloop
  endfacet
  facet normal 0 -0.573622 -0.81912
    outer loop
      vertex 18.8199 20.0648 19.5469
      vertex 18.1 21.3754 18.6291
      vertex 19.4973 21.3754 18.6291
    endloop
  endfacet
  facet normal -0 -0.573503 -0.819204
    outer loop
      vertex 20.3 22.1946 18.0556
      vertex 19.8 21.3754 18.6291
      vertex 19.8 22.1946 18.0556
    endloop
  endfacet
  facet normal -0 0.57358 0.81915
    outer loop
      vertex 19.5685 16.2132 11.2568
      vertex 19.7 14.9026 12.1745
      vertex 19.7398 16.2132 11.2568
    endloop
  endfacet
  facet normal 0 0.57358 0.81915
    outer loop
      vertex 19.5685 16.2132 11.2568
      vertex 19.2858 14.9026 12.1745
      vertex 19.7 14.9026 12.1745
    endloop
  endfacet
  facet normal -0 0.57358 0.81915
    outer loop
      vertex 18.2361 16.2132 11.2568
      vertex 19.2858 14.9026 12.1745
      vertex 19.5685 16.2132 11.2568
    endloop
  endfacet
  facet normal 0 0.57358 0.81915
    outer loop
      vertex 18.1 14.9026 12.1745
      vertex 18.2361 16.2132 11.2568
      vertex 18.1 16.2132 11.2568
    endloop
  endfacet
  facet normal 0 0.57358 0.81915
    outer loop
      vertex 18.2361 16.2132 11.2568
      vertex 18.1 14.9026 12.1745
      vertex 19.2858 14.9026 12.1745
    endloop
  endfacet
  facet normal 0 0.57357 0.819157
    outer loop
      vertex 19.8 16.2132 11.2568
      vertex 20.3 17.0324 10.6832
      vertex 19.8 17.0324 10.6832
    endloop
  endfacet
  facet normal -1.09332e-05 0.573574 0.819154
    outer loop
      vertex 20.3 17.0324 10.6832
      vertex 19.8 16.2132 11.2568
      vertex 20.3 14.0834 12.7481
    endloop
  endfacet
  facet normal 0 0.57358 0.81915
    outer loop
      vertex 19.7 14.9026 12.1745
      vertex 19.8 16.2132 11.2568
      vertex 19.7883 16.2132 11.2568
    endloop
  endfacet
  facet normal 0 0.57358 0.81915
    outer loop
      vertex 19.7 14.9026 12.1745
      vertex 19.7883 16.2132 11.2568
      vertex 19.7398 16.2132 11.2568
    endloop
  endfacet
  facet normal 1.85665e-05 0.573579 0.81915
    outer loop
      vertex 19.8 16.2132 11.2568
      vertex 19.7 14.9026 12.1745
      vertex 20.3 14.0834 12.7481
    endloop
  endfacet
  facet normal 0 0.57357 0.819157
    outer loop
      vertex 20.3 14.0834 12.7481
      vertex 19.7 14.9026 12.1745
      vertex 19.7 14.0834 12.7481
    endloop
  endfacet
  facet normal -3.94043e-05 -0.704719 -0.709487
    outer loop
      vertex 16.5726 27.3702 27.1906
      vertex 19.2159 29.7731 24.8037
      vertex 18.9803 28.5211 26.0473
    endloop
  endfacet
  facet normal 0.00276523 -0.706059 -0.708148
    outer loop
      vertex 17.9034 27.3702 27.1906
      vertex 18.9803 28.5211 26.0473
      vertex 18.9701 28.4668 26.1014
    endloop
  endfacet
  facet normal 0 -0.704709 -0.709497
    outer loop
      vertex 18.7047 27.3702 27.1906
      vertex 18.9701 28.4668 26.1014
      vertex 18.7068 27.3702 27.1906
    endloop
  endfacet
  facet normal 0 -0.704709 -0.709497
    outer loop
      vertex 18.7028 27.3702 27.1906
      vertex 18.9701 28.4668 26.1014
      vertex 18.7047 27.3702 27.1906
    endloop
  endfacet
  facet normal 0 -0.704709 -0.709497
    outer loop
      vertex 17.9034 27.3702 27.1906
      vertex 18.9701 28.4668 26.1014
      vertex 18.7028 27.3702 27.1906
    endloop
  endfacet
  facet normal 0 -0.70476 -0.709445
    outer loop
      vertex 18.9803 28.5211 26.0473
      vertex 17.9034 27.3702 27.1906
      vertex 16.5726 27.3702 27.1906
    endloop
  endfacet
  facet normal 3.54921e-05 -0.70476 -0.709445
    outer loop
      vertex 19.2159 29.7731 24.8037
      vertex 16.5726 27.3702 27.1906
      vertex 19.2488 30 24.5783
    endloop
  endfacet
  facet normal 0 -0.704742 -0.709463
    outer loop
      vertex -16.5726 27.3702 27.1906
      vertex 19.2488 30 24.5783
      vertex 16.5726 27.3702 27.1906
    endloop
  endfacet
  facet normal 0 -0.70476 -0.709445
    outer loop
      vertex -18.9803 28.5211 26.0473
      vertex -16.5726 27.3702 27.1906
      vertex -17.9034 27.3702 27.1906
    endloop
  endfacet
  facet normal 0 -0.704709 -0.709497
    outer loop
      vertex -18.9701 28.4668 26.1014
      vertex -17.9034 27.3702 27.1906
      vertex -18.7028 27.3702 27.1906
    endloop
  endfacet
  facet normal 0 -0.704709 -0.709497
    outer loop
      vertex -18.9701 28.4668 26.1014
      vertex -18.7028 27.3702 27.1906
      vertex -18.7047 27.3702 27.1906
    endloop
  endfacet
  facet normal 0 -0.704709 -0.709497
    outer loop
      vertex -18.9701 28.4668 26.1014
      vertex -18.7047 27.3702 27.1906
      vertex -18.7068 27.3702 27.1906
    endloop
  endfacet
  facet normal -0.00276523 -0.706059 -0.708148
    outer loop
      vertex -17.9034 27.3702 27.1906
      vertex -18.9701 28.4668 26.1014
      vertex -18.9803 28.5211 26.0473
    endloop
  endfacet
  facet normal 3.94043e-05 -0.704719 -0.709487
    outer loop
      vertex -16.5726 27.3702 27.1906
      vertex -18.9803 28.5211 26.0473
      vertex -19.2159 29.7731 24.8037
    endloop
  endfacet
  facet normal -3.54921e-05 -0.70476 -0.709445
    outer loop
      vertex -16.5726 27.3702 27.1906
      vertex -19.2159 29.7731 24.8037
      vertex -19.2488 30 24.5783
    endloop
  endfacet
  facet normal 0 -0.704742 -0.709463
    outer loop
      vertex -16.5726 27.3702 27.1906
      vertex -19.2488 30 24.5783
      vertex 19.2488 30 24.5783
    endloop
  endfacet
  facet normal -0 0 1
    outer loop
      vertex -13 35.4 1.59999
      vertex -12.75 20.1896 1.59999
      vertex -12.75 41.0474 1.59999
    endloop
  endfacet
  facet normal 0 0 1
    outer loop
      vertex -12.75 20.1896 1.59999
      vertex -13 35.4 1.59999
      vertex -12.7804 20.276 1.59999
    endloop
  endfacet
  facet normal 0 0 1
    outer loop
      vertex -13 35.4 1.59999
      vertex -12.75 41.0474 1.59999
      vertex -13 41.0474 1.59999
    endloop
  endfacet
  facet normal 0 0 1
    outer loop
      vertex -12.7804 20.276 1.59999
      vertex -13 35.4 1.59999
      vertex -12.9425 20.7372 1.59999
    endloop
  endfacet
  facet normal 0 0 1
    outer loop
      vertex -13 35.4 1.59999
      vertex -13.1972 21.2573 1.59999
      vertex -12.9425 20.7372 1.59999
    endloop
  endfacet
  facet normal 0 0 1
    outer loop
      vertex -13 35.4 1.59999
      vertex -13.4251 21.5965 1.59999
      vertex -13.1972 21.2573 1.59999
    endloop
  endfacet
  facet normal 0 0 1
    outer loop
      vertex -13 35.4 1.59999
      vertex -13.4955 21.7014 1.59999
      vertex -13.4251 21.5965 1.59999
    endloop
  endfacet
  facet normal 0 0 1
    outer loop
      vertex -13 35.4 1.59999
      vertex -13.83 22.0588 1.59999
      vertex -13.4955 21.7014 1.59999
    endloop
  endfacet
  facet normal 0 0 1
    outer loop
      vertex -13 35.4 1.59999
      vertex -14.1925 22.3205 1.59999
      vertex -13.83 22.0588 1.59999
    endloop
  endfacet
  facet normal 0 0 1
    outer loop
      vertex -13 35.4 1.59999
      vertex -14.2885 22.3608 1.59999
      vertex -14.1925 22.3205 1.59999
    endloop
  endfacet
  facet normal 0 0 1
    outer loop
      vertex -13 35.4 1.59999
      vertex -14.5739 22.4802 1.59999
      vertex -14.2885 22.3608 1.59999
    endloop
  endfacet
  facet normal 0 0 1
    outer loop
      vertex -13 35.4 1.59999
      vertex -14.8652 22.5202 1.59999
      vertex -14.5739 22.4802 1.59999
    endloop
  endfacet
  facet normal 0 0 1
    outer loop
      vertex -13 35.4 1.59999
      vertex -14.965 22.5339 1.59999
      vertex -14.8652 22.5202 1.59999
    endloop
  endfacet
  facet normal 0 0 1
    outer loop
      vertex -13 35.4 1.59999
      vertex -15.0648 22.5202 1.59999
      vertex -14.965 22.5339 1.59999
    endloop
  endfacet
  facet normal -0 0 1
    outer loop
      vertex -19 35.4 1.59999
      vertex -15.0648 22.5202 1.59999
      vertex -13 35.4 1.59999
    endloop
  endfacet
  facet normal 0 0 1
    outer loop
      vertex -15.0648 22.5202 1.59999
      vertex -19 35.4 1.59999
      vertex -15.3561 22.4802 1.59999
    endloop
  endfacet
  facet normal 0 0 1
    outer loop
      vertex -15.3561 22.4802 1.59999
      vertex -19 35.4 1.59999
      vertex -15.6415 22.3608 1.59999
    endloop
  endfacet
  facet normal 0 0 1
    outer loop
      vertex -15.6415 22.3608 1.59999
      vertex -19 35.4 1.59999
      vertex -15.7375 22.3205 1.59999
    endloop
  endfacet
  facet normal 0 0 1
    outer loop
      vertex -15.7375 22.3205 1.59999
      vertex -19 35.4 1.59999
      vertex -16.1 22.0588 1.59999
    endloop
  endfacet
  facet normal 0 0 1
    outer loop
      vertex -16.1 22.0588 1.59999
      vertex -19 35.4 1.59999
      vertex -16.4345 21.7014 1.59999
    endloop
  endfacet
  facet normal 0 0 1
    outer loop
      vertex -16.4345 21.7014 1.59999
      vertex -19 35.4 1.59999
      vertex -16.5049 21.5965 1.59999
    endloop
  endfacet
  facet normal 0 0 1
    outer loop
      vertex -16.5049 21.5965 1.59999
      vertex -19 35.4 1.59999
      vertex -16.7328 21.2573 1.59999
    endloop
  endfacet
  facet normal 0 0 1
    outer loop
      vertex -16.7328 21.2573 1.59999
      vertex -19 35.4 1.59999
      vertex -16.9875 20.7372 1.59999
    endloop
  endfacet
  facet normal 0 0 1
    outer loop
      vertex -16.9875 20.7372 1.59999
      vertex -19 35.4 1.59999
      vertex -17.1496 20.276 1.59999
    endloop
  endfacet
  facet normal 0 0 1
    outer loop
      vertex -19.8 9.45145 1.59999
      vertex -17.4342 18.8571 1.59999
      vertex -19 35.4 1.59999
    endloop
  endfacet
  facet normal 0 0 1
    outer loop
      vertex -17.3426 19.5221 1.59999
      vertex -19 35.4 1.59999
      vertex -17.4342 18.8571 1.59999
    endloop
  endfacet
  facet normal 0 0 1
    outer loop
      vertex -17.1925 20.154 1.59999
      vertex -19 35.4 1.59999
      vertex -17.3426 19.5221 1.59999
    endloop
  endfacet
  facet normal 0 0 1
    outer loop
      vertex -17.1496 20.276 1.59999
      vertex -19 35.4 1.59999
      vertex -17.1925 20.154 1.59999
    endloop
  endfacet
  facet normal 0 0 1
    outer loop
      vertex -12.75 16.1609 1.59999
      vertex -12.9189 15.6804 1.59999
      vertex -12.75 13.8 1.59999
    endloop
  endfacet
  facet normal -0 0 1
    outer loop
      vertex 12.75 41.0474 1.59999
      vertex 13 35.4 1.59999
      vertex 13 41.0474 1.59999
    endloop
  endfacet
  facet normal 0 0 1
    outer loop
      vertex 12.75 20.1896 1.59999
      vertex 13 35.4 1.59999
      vertex 12.75 41.0474 1.59999
    endloop
  endfacet
  facet normal 0 0 1
    outer loop
      vertex 13 35.4 1.59999
      vertex 12.7804 20.276 1.59999
      vertex 12.9425 20.7372 1.59999
    endloop
  endfacet
  facet normal 0 0 1
    outer loop
      vertex 13 35.4 1.59999
      vertex 12.75 20.1896 1.59999
      vertex 12.7804 20.276 1.59999
    endloop
  endfacet
  facet normal 0 0 1
    outer loop
      vertex 19.8 9.45145 1.59999
      vertex 17.4342 18.8571 1.59999
      vertex 17.465 18.1752 1.59999
    endloop
  endfacet
  facet normal 0 0 1
    outer loop
      vertex 19 35.4 1.59999
      vertex 17.3426 19.5221 1.59999
      vertex 17.4342 18.8571 1.59999
    endloop
  endfacet
  facet normal 0 0 1
    outer loop
      vertex 19 35.4 1.59999
      vertex 17.1925 20.154 1.59999
      vertex 17.3426 19.5221 1.59999
    endloop
  endfacet
  facet normal 0 0 1
    outer loop
      vertex 19 35.4 1.59999
      vertex 17.1496 20.276 1.59999
      vertex 17.1925 20.154 1.59999
    endloop
  endfacet
  facet normal 0 0 1
    outer loop
      vertex 19 35.4 1.59999
      vertex 16.9875 20.7372 1.59999
      vertex 17.1496 20.276 1.59999
    endloop
  endfacet
  facet normal 0 0 1
    outer loop
      vertex 19 35.4 1.59999
      vertex 16.7328 21.2573 1.59999
      vertex 16.9875 20.7372 1.59999
    endloop
  endfacet
  facet normal 0 0 1
    outer loop
      vertex 19 35.4 1.59999
      vertex 16.5049 21.5965 1.59999
      vertex 16.7328 21.2573 1.59999
    endloop
  endfacet
  facet normal 0 0 1
    outer loop
      vertex 19 35.4 1.59999
      vertex 16.4345 21.7014 1.59999
      vertex 16.5049 21.5965 1.59999
    endloop
  endfacet
  facet normal 0 0 1
    outer loop
      vertex 19 35.4 1.59999
      vertex 16.1 22.0588 1.59999
      vertex 16.4345 21.7014 1.59999
    endloop
  endfacet
  facet normal 0 0 1
    outer loop
      vertex 19 35.4 1.59999
      vertex 15.7375 22.3205 1.59999
      vertex 16.1 22.0588 1.59999
    endloop
  endfacet
  facet normal 0 0 1
    outer loop
      vertex 19 35.4 1.59999
      vertex 15.6415 22.3608 1.59999
      vertex 15.7375 22.3205 1.59999
    endloop
  endfacet
  facet normal 0 0 1
    outer loop
      vertex 19 35.4 1.59999
      vertex 15.3561 22.4802 1.59999
      vertex 15.6415 22.3608 1.59999
    endloop
  endfacet
  facet normal 0 0 1
    outer loop
      vertex 19 35.4 1.59999
      vertex 15.0648 22.5202 1.59999
      vertex 15.3561 22.4802 1.59999
    endloop
  endfacet
  facet normal 0 0 1
    outer loop
      vertex 19 35.4 1.59999
      vertex 14.965 22.5339 1.59999
      vertex 15.0648 22.5202 1.59999
    endloop
  endfacet
  facet normal -0 0 1
    outer loop
      vertex 13 35.4 1.59999
      vertex 14.965 22.5339 1.59999
      vertex 19 35.4 1.59999
    endloop
  endfacet
  facet normal 0 0 1
    outer loop
      vertex 14.965 22.5339 1.59999
      vertex 13 35.4 1.59999
      vertex 14.8652 22.5202 1.59999
    endloop
  endfacet
  facet normal 0 0 1
    outer loop
      vertex 14.8652 22.5202 1.59999
      vertex 13 35.4 1.59999
      vertex 14.5739 22.4802 1.59999
    endloop
  endfacet
  facet normal 0 0 1
    outer loop
      vertex 14.5739 22.4802 1.59999
      vertex 13 35.4 1.59999
      vertex 14.2885 22.3608 1.59999
    endloop
  endfacet
  facet normal 0 0 1
    outer loop
      vertex 14.2885 22.3608 1.59999
      vertex 13 35.4 1.59999
      vertex 14.1925 22.3205 1.59999
    endloop
  endfacet
  facet normal 0 0 1
    outer loop
      vertex 14.1925 22.3205 1.59999
      vertex 13 35.4 1.59999
      vertex 13.83 22.0588 1.59999
    endloop
  endfacet
  facet normal 0 0 1
    outer loop
      vertex 13.83 22.0588 1.59999
      vertex 13 35.4 1.59999
      vertex 13.4955 21.7014 1.59999
    endloop
  endfacet
  facet normal 0 0 1
    outer loop
      vertex 13.4955 21.7014 1.59999
      vertex 13 35.4 1.59999
      vertex 13.4251 21.5965 1.59999
    endloop
  endfacet
  facet normal 0 0 1
    outer loop
      vertex 13.4251 21.5965 1.59999
      vertex 13 35.4 1.59999
      vertex 13.1972 21.2573 1.59999
    endloop
  endfacet
  facet normal 0 0 1
    outer loop
      vertex 13.1972 21.2573 1.59999
      vertex 13 35.4 1.59999
      vertex 12.9425 20.7372 1.59999
    endloop
  endfacet
  facet normal -0 0 1
    outer loop
      vertex 19 35.4 1.59999
      vertex 19.8 9.45145 1.59999
      vertex 19.8 41.0474 1.59999
    endloop
  endfacet
  facet normal -0 0 1
    outer loop
      vertex 17.4342 18.8571 1.59999
      vertex 19.8 9.45145 1.59999
      vertex 19 35.4 1.59999
    endloop
  endfacet
  facet normal -0 0 1
    outer loop
      vertex 17.439 17.5986 1.59999
      vertex 19.8 9.45145 1.59999
      vertex 17.465 18.1752 1.59999
    endloop
  endfacet
  facet normal -0 0 1
    outer loop
      vertex 17.4342 17.4934 1.59999
      vertex 19.8 9.45145 1.59999
      vertex 17.439 17.5986 1.59999
    endloop
  endfacet
  facet normal 0 0 1
    outer loop
      vertex 19 35.4 1.59999
      vertex 19.8 41.0474 1.59999
      vertex 19 41.0474 1.59999
    endloop
  endfacet
  facet normal -0 0 1
    outer loop
      vertex 17.4205 17.3936 1.59999
      vertex 19.8 9.45145 1.59999
      vertex 17.4342 17.4934 1.59999
    endloop
  endfacet
  facet normal -0 0 1
    outer loop
      vertex 17.3426 16.8284 1.59999
      vertex 19.8 9.45145 1.59999
      vertex 17.4205 17.3936 1.59999
    endloop
  endfacet
  facet normal -0 0 1
    outer loop
      vertex 17.1925 16.1965 1.59999
      vertex 19.8 9.45145 1.59999
      vertex 17.3426 16.8284 1.59999
    endloop
  endfacet
  facet normal -0 0 1
    outer loop
      vertex 17.0111 15.6804 1.59999
      vertex 19.8 9.45145 1.59999
      vertex 17.1925 16.1965 1.59999
    endloop
  endfacet
  facet normal -0 0 1
    outer loop
      vertex 16.9875 15.6133 1.59999
      vertex 19.8 9.45145 1.59999
      vertex 17.0111 15.6804 1.59999
    endloop
  endfacet
  facet normal -0 0 1
    outer loop
      vertex 16.7328 15.0932 1.59999
      vertex 19.8 9.45145 1.59999
      vertex 16.9875 15.6133 1.59999
    endloop
  endfacet
  facet normal 0 0 1
    outer loop
      vertex 19.8 9.45145 1.59999
      vertex 16.7328 15.0932 1.59999
      vertex 19.7967 9.45145 1.59999
    endloop
  endfacet
  facet normal 0 0 1
    outer loop
      vertex 19.7967 9.45145 1.59999
      vertex 16.7328 15.0932 1.59999
      vertex 19.7153 9.45145 1.59999
    endloop
  endfacet
  facet normal 0 0 1
    outer loop
      vertex 19.7153 9.45145 1.59999
      vertex 16.7328 15.0932 1.59999
      vertex 19.6616 9.45145 1.59999
    endloop
  endfacet
  facet normal -0 0 1
    outer loop
      vertex 16.7023 15.0479 1.59999
      vertex 19.6616 9.45145 1.59999
      vertex 16.7328 15.0932 1.59999
    endloop
  endfacet
  facet normal 0 0 1
    outer loop
      vertex 19.6616 9.45145 1.59999
      vertex 16.7023 15.0479 1.59999
      vertex 19.2442 9.45145 1.59999
    endloop
  endfacet
  facet normal -0 0 1
    outer loop
      vertex 16.4345 14.6491 1.59999
      vertex 19.2442 9.45145 1.59999
      vertex 16.7023 15.0479 1.59999
    endloop
  endfacet
  facet normal -0 0 1
    outer loop
      vertex 16.1 14.2917 1.59999
      vertex 19.2442 9.45145 1.59999
      vertex 16.4345 14.6491 1.59999
    endloop
  endfacet
  facet normal -0 0 1
    outer loop
      vertex 15.7672 14.0513 1.59999
      vertex 19.2442 9.45145 1.59999
      vertex 16.1 14.2917 1.59999
    endloop
  endfacet
  facet normal -0 0 1
    outer loop
      vertex 15.7375 14.03 1.59999
      vertex 19.2442 9.45145 1.59999
      vertex 15.7672 14.0513 1.59999
    endloop
  endfacet
  facet normal -0 0 1
    outer loop
      vertex 15.7066 14.017 1.59999
      vertex 19.2442 9.45145 1.59999
      vertex 15.7375 14.03 1.59999
    endloop
  endfacet
  facet normal -0 0 1
    outer loop
      vertex 15.3561 13.8703 1.59999
      vertex 19.2442 9.45145 1.59999
      vertex 15.7066 14.017 1.59999
    endloop
  endfacet
  facet normal -0 0 1
    outer loop
      vertex 15.3256 13.8661 1.59999
      vertex 19.2442 9.45145 1.59999
      vertex 15.3561 13.8703 1.59999
    endloop
  endfacet
  facet normal -0 0 1
    outer loop
      vertex 14.965 13.8166 1.59999
      vertex 19.2442 9.45145 1.59999
      vertex 15.3256 13.8661 1.59999
    endloop
  endfacet
  facet normal 0 0 1
    outer loop
      vertex 14.6044 13.8661 1.59999
      vertex 19.2442 9.45145 1.59999
      vertex 14.965 13.8166 1.59999
    endloop
  endfacet
  facet normal 0 0 1
    outer loop
      vertex 14.5739 13.8703 1.59999
      vertex 19.2442 9.45145 1.59999
      vertex 14.6044 13.8661 1.59999
    endloop
  endfacet
  facet normal 0 0 1
    outer loop
      vertex 12.75 13.8 1.59999
      vertex 14.5739 13.8703 1.59999
      vertex 14.2234 14.017 1.59999
    endloop
  endfacet
  facet normal 0 0 1
    outer loop
      vertex 12.75 13.8 1.59999
      vertex 14.2234 14.017 1.59999
      vertex 14.1925 14.03 1.59999
    endloop
  endfacet
  facet normal 0 0 1
    outer loop
      vertex 12.75 13.8 1.59999
      vertex 14.1925 14.03 1.59999
      vertex 14.1628 14.0513 1.59999
    endloop
  endfacet
  facet normal 0 0 1
    outer loop
      vertex 12.75 13.8 1.59999
      vertex 14.1628 14.0513 1.59999
      vertex 13.83 14.2917 1.59999
    endloop
  endfacet
  facet normal 0 0 1
    outer loop
      vertex 12.75 13.8 1.59999
      vertex 12.9189 15.6804 1.59999
      vertex 12.75 16.1609 1.59999
    endloop
  endfacet
  facet normal 0 0 1
    outer loop
      vertex 12.9189 15.6804 1.59999
      vertex 12.75 13.8 1.59999
      vertex 12.9425 15.6133 1.59999
    endloop
  endfacet
  facet normal 0 0 1
    outer loop
      vertex 12.75 13.8 1.59999
      vertex 13.1972 15.0932 1.59999
      vertex 12.9425 15.6133 1.59999
    endloop
  endfacet
  facet normal 0 0 1
    outer loop
      vertex 12.75 13.8 1.59999
      vertex 13.2277 15.0479 1.59999
      vertex 13.1972 15.0932 1.59999
    endloop
  endfacet
  facet normal 0 0 1
    outer loop
      vertex 12.75 13.8 1.59999
      vertex 13.4955 14.6491 1.59999
      vertex 13.2277 15.0479 1.59999
    endloop
  endfacet
  facet normal 0 0 1
    outer loop
      vertex 12.75 13.8 1.59999
      vertex 13.83 14.2917 1.59999
      vertex 13.4955 14.6491 1.59999
    endloop
  endfacet
  facet normal 0 0 1
    outer loop
      vertex 14.5739 13.8703 1.59999
      vertex 12.75 13.8 1.59999
      vertex 19.2442 9.45145 1.59999
    endloop
  endfacet
  facet normal -0 0 1
    outer loop
      vertex -12.75 13.8 1.59999
      vertex 19.2442 9.45145 1.59999
      vertex 12.75 13.8 1.59999
    endloop
  endfacet
  facet normal -0 0 1
    outer loop
      vertex -12.9425 15.6133 1.59999
      vertex -12.75 13.8 1.59999
      vertex -12.9189 15.6804 1.59999
    endloop
  endfacet
  facet normal -0 0 1
    outer loop
      vertex -13.1972 15.0932 1.59999
      vertex -12.75 13.8 1.59999
      vertex -12.9425 15.6133 1.59999
    endloop
  endfacet
  facet normal -0 0 1
    outer loop
      vertex -13.2277 15.0479 1.59999
      vertex -12.75 13.8 1.59999
      vertex -13.1972 15.0932 1.59999
    endloop
  endfacet
  facet normal -0 0 1
    outer loop
      vertex -13.4955 14.6491 1.59999
      vertex -12.75 13.8 1.59999
      vertex -13.2277 15.0479 1.59999
    endloop
  endfacet
  facet normal -0 0 1
    outer loop
      vertex -13.83 14.2917 1.59999
      vertex -12.75 13.8 1.59999
      vertex -13.4955 14.6491 1.59999
    endloop
  endfacet
  facet normal -0 0 1
    outer loop
      vertex -14.1628 14.0513 1.59999
      vertex -12.75 13.8 1.59999
      vertex -13.83 14.2917 1.59999
    endloop
  endfacet
  facet normal -0 0 1
    outer loop
      vertex -14.1925 14.03 1.59999
      vertex -12.75 13.8 1.59999
      vertex -14.1628 14.0513 1.59999
    endloop
  endfacet
  facet normal -0 0 1
    outer loop
      vertex -14.2234 14.017 1.59999
      vertex -12.75 13.8 1.59999
      vertex -14.1925 14.03 1.59999
    endloop
  endfacet
  facet normal -0 0 1
    outer loop
      vertex -14.5739 13.8703 1.59999
      vertex -12.75 13.8 1.59999
      vertex -14.2234 14.017 1.59999
    endloop
  endfacet
  facet normal 0 0 1
    outer loop
      vertex -19.2442 9.45145 1.59999
      vertex -12.75 13.8 1.59999
      vertex -14.5739 13.8703 1.59999
    endloop
  endfacet
  facet normal 0 0 1
    outer loop
      vertex -19.2442 9.45145 1.59999
      vertex -14.5739 13.8703 1.59999
      vertex -14.6044 13.8661 1.59999
    endloop
  endfacet
  facet normal 0 0 1
    outer loop
      vertex -19.2442 9.45145 1.59999
      vertex -14.6044 13.8661 1.59999
      vertex -14.965 13.8166 1.59999
    endloop
  endfacet
  facet normal 0 0 1
    outer loop
      vertex -17.4342 18.8571 1.59999
      vertex -19.8 9.45145 1.59999
      vertex -17.465 18.1752 1.59999
    endloop
  endfacet
  facet normal 0 0 1
    outer loop
      vertex -17.465 18.1752 1.59999
      vertex -19.8 9.45145 1.59999
      vertex -17.439 17.5986 1.59999
    endloop
  endfacet
  facet normal 0 0 1
    outer loop
      vertex -12.75 13.8 1.59999
      vertex -19.2442 9.45145 1.59999
      vertex 19.2442 9.45145 1.59999
    endloop
  endfacet
  facet normal 0 0 1
    outer loop
      vertex -15.3256 13.8661 1.59999
      vertex -19.2442 9.45145 1.59999
      vertex -14.965 13.8166 1.59999
    endloop
  endfacet
  facet normal 0 0 1
    outer loop
      vertex -15.3561 13.8703 1.59999
      vertex -19.2442 9.45145 1.59999
      vertex -15.3256 13.8661 1.59999
    endloop
  endfacet
  facet normal 0 0 1
    outer loop
      vertex -15.7066 14.017 1.59999
      vertex -19.2442 9.45145 1.59999
      vertex -15.3561 13.8703 1.59999
    endloop
  endfacet
  facet normal 0 0 1
    outer loop
      vertex -15.7375 14.03 1.59999
      vertex -19.2442 9.45145 1.59999
      vertex -15.7066 14.017 1.59999
    endloop
  endfacet
  facet normal 0 0 1
    outer loop
      vertex -15.7672 14.0513 1.59999
      vertex -19.2442 9.45145 1.59999
      vertex -15.7375 14.03 1.59999
    endloop
  endfacet
  facet normal 0 0 1
    outer loop
      vertex -16.1 14.2917 1.59999
      vertex -19.2442 9.45145 1.59999
      vertex -15.7672 14.0513 1.59999
    endloop
  endfacet
  facet normal 0 0 1
    outer loop
      vertex -16.4345 14.6491 1.59999
      vertex -19.2442 9.45145 1.59999
      vertex -16.1 14.2917 1.59999
    endloop
  endfacet
  facet normal 0 0 1
    outer loop
      vertex -16.7023 15.0479 1.59999
      vertex -19.2442 9.45145 1.59999
      vertex -16.4345 14.6491 1.59999
    endloop
  endfacet
  facet normal 0 0 1
    outer loop
      vertex -19.6616 9.45145 1.59999
      vertex -16.7023 15.0479 1.59999
      vertex -16.7328 15.0932 1.59999
    endloop
  endfacet
  facet normal 0 0 1
    outer loop
      vertex -19.8 9.45145 1.59999
      vertex -16.7328 15.0932 1.59999
      vertex -16.9875 15.6133 1.59999
    endloop
  endfacet
  facet normal 0 0 1
    outer loop
      vertex -19.8 9.45145 1.59999
      vertex -16.9875 15.6133 1.59999
      vertex -17.0111 15.6804 1.59999
    endloop
  endfacet
  facet normal 0 0 1
    outer loop
      vertex -19.8 9.45145 1.59999
      vertex -17.0111 15.6804 1.59999
      vertex -17.1925 16.1965 1.59999
    endloop
  endfacet
  facet normal 0 0 1
    outer loop
      vertex -19.8 9.45145 1.59999
      vertex -17.1925 16.1965 1.59999
      vertex -17.3426 16.8284 1.59999
    endloop
  endfacet
  facet normal 0 0 1
    outer loop
      vertex -19.8 9.45145 1.59999
      vertex -17.3426 16.8284 1.59999
      vertex -17.4205 17.3936 1.59999
    endloop
  endfacet
  facet normal 0 0 1
    outer loop
      vertex -19.8 9.45145 1.59999
      vertex -17.4205 17.3936 1.59999
      vertex -17.4342 17.4934 1.59999
    endloop
  endfacet
  facet normal 0 0 1
    outer loop
      vertex -17.439 17.5986 1.59999
      vertex -19.8 9.45145 1.59999
      vertex -17.4342 17.4934 1.59999
    endloop
  endfacet
  facet normal -0 0 1
    outer loop
      vertex -19.8 41.0474 1.59999
      vertex -19 35.4 1.59999
      vertex -19 41.0474 1.59999
    endloop
  endfacet
  facet normal 0 0 1
    outer loop
      vertex -16.7023 15.0479 1.59999
      vertex -19.6616 9.45145 1.59999
      vertex -19.2442 9.45145 1.59999
    endloop
  endfacet
  facet normal 0 0 1
    outer loop
      vertex -19.8 9.45145 1.59999
      vertex -19 35.4 1.59999
      vertex -19.8 41.0474 1.59999
    endloop
  endfacet
  facet normal 0 0 1
    outer loop
      vertex -16.7328 15.0932 1.59999
      vertex -19.7153 9.45145 1.59999
      vertex -19.6616 9.45145 1.59999
    endloop
  endfacet
  facet normal 0 0 1
    outer loop
      vertex -16.7328 15.0932 1.59999
      vertex -19.7967 9.45145 1.59999
      vertex -19.7153 9.45145 1.59999
    endloop
  endfacet
  facet normal 0 0 1
    outer loop
      vertex -16.7328 15.0932 1.59999
      vertex -19.8 9.45145 1.59999
      vertex -19.7967 9.45145 1.59999
    endloop
  endfacet
  facet normal 0 1 -0
    outer loop
      vertex 19.2488 30 24.5783
      vertex 18.3283 30 25.7059
      vertex 20.5557 30 25.7059
    endloop
  endfacet
  facet normal 0 1 0
    outer loop
      vertex 18.3283 30 25.7059
      vertex 19.2488 30 24.5783
      vertex -18.3283 30 25.7059
    endloop
  endfacet
  facet normal 0 1 0
    outer loop
      vertex -18.3283 30 25.7059
      vertex -19.2488 30 24.5783
      vertex -20.5591 30 25.7059
    endloop
  endfacet
  facet normal 0 1 0
    outer loop
      vertex 19.2488 30 24.5783
      vertex 20.5557 30 25.7059
      vertex 20.6221 30 25.5903
    endloop
  endfacet
  facet normal 0 1 0
    outer loop
      vertex 19.2488 30 24.5783
      vertex 20.6221 30 25.5903
      vertex 20.7668 30 25.2893
    endloop
  endfacet
  facet normal 0 1 0
    outer loop
      vertex -18.3283 30 25.7059
      vertex 19.2488 30 24.5783
      vertex -19.2488 30 24.5783
    endloop
  endfacet
  facet normal 0 1 0
    outer loop
      vertex 19.2488 30 24.5783
      vertex 20.7668 30 25.2893
      vertex 20.8244 30 25.1694
    endloop
  endfacet
  facet normal 0 1 0
    outer loop
      vertex -20.5591 30 25.7059
      vertex -19.2488 30 24.5783
      vertex -20.5672 30 25.6923
    endloop
  endfacet
  facet normal 0 1 0
    outer loop
      vertex 19.2488 30 24.5783
      vertex 20.8244 30 25.1694
      vertex 20.9978 30 24.7297
    endloop
  endfacet
  facet normal 0 1 0
    outer loop
      vertex -20.5672 30 25.6923
      vertex -19.2488 30 24.5783
      vertex -20.7764 30 25.2765
    endloop
  endfacet
  facet normal 0 1 0
    outer loop
      vertex 19.2488 30 24.5783
      vertex 20.9978 30 24.7297
      vertex 21.0455 30 24.5783
    endloop
  endfacet
  facet normal 0 1 0
    outer loop
      vertex 17.2624 30 26.2739
      vertex 16.5 30 26.3849
      vertex 16.8978 30 26.3555
    endloop
  endfacet
  facet normal 0 1 0
    outer loop
      vertex 16.5 30 26.3849
      vertex 18.3283 30 25.7059
      vertex -16.5 30 26.3849
    endloop
  endfacet
  facet normal 0 1 0
    outer loop
      vertex 16.5 30 26.3849
      vertex 17.2624 30 26.2739
      vertex 18.3283 30 25.7059
    endloop
  endfacet
  facet normal 0 1 0
    outer loop
      vertex -18.3283 30 25.7059
      vertex -16.5 30 26.3849
      vertex 18.3283 30 25.7059
    endloop
  endfacet
  facet normal 0 1 0
    outer loop
      vertex 17.3164 30 26.2577
      vertex 17.2624 30 26.2739
      vertex 17.2897 30 26.2678
    endloop
  endfacet
  facet normal -0 1 0
    outer loop
      vertex -17.2624 30 26.2739
      vertex -16.5 30 26.3849
      vertex -18.3283 30 25.7059
    endloop
  endfacet
  facet normal 0 1 0
    outer loop
      vertex 17.2624 30 26.2739
      vertex 17.3164 30 26.2577
      vertex 18.3283 30 25.7059
    endloop
  endfacet
  facet normal 0 1 0
    outer loop
      vertex -16.5 30 26.3849
      vertex -17.2624 30 26.2739
      vertex -16.8978 30 26.3555
    endloop
  endfacet
  facet normal 0 1 0
    outer loop
      vertex 18.3283 30 25.7059
      vertex 17.3164 30 26.2577
      vertex 17.6702 30 26.1231
    endloop
  endfacet
  facet normal -0 1 0
    outer loop
      vertex -17.3164 30 26.2577
      vertex -17.2624 30 26.2739
      vertex -18.3283 30 25.7059
    endloop
  endfacet
  facet normal 0 1 0
    outer loop
      vertex 18.3283 30 25.7059
      vertex 17.6702 30 26.1231
      vertex 18.0336 30 25.9235
    endloop
  endfacet
  facet normal 0 1 0
    outer loop
      vertex -17.2624 30 26.2739
      vertex -17.3164 30 26.2577
      vertex -17.2897 30 26.2678
    endloop
  endfacet
  facet normal 0 1 0
    outer loop
      vertex -17.3164 30 26.2577
      vertex -18.3283 30 25.7059
      vertex -17.6702 30 26.1231
    endloop
  endfacet
  facet normal 0 1 0
    outer loop
      vertex -17.6702 30 26.1231
      vertex -18.3283 30 25.7059
      vertex -18.0336 30 25.9235
    endloop
  endfacet
  facet normal 0 1 0
    outer loop
      vertex -20.7764 30 25.2765
      vertex -19.2488 30 24.5783
      vertex -20.9572 30 24.8413
    endloop
  endfacet
  facet normal 0 1 0
    outer loop
      vertex -20.9572 30 24.8413
      vertex -19.2488 30 24.5783
      vertex -21.0013 30 24.7095
    endloop
  endfacet
  facet normal 0 1 0
    outer loop
      vertex -21.0013 30 24.7095
      vertex -19.2488 30 24.5783
      vertex -21.0451 30 24.5783
    endloop
  endfacet
  facet normal 0 0.819156 -0.57357
    outer loop
      vertex 18.2361 16.2132 11.2568
      vertex 18.1 14.6158 8.97544
      vertex 18.1 16.2132 11.2568
    endloop
  endfacet
  facet normal 0 0.819145 -0.573586
    outer loop
      vertex 14.774 12.9428 6.58621
      vertex 11.25 14.6158 8.97544
      vertex 18.1 14.6158 8.97544
    endloop
  endfacet
  facet normal 7.15526e-05 0.819195 -0.573516
    outer loop
      vertex 14.415 12.8679 6.47918
      vertex 11.25 14.6158 8.97544
      vertex 14.774 12.9428 6.58621
    endloop
  endfacet
  facet normal 0 0.819145 -0.573586
    outer loop
      vertex 14.774 12.9428 6.58621
      vertex 18.1 14.6158 8.97544
      vertex 15.156 12.9428 6.58621
    endloop
  endfacet
  facet normal -7.53393e-05 0.819189 -0.573524
    outer loop
      vertex 18.1 14.6158 8.97544
      vertex 15.515 12.8679 6.47918
      vertex 15.156 12.9428 6.58621
    endloop
  endfacet
  facet normal -0.000151036 0.819226 -0.573471
    outer loop
      vertex 18.1 14.6158 8.97544
      vertex 15.5786 12.8373 6.43545
      vertex 15.515 12.8679 6.47918
    endloop
  endfacet
  facet normal -5.40541e-05 0.81918 -0.573536
    outer loop
      vertex 18.1 14.6158 8.97544
      vertex 15.8076 12.7271 6.27803
      vertex 15.5786 12.8373 6.43545
    endloop
  endfacet
  facet normal 0.000222711 0.81907 -0.573694
    outer loop
      vertex 18.1 14.6158 8.97544
      vertex 15.9571 12.5785 6.06593
      vertex 15.8076 12.7271 6.27803
    endloop
  endfacet
  facet normal -0.0004822 0.819314 -0.573345
    outer loop
      vertex 18.1 14.6158 8.97544
      vertex 15.9987 12.5373 6.00702
      vertex 15.9571 12.5785 6.06593
    endloop
  endfacet
  facet normal 1.17585e-05 0.819149 -0.57358
    outer loop
      vertex 18.1 14.6158 8.97544
      vertex 16.065 12.3215 5.69883
      vertex 15.9987 12.5373 6.00702
    endloop
  endfacet
  facet normal 2.87861e-06 0.819152 -0.573576
    outer loop
      vertex 19.2442 9.45145 1.59999
      vertex 16.065 12.3215 5.69883
      vertex 18.1 14.6158 8.97544
    endloop
  endfacet
  facet normal 0 0.819157 -0.573569
    outer loop
      vertex 19.2442 9.45145 1.59999
      vertex 14.774 11.7001 4.81146
      vertex 15.156 11.7001 4.81146
    endloop
  endfacet
  facet normal -9.64293e-05 0.8191 -0.573651
    outer loop
      vertex 19.2442 9.45145 1.59999
      vertex 15.156 11.7001 4.81146
      vertex 15.515 11.7751 4.91849
    endloop
  endfacet
  facet normal 0 0.819146 -0.573585
    outer loop
      vertex 10.965 10.7069 3.39292
      vertex 19.2442 9.45145 1.59999
      vertex -10.965 10.7069 3.39292
    endloop
  endfacet
  facet normal 7.40793e-06 0.819162 -0.573562
    outer loop
      vertex 14.774 11.7001 4.81146
      vertex 19.2442 9.45145 1.59999
      vertex 10.965 10.7069 3.39292
    endloop
  endfacet
  facet normal 0.000146958 0.819228 -0.573467
    outer loop
      vertex 15.5786 11.8057 4.96222
      vertex 19.2442 9.45145 1.59999
      vertex 15.515 11.7751 4.91849
    endloop
  endfacet
  facet normal 5.36935e-05 0.819181 -0.573536
    outer loop
      vertex 15.8076 11.9159 5.11964
      vertex 19.2442 9.45145 1.59999
      vertex 15.5786 11.8057 4.96222
    endloop
  endfacet
  facet normal -7.09732e-05 0.819123 -0.573617
    outer loop
      vertex 15.9987 12.1057 5.39065
      vertex 19.2442 9.45145 1.59999
      vertex 15.8076 11.9159 5.11964
    endloop
  endfacet
  facet normal -2.46511e-05 0.819142 -0.573591
    outer loop
      vertex 16.065 12.3215 5.69883
      vertex 19.2442 9.45145 1.59999
      vertex 15.9987 12.1057 5.39065
    endloop
  endfacet
  facet normal 4.48062e-05 0.819155 -0.573572
    outer loop
      vertex 19.2442 9.45145 1.59999
      vertex 18.1 14.6158 8.97544
      vertex 18.2361 16.2132 11.2568
    endloop
  endfacet
  facet normal -1.23868e-06 0.819151 -0.573577
    outer loop
      vertex 11.25 14.6158 8.97544
      vertex 14.415 12.8679 6.47918
      vertex 11.25 13.8 7.81036
    endloop
  endfacet
  facet normal 9.77854e-05 0.819262 -0.573419
    outer loop
      vertex 14.3514 12.8373 6.43545
      vertex 11.25 13.8 7.81036
      vertex 14.415 12.8679 6.47918
    endloop
  endfacet
  facet normal 3.38173e-05 0.819194 -0.573516
    outer loop
      vertex 14.1224 12.7271 6.27803
      vertex 11.25 13.8 7.81036
      vertex 14.3514 12.8373 6.43545
    endloop
  endfacet
  facet normal -0.000138879 0.819042 -0.573734
    outer loop
      vertex 13.9729 12.5785 6.06593
      vertex 11.25 13.8 7.81036
      vertex 14.1224 12.7271 6.27803
    endloop
  endfacet
  facet normal 0.000309668 0.819371 -0.573264
    outer loop
      vertex 13.9313 12.5373 6.00702
      vertex 11.25 13.8 7.81036
      vertex 13.9729 12.5785 6.06593
    endloop
  endfacet
  facet normal -8.01819e-06 0.819149 -0.573581
    outer loop
      vertex 13.865 12.3215 5.69883
      vertex 11.25 13.8 7.81036
      vertex 13.9313 12.5373 6.00702
    endloop
  endfacet
  facet normal 7.81653e-07 0.819154 -0.573573
    outer loop
      vertex 10.965 10.7069 3.39292
      vertex 11.25 13.8 7.81036
      vertex 13.865 12.3215 5.69883
    endloop
  endfacet
  facet normal 2.18755e-05 0.819142 -0.573591
    outer loop
      vertex 10.965 10.7069 3.39292
      vertex 13.865 12.3215 5.69883
      vertex 13.9313 12.1057 5.39065
    endloop
  endfacet
  facet normal 5.5521e-05 0.819118 -0.573625
    outer loop
      vertex 10.965 10.7069 3.39292
      vertex 13.9313 12.1057 5.39065
      vertex 14.1224 11.9159 5.11964
    endloop
  endfacet
  facet normal 0 0.819154 -0.573573
    outer loop
      vertex 11.25 13.8 7.81036
      vertex 10.965 10.7069 3.39292
      vertex 10.965 13.8 7.81036
    endloop
  endfacet
  facet normal -3.32614e-05 0.819195 -0.573516
    outer loop
      vertex 14.3514 11.8057 4.96222
      vertex 10.965 10.7069 3.39292
      vertex 14.1224 11.9159 5.11964
    endloop
  endfacet
  facet normal -9.89612e-05 0.819261 -0.573421
    outer loop
      vertex 14.415 11.7751 4.91849
      vertex 10.965 10.7069 3.39292
      vertex 14.3514 11.8057 4.96222
    endloop
  endfacet
  facet normal 7.88796e-05 0.819072 -0.573691
    outer loop
      vertex 10.965 10.7069 3.39292
      vertex 14.415 11.7751 4.91849
      vertex 14.774 11.7001 4.81146
    endloop
  endfacet
  facet normal 0 0.819154 -0.573573
    outer loop
      vertex -10.965 10.7069 3.39292
      vertex -11.25 13.8 7.81036
      vertex -10.965 13.8 7.81036
    endloop
  endfacet
  facet normal -5.74615e-05 0.819217 -0.573484
    outer loop
      vertex -11.25 13.8 7.81036
      vertex -14.415 12.8679 6.47918
      vertex -14.774 12.9428 6.58621
    endloop
  endfacet
  facet normal -9.77854e-05 0.819262 -0.573419
    outer loop
      vertex -11.25 13.8 7.81036
      vertex -14.3514 12.8373 6.43545
      vertex -14.415 12.8679 6.47918
    endloop
  endfacet
  facet normal -3.38173e-05 0.819194 -0.573516
    outer loop
      vertex -11.25 13.8 7.81036
      vertex -14.1224 12.7271 6.27803
      vertex -14.3514 12.8373 6.43545
    endloop
  endfacet
  facet normal 0.000138879 0.819042 -0.573734
    outer loop
      vertex -11.25 13.8 7.81036
      vertex -13.9729 12.5785 6.06593
      vertex -14.1224 12.7271 6.27803
    endloop
  endfacet
  facet normal -0.000309668 0.819371 -0.573264
    outer loop
      vertex -11.25 13.8 7.81036
      vertex -13.9313 12.5373 6.00702
      vertex -13.9729 12.5785 6.06593
    endloop
  endfacet
  facet normal 8.01819e-06 0.819149 -0.573581
    outer loop
      vertex -11.25 13.8 7.81036
      vertex -13.865 12.3215 5.69883
      vertex -13.9313 12.5373 6.00702
    endloop
  endfacet
  facet normal -7.81653e-07 0.819154 -0.573573
    outer loop
      vertex -11.25 13.8 7.81036
      vertex -10.965 10.7069 3.39292
      vertex -13.865 12.3215 5.69883
    endloop
  endfacet
  facet normal -2.18755e-05 0.819142 -0.573591
    outer loop
      vertex -13.865 12.3215 5.69883
      vertex -10.965 10.7069 3.39292
      vertex -13.9313 12.1057 5.39065
    endloop
  endfacet
  facet normal -7.40793e-06 0.819162 -0.573562
    outer loop
      vertex -19.2442 9.45145 1.59999
      vertex -14.774 11.7001 4.81146
      vertex -10.965 10.7069 3.39292
    endloop
  endfacet
  facet normal -7.88796e-05 0.819072 -0.573691
    outer loop
      vertex -14.415 11.7751 4.91849
      vertex -10.965 10.7069 3.39292
      vertex -14.774 11.7001 4.81146
    endloop
  endfacet
  facet normal 9.89612e-05 0.819261 -0.573421
    outer loop
      vertex -14.3514 11.8057 4.96222
      vertex -10.965 10.7069 3.39292
      vertex -14.415 11.7751 4.91849
    endloop
  endfacet
  facet normal 3.32614e-05 0.819195 -0.573516
    outer loop
      vertex -14.1224 11.9159 5.11964
      vertex -10.965 10.7069 3.39292
      vertex -14.3514 11.8057 4.96222
    endloop
  endfacet
  facet normal -5.5521e-05 0.819118 -0.573625
    outer loop
      vertex -13.9313 12.1057 5.39065
      vertex -10.965 10.7069 3.39292
      vertex -14.1224 11.9159 5.11964
    endloop
  endfacet
  facet normal -8.97931e-06 0.819151 -0.573577
    outer loop
      vertex -14.774 12.9428 6.58621
      vertex -11.25 14.6158 8.97544
      vertex -11.25 13.8 7.81036
    endloop
  endfacet
  facet normal 0 0.819156 -0.57357
    outer loop
      vertex -18.1 14.6158 8.97544
      vertex -18.2361 16.2132 11.2568
      vertex -18.1 16.2132 11.2568
    endloop
  endfacet
  facet normal 0 0.819145 -0.573586
    outer loop
      vertex -11.25 14.6158 8.97544
      vertex -14.774 12.9428 6.58621
      vertex -18.1 14.6158 8.97544
    endloop
  endfacet
  facet normal 0 0.819145 -0.573586
    outer loop
      vertex -15.156 12.9428 6.58621
      vertex -18.1 14.6158 8.97544
      vertex -14.774 12.9428 6.58621
    endloop
  endfacet
  facet normal 7.53393e-05 0.819189 -0.573524
    outer loop
      vertex -15.515 12.8679 6.47918
      vertex -18.1 14.6158 8.97544
      vertex -15.156 12.9428 6.58621
    endloop
  endfacet
  facet normal 0.000151036 0.819226 -0.573471
    outer loop
      vertex -15.5786 12.8373 6.43545
      vertex -18.1 14.6158 8.97544
      vertex -15.515 12.8679 6.47918
    endloop
  endfacet
  facet normal 5.40541e-05 0.81918 -0.573536
    outer loop
      vertex -15.8076 12.7271 6.27803
      vertex -18.1 14.6158 8.97544
      vertex -15.5786 12.8373 6.43545
    endloop
  endfacet
  facet normal -0.000222711 0.81907 -0.573694
    outer loop
      vertex -15.9571 12.5785 6.06593
      vertex -18.1 14.6158 8.97544
      vertex -15.8076 12.7271 6.27803
    endloop
  endfacet
  facet normal 0.0004822 0.819314 -0.573345
    outer loop
      vertex -15.9987 12.5373 6.00702
      vertex -18.1 14.6158 8.97544
      vertex -15.9571 12.5785 6.06593
    endloop
  endfacet
  facet normal -1.17585e-05 0.819149 -0.57358
    outer loop
      vertex -16.065 12.3215 5.69883
      vertex -18.1 14.6158 8.97544
      vertex -15.9987 12.5373 6.00702
    endloop
  endfacet
  facet normal 2.46511e-05 0.819142 -0.573591
    outer loop
      vertex -19.2442 9.45145 1.59999
      vertex -16.065 12.3215 5.69883
      vertex -15.9987 12.1057 5.39065
    endloop
  endfacet
  facet normal 0 0.819157 -0.573569
    outer loop
      vertex -14.774 11.7001 4.81146
      vertex -19.2442 9.45145 1.59999
      vertex -15.156 11.7001 4.81146
    endloop
  endfacet
  facet normal -4.48062e-05 0.819155 -0.573572
    outer loop
      vertex -18.1 14.6158 8.97544
      vertex -19.2442 9.45145 1.59999
      vertex -18.2361 16.2132 11.2568
    endloop
  endfacet
  facet normal -2.87861e-06 0.819152 -0.573576
    outer loop
      vertex -16.065 12.3215 5.69883
      vertex -19.2442 9.45145 1.59999
      vertex -18.1 14.6158 8.97544
    endloop
  endfacet
  facet normal 7.09732e-05 0.819123 -0.573617
    outer loop
      vertex -15.8076 11.9159 5.11964
      vertex -19.2442 9.45145 1.59999
      vertex -15.9987 12.1057 5.39065
    endloop
  endfacet
  facet normal -5.36935e-05 0.819181 -0.573536
    outer loop
      vertex -15.5786 11.8057 4.96222
      vertex -19.2442 9.45145 1.59999
      vertex -15.8076 11.9159 5.11964
    endloop
  endfacet
  facet normal -0.000146958 0.819228 -0.573467
    outer loop
      vertex -15.515 11.7751 4.91849
      vertex -19.2442 9.45145 1.59999
      vertex -15.5786 11.8057 4.96222
    endloop
  endfacet
  facet normal 9.64293e-05 0.8191 -0.573651
    outer loop
      vertex -15.156 11.7001 4.81146
      vertex -19.2442 9.45145 1.59999
      vertex -15.515 11.7751 4.91849
    endloop
  endfacet
  facet normal 0 0.819146 -0.573585
    outer loop
      vertex -19.2442 9.45145 1.59999
      vertex -10.965 10.7069 3.39292
      vertex 19.2442 9.45145 1.59999
    endloop
  endfacet
  facet normal -0.000207025 0.819071 -0.573692
    outer loop
      vertex -16.5726 27.3702 27.1906
      vertex -14.6959 25.8722 25.0512
      vertex -14.774 25.8885 25.0745
    endloop
  endfacet
  facet normal 9.30177e-05 0.819195 -0.573516
    outer loop
      vertex -16.5726 27.3702 27.1906
      vertex -14.415 25.8135 24.9674
      vertex -14.6959 25.8722 25.0512
    endloop
  endfacet
  facet normal -7.57249e-06 0.819169 -0.573552
    outer loop
      vertex -10.965 26.8817 26.493
      vertex -14.1224 25.6727 24.7663
      vertex -14.415 25.8135 24.9674
    endloop
  endfacet
  facet normal -1.23164e-05 0.819173 -0.573546
    outer loop
      vertex -10.965 26.8817 26.493
      vertex -13.9729 25.5242 24.5542
      vertex -14.1224 25.6727 24.7663
    endloop
  endfacet
  facet normal 0.000367459 0.818896 -0.573941
    outer loop
      vertex -10.965 26.8817 26.493
      vertex -13.9313 25.4829 24.4953
      vertex -13.9729 25.5242 24.5542
    endloop
  endfacet
  facet normal -9.89149e-05 0.819222 -0.573477
    outer loop
      vertex -10.965 26.8817 26.493
      vertex -13.9169 25.436 24.4283
      vertex -13.9313 25.4829 24.4953
    endloop
  endfacet
  facet normal 2.49895e-05 0.819139 -0.573595
    outer loop
      vertex -10.965 26.8817 26.493
      vertex -13.865 25.2671 24.1871
      vertex -13.9169 25.436 24.4283
    endloop
  endfacet
  facet normal 1.41727e-06 0.819153 -0.573576
    outer loop
      vertex -10.965 22.9728 20.9105
      vertex -13.865 25.2671 24.1871
      vertex -10.965 26.8817 26.493
    endloop
  endfacet
  facet normal 0.000154559 0.819216 -0.573485
    outer loop
      vertex -13.865 25.2671 24.1871
      vertex -10.965 22.9728 20.9105
      vertex -13.8794 25.2202 24.1201
    endloop
  endfacet
  facet normal -2.69048e-05 0.819139 -0.573595
    outer loop
      vertex -13.8794 25.2202 24.1201
      vertex -10.965 22.9728 20.9105
      vertex -13.9313 25.0513 23.8789
    endloop
  endfacet
  facet normal 3.241e-05 0.819167 -0.573555
    outer loop
      vertex -13.9313 25.0513 23.8789
      vertex -10.965 22.9728 20.9105
      vertex -14.0808 24.9028 23.6668
    endloop
  endfacet
  facet normal 0 0.819142 -0.573591
    outer loop
      vertex -17.2282 22.9728 20.9105
      vertex -14.774 24.6458 23.2997
      vertex -10.965 22.9728 20.9105
    endloop
  endfacet
  facet normal 3.87934e-05 0.819171 -0.57355
    outer loop
      vertex -14.415 24.7207 23.4067
      vertex -10.965 22.9728 20.9105
      vertex -14.774 24.6458 23.2997
    endloop
  endfacet
  facet normal 0.000156509 0.819247 -0.573441
    outer loop
      vertex -14.186 24.8309 23.5642
      vertex -10.965 22.9728 20.9105
      vertex -14.415 24.7207 23.4067
    endloop
  endfacet
  facet normal -0.000713176 0.818751 -0.574149
    outer loop
      vertex -14.1224 24.8616 23.6079
      vertex -10.965 22.9728 20.9105
      vertex -14.186 24.8309 23.5642
    endloop
  endfacet
  facet normal 0.000322692 0.819321 -0.573335
    outer loop
      vertex -14.0808 24.9028 23.6668
      vertex -10.965 22.9728 20.9105
      vertex -14.1224 24.8616 23.6079
    endloop
  endfacet
  facet normal 0 0.819133 -0.573604
    outer loop
      vertex 16.5726 27.3702 27.1906
      vertex 10.965 26.8817 26.493
      vertex -16.5726 27.3702 27.1906
    endloop
  endfacet
  facet normal 0 0.819154 -0.573574
    outer loop
      vertex 14.774 25.8885 25.0745
      vertex 16.5726 27.3702 27.1906
      vertex 15.156 25.8885 25.0745
    endloop
  endfacet
  facet normal -0.000128824 0.819194 -0.573516
    outer loop
      vertex 16.5726 27.3702 27.1906
      vertex 15.2341 25.8722 25.0512
      vertex 15.156 25.8885 25.0745
    endloop
  endfacet
  facet normal 5.78697e-05 0.819139 -0.573595
    outer loop
      vertex 16.5726 27.3702 27.1906
      vertex 15.515 25.8135 24.9674
      vertex 15.2341 25.8722 25.0512
    endloop
  endfacet
  facet normal -2.44934e-05 0.819158 -0.573568
    outer loop
      vertex 16.5726 27.3702 27.1906
      vertex 15.8076 25.6727 24.7663
      vertex 15.515 25.8135 24.9674
    endloop
  endfacet
  facet normal -4.87104e-05 0.819161 -0.573563
    outer loop
      vertex 16.5726 27.3702 27.1906
      vertex 15.9571 25.5242 24.5542
      vertex 15.8076 25.6727 24.7663
    endloop
  endfacet
  facet normal 0.000863923 0.819061 -0.573706
    outer loop
      vertex 16.5726 27.3702 27.1906
      vertex 15.9987 25.4829 24.4953
      vertex 15.9571 25.5242 24.5542
    endloop
  endfacet
  facet normal -0.000419118 0.81919 -0.573523
    outer loop
      vertex 16.5726 27.3702 27.1906
      vertex 16.0131 25.436 24.4283
      vertex 15.9987 25.4829 24.4953
    endloop
  endfacet
  facet normal 6.89598e-05 0.819143 -0.573589
    outer loop
      vertex 16.5726 27.3702 27.1906
      vertex 16.065 25.2671 24.1871
      vertex 16.0131 25.436 24.4283
    endloop
  endfacet
  facet normal 0 0.819142 -0.573591
    outer loop
      vertex 15.156 24.6458 23.2997
      vertex 17.2282 22.9728 20.9105
      vertex 14.774 24.6458 23.2997
    endloop
  endfacet
  facet normal 4.54715e-05 0.81916 -0.573565
    outer loop
      vertex 15.515 24.7207 23.4067
      vertex 17.2282 22.9728 20.9105
      vertex 15.156 24.6458 23.2997
    endloop
  endfacet
  facet normal 0.000207378 0.819212 -0.57349
    outer loop
      vertex 15.744 24.8309 23.5642
      vertex 17.2282 22.9728 20.9105
      vertex 15.515 24.7207 23.4067
    endloop
  endfacet
  facet normal -0.00094504 0.818909 -0.573922
    outer loop
      vertex 15.8076 24.8616 23.6079
      vertex 17.2282 22.9728 20.9105
      vertex 15.744 24.8309 23.5642
    endloop
  endfacet
  facet normal 0.000491178 0.819265 -0.573415
    outer loop
      vertex 15.8492 24.9028 23.6668
      vertex 17.2282 22.9728 20.9105
      vertex 15.8076 24.8616 23.6079
    endloop
  endfacet
  facet normal 4.93553e-05 0.819161 -0.573563
    outer loop
      vertex 15.9987 25.0513 23.8789
      vertex 17.2282 22.9728 20.9105
      vertex 15.8492 24.9028 23.6668
    endloop
  endfacet
  facet normal -5.19172e-05 0.819141 -0.573592
    outer loop
      vertex 16.0506 25.2202 24.1201
      vertex 17.2282 22.9728 20.9105
      vertex 15.9987 25.0513 23.8789
    endloop
  endfacet
  facet normal 0.000298302 0.819202 -0.573505
    outer loop
      vertex 16.065 25.2671 24.1871
      vertex 17.2282 22.9728 20.9105
      vertex 16.0506 25.2202 24.1201
    endloop
  endfacet
  facet normal -1.38847e-05 0.81915 -0.57358
    outer loop
      vertex 17.2282 22.9728 20.9105
      vertex 16.065 25.2671 24.1871
      vertex 16.5726 27.3702 27.1906
    endloop
  endfacet
  facet normal 0 0.819133 -0.573604
    outer loop
      vertex -10.965 26.8817 26.493
      vertex -16.5726 27.3702 27.1906
      vertex 10.965 26.8817 26.493
    endloop
  endfacet
  facet normal 5.92452e-06 0.819155 -0.573572
    outer loop
      vertex -14.415 25.8135 24.9674
      vertex -16.5726 27.3702 27.1906
      vertex -10.965 26.8817 26.493
    endloop
  endfacet
  facet normal 0 0.819154 -0.573574
    outer loop
      vertex -15.156 25.8885 25.0745
      vertex -16.5726 27.3702 27.1906
      vertex -14.774 25.8885 25.0745
    endloop
  endfacet
  facet normal 0.000128824 0.819194 -0.573516
    outer loop
      vertex -15.2341 25.8722 25.0512
      vertex -16.5726 27.3702 27.1906
      vertex -15.156 25.8885 25.0745
    endloop
  endfacet
  facet normal -5.78697e-05 0.819139 -0.573595
    outer loop
      vertex -15.515 25.8135 24.9674
      vertex -16.5726 27.3702 27.1906
      vertex -15.2341 25.8722 25.0512
    endloop
  endfacet
  facet normal 2.44934e-05 0.819158 -0.573568
    outer loop
      vertex -15.8076 25.6727 24.7663
      vertex -16.5726 27.3702 27.1906
      vertex -15.515 25.8135 24.9674
    endloop
  endfacet
  facet normal 4.87104e-05 0.819161 -0.573563
    outer loop
      vertex -15.9571 25.5242 24.5542
      vertex -16.5726 27.3702 27.1906
      vertex -15.8076 25.6727 24.7663
    endloop
  endfacet
  facet normal -0.000863923 0.819061 -0.573706
    outer loop
      vertex -15.9987 25.4829 24.4953
      vertex -16.5726 27.3702 27.1906
      vertex -15.9571 25.5242 24.5542
    endloop
  endfacet
  facet normal 0.000419118 0.81919 -0.573523
    outer loop
      vertex -16.0131 25.436 24.4283
      vertex -16.5726 27.3702 27.1906
      vertex -15.9987 25.4829 24.4953
    endloop
  endfacet
  facet normal -6.89598e-05 0.819143 -0.573589
    outer loop
      vertex -16.065 25.2671 24.1871
      vertex -16.5726 27.3702 27.1906
      vertex -16.0131 25.436 24.4283
    endloop
  endfacet
  facet normal 0 0.819142 -0.573591
    outer loop
      vertex -14.774 24.6458 23.2997
      vertex -17.2282 22.9728 20.9105
      vertex -15.156 24.6458 23.2997
    endloop
  endfacet
  facet normal 1.38847e-05 0.81915 -0.57358
    outer loop
      vertex -16.065 25.2671 24.1871
      vertex -17.2282 22.9728 20.9105
      vertex -16.5726 27.3702 27.1906
    endloop
  endfacet
  facet normal -0.000298302 0.819202 -0.573505
    outer loop
      vertex -16.0506 25.2202 24.1201
      vertex -17.2282 22.9728 20.9105
      vertex -16.065 25.2671 24.1871
    endloop
  endfacet
  facet normal 5.19172e-05 0.819141 -0.573592
    outer loop
      vertex -15.9987 25.0513 23.8789
      vertex -17.2282 22.9728 20.9105
      vertex -16.0506 25.2202 24.1201
    endloop
  endfacet
  facet normal -4.93553e-05 0.819161 -0.573563
    outer loop
      vertex -15.8492 24.9028 23.6668
      vertex -17.2282 22.9728 20.9105
      vertex -15.9987 25.0513 23.8789
    endloop
  endfacet
  facet normal -0.000491178 0.819265 -0.573415
    outer loop
      vertex -15.8076 24.8616 23.6079
      vertex -17.2282 22.9728 20.9105
      vertex -15.8492 24.9028 23.6668
    endloop
  endfacet
  facet normal 0.00094504 0.818909 -0.573922
    outer loop
      vertex -15.744 24.8309 23.5642
      vertex -17.2282 22.9728 20.9105
      vertex -15.8076 24.8616 23.6079
    endloop
  endfacet
  facet normal -0.000207378 0.819212 -0.57349
    outer loop
      vertex -15.515 24.7207 23.4067
      vertex -17.2282 22.9728 20.9105
      vertex -15.744 24.8309 23.5642
    endloop
  endfacet
  facet normal -4.54715e-05 0.81916 -0.573565
    outer loop
      vertex -15.156 24.6458 23.2997
      vertex -17.2282 22.9728 20.9105
      vertex -15.515 24.7207 23.4067
    endloop
  endfacet
  facet normal 0.000207025 0.819071 -0.573692
    outer loop
      vertex 14.6959 25.8722 25.0512
      vertex 16.5726 27.3702 27.1906
      vertex 14.774 25.8885 25.0745
    endloop
  endfacet
  facet normal -9.30177e-05 0.819195 -0.573516
    outer loop
      vertex 14.415 25.8135 24.9674
      vertex 16.5726 27.3702 27.1906
      vertex 14.6959 25.8722 25.0512
    endloop
  endfacet
  facet normal -5.92452e-06 0.819155 -0.573572
    outer loop
      vertex 16.5726 27.3702 27.1906
      vertex 14.415 25.8135 24.9674
      vertex 10.965 26.8817 26.493
    endloop
  endfacet
  facet normal 7.57249e-06 0.819169 -0.573552
    outer loop
      vertex 14.1224 25.6727 24.7663
      vertex 10.965 26.8817 26.493
      vertex 14.415 25.8135 24.9674
    endloop
  endfacet
  facet normal 1.23164e-05 0.819173 -0.573546
    outer loop
      vertex 13.9729 25.5242 24.5542
      vertex 10.965 26.8817 26.493
      vertex 14.1224 25.6727 24.7663
    endloop
  endfacet
  facet normal -0.000367459 0.818896 -0.573941
    outer loop
      vertex 13.9313 25.4829 24.4953
      vertex 10.965 26.8817 26.493
      vertex 13.9729 25.5242 24.5542
    endloop
  endfacet
  facet normal 9.89149e-05 0.819222 -0.573477
    outer loop
      vertex 13.9169 25.436 24.4283
      vertex 10.965 26.8817 26.493
      vertex 13.9313 25.4829 24.4953
    endloop
  endfacet
  facet normal -2.49895e-05 0.819139 -0.573595
    outer loop
      vertex 13.865 25.2671 24.1871
      vertex 10.965 26.8817 26.493
      vertex 13.9169 25.436 24.4283
    endloop
  endfacet
  facet normal -0.000154559 0.819216 -0.573485
    outer loop
      vertex 10.965 22.9728 20.9105
      vertex 13.865 25.2671 24.1871
      vertex 13.8794 25.2202 24.1201
    endloop
  endfacet
  facet normal 2.69048e-05 0.819139 -0.573595
    outer loop
      vertex 10.965 22.9728 20.9105
      vertex 13.8794 25.2202 24.1201
      vertex 13.9313 25.0513 23.8789
    endloop
  endfacet
  facet normal -3.241e-05 0.819167 -0.573555
    outer loop
      vertex 10.965 22.9728 20.9105
      vertex 13.9313 25.0513 23.8789
      vertex 14.0808 24.9028 23.6668
    endloop
  endfacet
  facet normal -0.000322692 0.819321 -0.573335
    outer loop
      vertex 10.965 22.9728 20.9105
      vertex 14.0808 24.9028 23.6668
      vertex 14.1224 24.8616 23.6079
    endloop
  endfacet
  facet normal 0 0.819142 -0.573591
    outer loop
      vertex 10.965 22.9728 20.9105
      vertex 14.774 24.6458 23.2997
      vertex 17.2282 22.9728 20.9105
    endloop
  endfacet
  facet normal -3.87934e-05 0.819171 -0.57355
    outer loop
      vertex 14.774 24.6458 23.2997
      vertex 10.965 22.9728 20.9105
      vertex 14.415 24.7207 23.4067
    endloop
  endfacet
  facet normal -0.000156509 0.819247 -0.573441
    outer loop
      vertex 14.415 24.7207 23.4067
      vertex 10.965 22.9728 20.9105
      vertex 14.186 24.8309 23.5642
    endloop
  endfacet
  facet normal -1.41727e-06 0.819153 -0.573576
    outer loop
      vertex 13.865 25.2671 24.1871
      vertex 10.965 22.9728 20.9105
      vertex 10.965 26.8817 26.493
    endloop
  endfacet
  facet normal 0.000713176 0.818751 -0.574149
    outer loop
      vertex 14.186 24.8309 23.5642
      vertex 10.965 22.9728 20.9105
      vertex 14.1224 24.8616 23.6079
    endloop
  endfacet
  facet normal 0.0604294 -0.57254 -0.817647
    outer loop
      vertex -16.8978 30 26.3555
      vertex -16.5 31.5305 25.3132
      vertex -16.5 30 26.3849
    endloop
  endfacet
  facet normal 0.0603096 -0.572523 -0.817668
    outer loop
      vertex -16.5 31.5305 25.3132
      vertex -16.8978 30 26.3555
      vertex -16.8978 31.6307 25.2137
    endloop
  endfacet
  facet normal -0.707108 -0.405554 -0.579244
    outer loop
      vertex 18.9701 28.4668 26.1014
      vertex 18.9701 27.2192 26.9749
      vertex 18.7068 27.3702 27.1906
    endloop
  endfacet
  facet normal -0.707269 -0.405495 -0.579089
    outer loop
      vertex 18.7299 32 23.9206
      vertex 18.8948 32 23.7192
      vertex 18.7235 31.2864 24.4281
    endloop
  endfacet
  facet normal 0 0.819156 -0.573571
    outer loop
      vertex 19.7819 21.3754 18.6291
      vertex 19.8 25.964 25.1824
      vertex 19.8 21.3754 18.6291
    endloop
  endfacet
  facet normal 0.00248588 0.81915 -0.573573
    outer loop
      vertex 19.8 25.964 25.1824
      vertex 19.7819 21.3754 18.6291
      vertex 19.7759 26.1922 25.5082
    endloop
  endfacet
  facet normal 0 0.819153 -0.573575
    outer loop
      vertex 19.8 9.45145 1.59999
      vertex 19.7883 16.2132 11.2568
      vertex 19.8 16.2132 11.2568
    endloop
  endfacet
  facet normal 0 0.819153 -0.573575
    outer loop
      vertex 19.7883 16.2132 11.2568
      vertex 19.8 9.45145 1.59999
      vertex 19.7967 9.45145 1.59999
    endloop
  endfacet
  facet normal -0.855996 -0.296553 -0.42347
    outer loop
      vertex 19.422 26.8436 26.4386
      vertex 19.2159 29.7731 24.8037
      vertex 19.2488 30 24.5783
    endloop
  endfacet
  facet normal -0.855799 -0.296711 -0.423757
    outer loop
      vertex 19.422 26.8436 26.4386
      vertex 19.2488 30 24.5783
      vertex 19.3949 31.0065 23.5785
    endloop
  endfacet
  facet normal -0.85587 -0.296649 -0.423658
    outer loop
      vertex 19.2159 29.7731 24.8037
      vertex 19.422 26.8436 26.4386
      vertex 19.2159 27.0392 26.718
    endloop
  endfacet
  facet normal -0.998169 -0.0346967 -0.0495519
    outer loop
      vertex 19.8 37.5798 17.0489
      vertex 19.8 25.964 25.1824
      vertex 19.7916 37.0027 17.6222
    endloop
  endfacet
  facet normal -0.787042 -0.35384 -0.505335
    outer loop
      vertex 19.2159 27.0392 26.718
      vertex 18.9803 28.5211 26.0473
      vertex 19.2159 29.7731 24.8037
    endloop
  endfacet
  facet normal -0.787129 -0.353803 -0.505223
    outer loop
      vertex 18.9803 28.5211 26.0473
      vertex 19.2159 27.0392 26.718
      vertex 18.9701 27.2192 26.9749
    endloop
  endfacet
  facet normal 0 0.81913 -0.573609
    outer loop
      vertex 18.7028 27.3702 27.1906
      vertex 19.422 26.8436 26.4386
      vertex 17.9034 27.3702 27.1906
    endloop
  endfacet
  facet normal -0.00248588 0.81915 -0.573573
    outer loop
      vertex -19.7819 21.3754 18.6291
      vertex -19.8 25.964 25.1824
      vertex -19.7759 26.1922 25.5082
    endloop
  endfacet
  facet normal 0 0.819156 -0.573571
    outer loop
      vertex -19.8 25.964 25.1824
      vertex -19.7819 21.3754 18.6291
      vertex -19.8 21.3754 18.6291
    endloop
  endfacet
  facet normal 0 0.819153 -0.573575
    outer loop
      vertex -19.7967 9.45145 1.59999
      vertex -19.8 16.2132 11.2568
      vertex -19.7883 16.2132 11.2568
    endloop
  endfacet
  facet normal 0 0.819153 -0.573575
    outer loop
      vertex -19.8 16.2132 11.2568
      vertex -19.7967 9.45145 1.59999
      vertex -19.8 9.45145 1.59999
    endloop
  endfacet
  facet normal 0.707108 -0.405554 -0.579244
    outer loop
      vertex -18.9701 28.4668 26.1014
      vertex -18.7068 27.3702 27.1906
      vertex -18.9701 27.2192 26.9749
    endloop
  endfacet
  facet normal 0.707269 -0.405495 -0.579089
    outer loop
      vertex -18.7299 32 23.9206
      vertex -18.7235 31.2864 24.4281
      vertex -18.8948 32 23.7192
    endloop
  endfacet
  facet normal 0 0.819085 -0.573672
    outer loop
      vertex 19.2159 27.0392 26.718
      vertex 18.7028 27.3702 27.1906
      vertex 18.7047 27.3702 27.1906
    endloop
  endfacet
  facet normal 0.000728211 0.819456 -0.573141
    outer loop
      vertex 18.7028 27.3702 27.1906
      vertex 19.2159 27.0392 26.718
      vertex 19.422 26.8436 26.4386
    endloop
  endfacet
  facet normal 0 0.819214 -0.573488
    outer loop
      vertex 18.9701 27.2192 26.9749
      vertex 18.7047 27.3702 27.1906
      vertex 18.7068 27.3702 27.1906
    endloop
  endfacet
  facet normal -0.00184003 0.818148 -0.575005
    outer loop
      vertex 18.7047 27.3702 27.1906
      vertex 18.9701 27.2192 26.9749
      vertex 19.2159 27.0392 26.718
    endloop
  endfacet
  facet normal 0.787129 -0.353803 -0.505223
    outer loop
      vertex -19.2159 27.0392 26.718
      vertex -18.9803 28.5211 26.0473
      vertex -18.9701 27.2192 26.9749
    endloop
  endfacet
  facet normal 0.787042 -0.35384 -0.505335
    outer loop
      vertex -18.9803 28.5211 26.0473
      vertex -19.2159 27.0392 26.718
      vertex -19.2159 29.7731 24.8037
    endloop
  endfacet
  facet normal 0 0.819152 -0.573577
    outer loop
      vertex -19.7759 26.1922 25.5082
      vertex -19.7585 21.3754 18.6291
      vertex -19.7819 21.3754 18.6291
    endloop
  endfacet
  facet normal 0 0.819153 -0.573575
    outer loop
      vertex -19.7153 9.45145 1.59999
      vertex -19.7883 16.2132 11.2568
      vertex -19.7398 16.2132 11.2568
    endloop
  endfacet
  facet normal 0 0.819153 -0.573575
    outer loop
      vertex -19.7883 16.2132 11.2568
      vertex -19.7153 9.45145 1.59999
      vertex -19.7967 9.45145 1.59999
    endloop
  endfacet
  facet normal 0 -0.573588 -0.819144
    outer loop
      vertex -16.5 30 26.3849
      vertex 16.5 31.5305 25.3132
      vertex 16.5 30 26.3849
    endloop
  endfacet
  facet normal -0 -0.573588 -0.819144
    outer loop
      vertex 16.5 31.5305 25.3132
      vertex -16.5 30 26.3849
      vertex -16.5 31.5305 25.3132
    endloop
  endfacet
  facet normal -0.706512 -0.405938 -0.579702
    outer loop
      vertex 18.7235 31.2864 24.4281
      vertex 18.6883 32 23.9713
      vertex 18.7299 32 23.9206
    endloop
  endfacet
  facet normal -0.706599 -0.405894 -0.579627
    outer loop
      vertex 18.6883 32 23.9713
      vertex 18.7235 31.2864 24.4281
      vertex 18.6883 31.1399 24.5736
    endloop
  endfacet
  facet normal 0 0.81913 -0.573609
    outer loop
      vertex -18.7028 27.3702 27.1906
      vertex -17.9034 27.3702 27.1906
      vertex -19.422 26.8436 26.4386
    endloop
  endfacet
  facet normal 0.954748 -0.17059 -0.24363
    outer loop
      vertex -19.7041 26.417 25.8293
      vertex -19.5856 32.7066 21.8897
      vertex -19.5856 26.6352 26.1409
    endloop
  endfacet
  facet normal 0.954751 -0.170585 -0.243623
    outer loop
      vertex -19.5856 32.7066 21.8897
      vertex -19.7041 26.417 25.8293
      vertex -19.7041 34.291 20.3159
    endloop
  endfacet
  facet normal -0.0604294 -0.57254 -0.817647
    outer loop
      vertex 16.5 31.5305 25.3132
      vertex 16.8978 30 26.3555
      vertex 16.5 30 26.3849
    endloop
  endfacet
  facet normal -0.0603096 -0.572523 -0.817668
    outer loop
      vertex 16.8978 30 26.3555
      vertex 16.5 31.5305 25.3132
      vertex 16.8978 31.6307 25.2137
    endloop
  endfacet
  facet normal 0 0.819152 -0.573577
    outer loop
      vertex 19.4973 21.3754 18.6291
      vertex 19.7759 26.1922 25.5082
      vertex 19.7585 21.3754 18.6291
    endloop
  endfacet
  facet normal -0.000153563 0.819155 -0.573572
    outer loop
      vertex 19.7759 26.1922 25.5082
      vertex 19.4973 21.3754 18.6291
      vertex 19.422 26.8436 26.4386
    endloop
  endfacet
  facet normal 0 0.819153 -0.573575
    outer loop
      vertex 19.7153 9.45145 1.59999
      vertex 19.5685 16.2132 11.2568
      vertex 19.7398 16.2132 11.2568
    endloop
  endfacet
  facet normal 0 0.819153 -0.573575
    outer loop
      vertex 19.5685 16.2132 11.2568
      vertex 19.7153 9.45145 1.59999
      vertex 19.6616 9.45145 1.59999
    endloop
  endfacet
  facet normal -0.99817 -0.0346862 -0.0495365
    outer loop
      vertex 19.8 25.964 25.1824
      vertex 19.7759 35.9234 18.6943
      vertex 19.7916 37.0027 17.6222
    endloop
  endfacet
  facet normal -0.99817 -0.0346883 -0.0495397
    outer loop
      vertex 19.7759 35.9234 18.6943
      vertex 19.8 25.964 25.1824
      vertex 19.7759 26.1922 25.5082
    endloop
  endfacet
  facet normal -0.856094 -0.296436 -0.423353
    outer loop
      vertex 19.422 31.1933 23.3929
      vertex 19.422 26.8436 26.4386
      vertex 19.3949 31.0065 23.5785
    endloop
  endfacet
  facet normal -0.29598 -0.547888 -0.782442
    outer loop
      vertex 17.2897 31.9298 24.9165
      vertex 17.3164 30 26.2577
      vertex 17.2897 30 26.2678
    endloop
  endfacet
  facet normal -0.296401 -0.547817 -0.782332
    outer loop
      vertex 17.3164 30 26.2577
      vertex 17.2897 31.9298 24.9165
      vertex 17.3406 31.9958 24.851
    endloop
  endfacet
  facet normal -0.517633 -0.490507 -0.701041
    outer loop
      vertex 18.0336 30 25.9235
      vertex 18.3746 30.1165 25.5902
      vertex 18.3283 30 25.7059
    endloop
  endfacet
  facet normal -0.517433 -0.490843 -0.700954
    outer loop
      vertex 18.3746 30.1165 25.5902
      vertex 18.0336 30 25.9235
      vertex 18.0336 32 24.523
    endloop
  endfacet
  facet normal -0.517263 -0.490872 -0.701059
    outer loop
      vertex 18.3746 30.1165 25.5902
      vertex 18.0336 32 24.523
      vertex 18.3746 32 24.2714
    endloop
  endfacet
  facet normal 0.410309 -0.523067 -0.747026
    outer loop
      vertex -18.0336 30 25.9235
      vertex -17.6702 32 24.7227
      vertex -17.6702 30 26.1231
    endloop
  endfacet
  facet normal 0.410472 -0.52305 -0.746948
    outer loop
      vertex -17.6702 32 24.7227
      vertex -18.0336 30 25.9235
      vertex -18.0336 32 24.523
    endloop
  endfacet
  facet normal 0.000153563 0.819155 -0.573572
    outer loop
      vertex -19.4973 21.3754 18.6291
      vertex -19.7759 26.1922 25.5082
      vertex -19.422 26.8436 26.4386
    endloop
  endfacet
  facet normal 0 0.819152 -0.573577
    outer loop
      vertex -19.7759 26.1922 25.5082
      vertex -19.4973 21.3754 18.6291
      vertex -19.7585 21.3754 18.6291
    endloop
  endfacet
  facet normal 0 0.819153 -0.573575
    outer loop
      vertex -19.6616 9.45145 1.59999
      vertex -19.7398 16.2132 11.2568
      vertex -19.5685 16.2132 11.2568
    endloop
  endfacet
  facet normal 0 0.819153 -0.573575
    outer loop
      vertex -19.7398 16.2132 11.2568
      vertex -19.6616 9.45145 1.59999
      vertex -19.7153 9.45145 1.59999
    endloop
  endfacet
  facet normal 0 0.81915 -0.573579
    outer loop
      vertex -17.2282 22.9728 20.9105
      vertex -17.9034 27.3702 27.1906
      vertex -16.5726 27.3702 27.1906
    endloop
  endfacet
  facet normal -2.08655e-05 0.819149 -0.57358
    outer loop
      vertex -17.9034 27.3702 27.1906
      vertex -17.2282 22.9728 20.9105
      vertex -19.422 26.8436 26.4386
    endloop
  endfacet
  facet normal 0 0.819153 -0.573575
    outer loop
      vertex -18.1 22.9728 20.9105
      vertex -19.422 26.8436 26.4386
      vertex -17.2282 22.9728 20.9105
    endloop
  endfacet
  facet normal 0 0.819161 -0.573564
    outer loop
      vertex -19.4973 21.3754 18.6291
      vertex -18.1 22.9728 20.9105
      vertex -18.1 21.3754 18.6291
    endloop
  endfacet
  facet normal 1.95384e-05 0.819155 -0.573572
    outer loop
      vertex -18.1 22.9728 20.9105
      vertex -19.4973 21.3754 18.6291
      vertex -19.422 26.8436 26.4386
    endloop
  endfacet
  facet normal 0 0.819153 -0.573575
    outer loop
      vertex -19.2442 9.45145 1.59999
      vertex -19.5685 16.2132 11.2568
      vertex -18.2361 16.2132 11.2568
    endloop
  endfacet
  facet normal 0 0.819153 -0.573575
    outer loop
      vertex -19.5685 16.2132 11.2568
      vertex -19.2442 9.45145 1.59999
      vertex -19.6616 9.45145 1.59999
    endloop
  endfacet
  facet normal 0.998169 -0.0346967 -0.0495519
    outer loop
      vertex -19.8 37.5798 17.0489
      vertex -19.7916 37.0027 17.6222
      vertex -19.8 25.964 25.1824
    endloop
  endfacet
  facet normal -1.95384e-05 0.819155 -0.573572
    outer loop
      vertex 19.4973 21.3754 18.6291
      vertex 18.1 22.9728 20.9105
      vertex 19.422 26.8436 26.4386
    endloop
  endfacet
  facet normal 0 0.819161 -0.573564
    outer loop
      vertex 18.1 22.9728 20.9105
      vertex 19.4973 21.3754 18.6291
      vertex 18.1 21.3754 18.6291
    endloop
  endfacet
  facet normal 2.08655e-05 0.819149 -0.57358
    outer loop
      vertex 17.2282 22.9728 20.9105
      vertex 17.9034 27.3702 27.1906
      vertex 19.422 26.8436 26.4386
    endloop
  endfacet
  facet normal 0 0.819153 -0.573575
    outer loop
      vertex 17.2282 22.9728 20.9105
      vertex 19.422 26.8436 26.4386
      vertex 18.1 22.9728 20.9105
    endloop
  endfacet
  facet normal 0 0.81915 -0.573579
    outer loop
      vertex 17.9034 27.3702 27.1906
      vertex 17.2282 22.9728 20.9105
      vertex 16.5726 27.3702 27.1906
    endloop
  endfacet
  facet normal 0 0.819153 -0.573575
    outer loop
      vertex 19.2442 9.45145 1.59999
      vertex 19.5685 16.2132 11.2568
      vertex 19.6616 9.45145 1.59999
    endloop
  endfacet
  facet normal 0 0.819153 -0.573575
    outer loop
      vertex 19.5685 16.2132 11.2568
      vertex 19.2442 9.45145 1.59999
      vertex 18.2361 16.2132 11.2568
    endloop
  endfacet
  facet normal -1 0 0
    outer loop
      vertex 19.8 41.0474 1.59999
      vertex 19.8 41.4 3
      vertex 19.8 41.3743 2.60843
    endloop
  endfacet
  facet normal -1 0 0
    outer loop
      vertex 19.8 41.4 3
      vertex 19.8 37.5798 17.0489
      vertex 19.8 41.4 12.0056
    endloop
  endfacet
  facet normal -1 0 0
    outer loop
      vertex 19.8 41.0474 1.59999
      vertex 19.8 41.3743 2.60843
      vertex 19.8 41.2978 2.22354
    endloop
  endfacet
  facet normal -1 -0 -0
    outer loop
      vertex 19.8 40.5142 14.134
      vertex 19.8 41.4 12.0056
      vertex 19.8 37.5798 17.0489
    endloop
  endfacet
  facet normal -1 0 0
    outer loop
      vertex 19.8 41.0474 1.59999
      vertex 19.8 41.2978 2.22354
      vertex 19.8 41.1716 1.85194
    endloop
  endfacet
  facet normal -1 0 0
    outer loop
      vertex 19.8 41.4 12.0056
      vertex 19.8 40.5142 14.134
      vertex 19.8 41.3743 12.3972
    endloop
  endfacet
  facet normal -1 -0 0
    outer loop
      vertex 19.8 41.4 3
      vertex 19.8 41.0474 1.59999
      vertex 19.8 17.0324 10.6832
    endloop
  endfacet
  facet normal -1 0 0
    outer loop
      vertex 19.8 41.2978 12.7821
      vertex 19.8 40.5142 14.134
      vertex 19.8 41.1716 13.1537
    endloop
  endfacet
  facet normal -1 0 0
    outer loop
      vertex 19.8 41.1716 13.1537
      vertex 19.8 40.5142 14.134
      vertex 19.8 40.9981 13.5056
    endloop
  endfacet
  facet normal -1 0 0
    outer loop
      vertex 19.8 40.9981 13.5056
      vertex 19.8 40.5142 14.134
      vertex 19.8 40.7801 13.8319
    endloop
  endfacet
  facet normal -1 0 0
    outer loop
      vertex 19.8 41.3743 12.3972
      vertex 19.8 40.5142 14.134
      vertex 19.8 41.2978 12.7821
    endloop
  endfacet
  facet normal -1 0 0
    outer loop
      vertex 19.8 41.4 3
      vertex 19.8 17.0324 10.6832
      vertex 19.8 37.5798 17.0489
    endloop
  endfacet
  facet normal -1 0 0
    outer loop
      vertex 19.8 37.5798 17.0489
      vertex 19.8 22.1946 18.0556
      vertex 19.8 25.964 25.1824
    endloop
  endfacet
  facet normal -1 -0 0
    outer loop
      vertex 19.8 37.5798 17.0489
      vertex 19.8 17.0324 10.6832
      vertex 19.8 22.1946 18.0556
    endloop
  endfacet
  facet normal -1 -0 0
    outer loop
      vertex 19.8 17.0324 10.6832
      vertex 19.8 9.45145 1.59999
      vertex 19.8 16.2132 11.2568
    endloop
  endfacet
  facet normal -1 0 0
    outer loop
      vertex 19.8 9.45145 1.59999
      vertex 19.8 17.0324 10.6832
      vertex 19.8 41.0474 1.59999
    endloop
  endfacet
  facet normal -1 0 0
    outer loop
      vertex 19.8 25.964 25.1824
      vertex 19.8 22.1946 18.0556
      vertex 19.8 21.3754 18.6291
    endloop
  endfacet
  facet normal 0 0.819152 -0.573577
    outer loop
      vertex 19.7759 26.1922 25.5082
      vertex 19.7819 21.3754 18.6291
      vertex 19.7585 21.3754 18.6291
    endloop
  endfacet
  facet normal 0 0.819153 -0.573575
    outer loop
      vertex 19.7967 9.45145 1.59999
      vertex 19.7398 16.2132 11.2568
      vertex 19.7883 16.2132 11.2568
    endloop
  endfacet
  facet normal 0 0.819153 -0.573575
    outer loop
      vertex 19.7398 16.2132 11.2568
      vertex 19.7967 9.45145 1.59999
      vertex 19.7153 9.45145 1.59999
    endloop
  endfacet
  facet normal -0.790704 -0.351121 -0.501499
    outer loop
      vertex 18.9701 28.4668 26.1014
      vertex 18.9803 28.5211 26.0473
      vertex 18.9701 27.2192 26.9749
    endloop
  endfacet
  facet normal -0.616726 -0.451497 -0.644825
    outer loop
      vertex 18.3746 32 24.2714
      vertex 18.6883 31.1399 24.5736
      vertex 18.3746 30.1165 25.5902
    endloop
  endfacet
  facet normal -0.6168 -0.451499 -0.644753
    outer loop
      vertex 18.6883 31.1399 24.5736
      vertex 18.3746 32 24.2714
      vertex 18.6883 32 23.9713
    endloop
  endfacet
  facet normal -0.410301 -0.523094 -0.747011
    outer loop
      vertex 17.6702 30 26.1231
      vertex 18.0336 32 24.523
      vertex 18.0336 30 25.9235
    endloop
  endfacet
  facet normal -0.41048 -0.523023 -0.746963
    outer loop
      vertex 18.0336 32 24.523
      vertex 17.6702 30 26.1231
      vertex 17.6702 32 24.7227
    endloop
  endfacet
  facet normal 0.180328 -0.564164 -0.80573
    outer loop
      vertex -17.2624 30 26.2739
      vertex -16.8978 31.6307 25.2137
      vertex -16.8978 30 26.3555
    endloop
  endfacet
  facet normal 0.180328 -0.564164 -0.80573
    outer loop
      vertex -16.8978 31.6307 25.2137
      vertex -17.2624 30 26.2739
      vertex -17.2389 31.891 24.9551
    endloop
  endfacet
  facet normal 0.297525 -0.547607 -0.782052
    outer loop
      vertex -17.6702 30 26.1231
      vertex -17.3406 31.9958 24.851
      vertex -17.3164 30 26.2577
    endloop
  endfacet
  facet normal 0.297453 -0.54761 -0.782077
    outer loop
      vertex -17.6702 32 24.7227
      vertex -17.3406 31.9958 24.851
      vertex -17.6702 30 26.1231
    endloop
  endfacet
  facet normal 0.296072 -0.553131 -0.778709
    outer loop
      vertex -17.3406 31.9958 24.851
      vertex -17.6702 32 24.7227
      vertex -17.3438 32 24.8468
    endloop
  endfacet
  facet normal 0.517633 -0.490507 -0.701041
    outer loop
      vertex -18.3746 30.1165 25.5902
      vertex -18.0336 30 25.9235
      vertex -18.3283 30 25.7059
    endloop
  endfacet
  facet normal 0.517433 -0.490843 -0.700954
    outer loop
      vertex -18.0336 30 25.9235
      vertex -18.3746 30.1165 25.5902
      vertex -18.0336 32 24.523
    endloop
  endfacet
  facet normal 0.517263 -0.490872 -0.701059
    outer loop
      vertex -18.0336 32 24.523
      vertex -18.3746 30.1165 25.5902
      vertex -18.3746 32 24.2714
    endloop
  endfacet
  facet normal 0.180045 -0.564191 -0.805774
    outer loop
      vertex -17.2897 30 26.2678
      vertex -17.2389 31.891 24.9551
      vertex -17.2624 30 26.2739
    endloop
  endfacet
  facet normal 0.181272 -0.564085 -0.805573
    outer loop
      vertex -17.2389 31.891 24.9551
      vertex -17.2897 30 26.2678
      vertex -17.2897 31.9298 24.9165
    endloop
  endfacet
  facet normal 0.856094 -0.296436 -0.423353
    outer loop
      vertex -19.422 31.1933 23.3929
      vertex -19.3949 31.0065 23.5785
      vertex -19.422 26.8436 26.4386
    endloop
  endfacet
  facet normal 0.00107973 0.81894 -0.573879
    outer loop
      vertex -19.5856 26.6352 26.1409
      vertex -19.422 26.8436 26.4386
      vertex -19.7041 26.417 25.8293
    endloop
  endfacet
  facet normal 1 0 0
    outer loop
      vertex -19.8 25.964 25.1824
      vertex -19.8 21.3754 18.6291
      vertex -19.8 22.1946 18.0556
    endloop
  endfacet
  facet normal 1 0 0
    outer loop
      vertex -19.8 40.5142 14.134
      vertex -19.8 41.4 12.0056
      vertex -19.8 41.3743 12.3972
    endloop
  endfacet
  facet normal 1 0 0
    outer loop
      vertex -19.8 41.4 12.0056
      vertex -19.8 37.5798 17.0489
      vertex -19.8 41.4 3
    endloop
  endfacet
  facet normal 1 0 0
    outer loop
      vertex -19.8 40.5142 14.134
      vertex -19.8 41.3743 12.3972
      vertex -19.8 41.2978 12.7821
    endloop
  endfacet
  facet normal 1 -0 0
    outer loop
      vertex -19.8 17.0324 10.6832
      vertex -19.8 41.4 3
      vertex -19.8 37.5798 17.0489
    endloop
  endfacet
  facet normal 1 0 0
    outer loop
      vertex -19.8 40.5142 14.134
      vertex -19.8 41.2978 12.7821
      vertex -19.8 41.1716 13.1537
    endloop
  endfacet
  facet normal 1 0 0
    outer loop
      vertex -19.8 41.4 12.0056
      vertex -19.8 40.5142 14.134
      vertex -19.8 37.5798 17.0489
    endloop
  endfacet
  facet normal 1 0 -0
    outer loop
      vertex -19.8 41.0474 1.59999
      vertex -19.8 41.4 3
      vertex -19.8 17.0324 10.6832
    endloop
  endfacet
  facet normal 1 0 0
    outer loop
      vertex -19.8 40.5142 14.134
      vertex -19.8 41.1716 13.1537
      vertex -19.8 40.9981 13.5056
    endloop
  endfacet
  facet normal 1 0 0
    outer loop
      vertex -19.8 40.5142 14.134
      vertex -19.8 40.9981 13.5056
      vertex -19.8 40.7801 13.8319
    endloop
  endfacet
  facet normal 1 0 0
    outer loop
      vertex -19.8 41.4 3
      vertex -19.8 41.0474 1.59999
      vertex -19.8 41.3743 2.60843
    endloop
  endfacet
  facet normal 1 0 0
    outer loop
      vertex -19.8 41.2978 2.22354
      vertex -19.8 41.0474 1.59999
      vertex -19.8 41.1716 1.85194
    endloop
  endfacet
  facet normal 1 -0 0
    outer loop
      vertex -19.8 22.1946 18.0556
      vertex -19.8 37.5798 17.0489
      vertex -19.8 25.964 25.1824
    endloop
  endfacet
  facet normal 1 0 0
    outer loop
      vertex -19.8 17.0324 10.6832
      vertex -19.8 37.5798 17.0489
      vertex -19.8 22.1946 18.0556
    endloop
  endfacet
  facet normal 1 0 0
    outer loop
      vertex -19.8 41.3743 2.60843
      vertex -19.8 41.0474 1.59999
      vertex -19.8 41.2978 2.22354
    endloop
  endfacet
  facet normal 1 0 0
    outer loop
      vertex -19.8 17.0324 10.6832
      vertex -19.8 9.45145 1.59999
      vertex -19.8 41.0474 1.59999
    endloop
  endfacet
  facet normal 1 0 0
    outer loop
      vertex -19.8 9.45145 1.59999
      vertex -19.8 17.0324 10.6832
      vertex -19.8 16.2132 11.2568
    endloop
  endfacet
  facet normal 0.99817 -0.0346883 -0.0495397
    outer loop
      vertex -19.8 25.964 25.1824
      vertex -19.7759 35.9234 18.6943
      vertex -19.7759 26.1922 25.5082
    endloop
  endfacet
  facet normal 0.99817 -0.0346862 -0.0495365
    outer loop
      vertex -19.7759 35.9234 18.6943
      vertex -19.8 25.964 25.1824
      vertex -19.7916 37.0027 17.6222
    endloop
  endfacet
  facet normal 0.000185762 0.819215 -0.573486
    outer loop
      vertex 19.7041 26.417 25.8293
      vertex 19.7759 26.1922 25.5082
      vertex 19.422 26.8436 26.4386
    endloop
  endfacet
  facet normal -0.180328 -0.564164 -0.80573
    outer loop
      vertex 16.8978 31.6307 25.2137
      vertex 17.2624 30 26.2739
      vertex 16.8978 30 26.3555
    endloop
  endfacet
  facet normal -0.180328 -0.564164 -0.80573
    outer loop
      vertex 17.2624 30 26.2739
      vertex 16.8978 31.6307 25.2137
      vertex 17.2389 31.891 24.9551
    endloop
  endfacet
  facet normal 0.29598 -0.547888 -0.782442
    outer loop
      vertex -17.3164 30 26.2577
      vertex -17.2897 31.9298 24.9165
      vertex -17.2897 30 26.2678
    endloop
  endfacet
  facet normal 0.296401 -0.547817 -0.782332
    outer loop
      vertex -17.2897 31.9298 24.9165
      vertex -17.3164 30 26.2577
      vertex -17.3406 31.9958 24.851
    endloop
  endfacet
  facet normal 0.616726 -0.451497 -0.644825
    outer loop
      vertex -18.6883 31.1399 24.5736
      vertex -18.3746 32 24.2714
      vertex -18.3746 30.1165 25.5902
    endloop
  endfacet
  facet normal 0.6168 -0.451499 -0.644753
    outer loop
      vertex -18.3746 32 24.2714
      vertex -18.6883 31.1399 24.5736
      vertex -18.6883 32 23.9713
    endloop
  endfacet
  facet normal 0.85587 -0.296649 -0.423658
    outer loop
      vertex -19.422 26.8436 26.4386
      vertex -19.2159 29.7731 24.8037
      vertex -19.2159 27.0392 26.718
    endloop
  endfacet
  facet normal 0.855996 -0.296553 -0.42347
    outer loop
      vertex -19.2159 29.7731 24.8037
      vertex -19.422 26.8436 26.4386
      vertex -19.2488 30 24.5783
    endloop
  endfacet
  facet normal 0.855799 -0.296711 -0.423757
    outer loop
      vertex -19.2488 30 24.5783
      vertex -19.422 26.8436 26.4386
      vertex -19.3949 31.0065 23.5785
    endloop
  endfacet
  facet normal 0.706512 -0.405938 -0.579702
    outer loop
      vertex -18.6883 32 23.9713
      vertex -18.7235 31.2864 24.4281
      vertex -18.7299 32 23.9206
    endloop
  endfacet
  facet normal 0.706599 -0.405894 -0.579627
    outer loop
      vertex -18.7235 31.2864 24.4281
      vertex -18.6883 32 23.9713
      vertex -18.6883 31.1399 24.5736
    endloop
  endfacet
  facet normal 0.911854 -0.235462 -0.336274
    outer loop
      vertex -19.5856 26.6352 26.1409
      vertex -19.422 31.1933 23.3929
      vertex -19.422 26.8436 26.4386
    endloop
  endfacet
  facet normal 0.911841 -0.235476 -0.336298
    outer loop
      vertex -19.422 31.1933 23.3929
      vertex -19.5856 26.6352 26.1409
      vertex -19.5856 32.7066 21.8897
    endloop
  endfacet
  facet normal 0.983634 -0.103346 -0.147595
    outer loop
      vertex -19.7759 26.1922 25.5082
      vertex -19.7041 34.291 20.3159
      vertex -19.7041 26.417 25.8293
    endloop
  endfacet
  facet normal 0.983638 -0.103333 -0.147574
    outer loop
      vertex -19.7041 34.291 20.3159
      vertex -19.7759 26.1922 25.5082
      vertex -19.7759 35.9234 18.6943
    endloop
  endfacet
  facet normal -0.000185762 0.819215 -0.573486
    outer loop
      vertex -19.7041 26.417 25.8293
      vertex -19.422 26.8436 26.4386
      vertex -19.7759 26.1922 25.5082
    endloop
  endfacet
  facet normal -0.911841 -0.235476 -0.336298
    outer loop
      vertex 19.5856 26.6352 26.1409
      vertex 19.422 31.1933 23.3929
      vertex 19.5856 32.7066 21.8897
    endloop
  endfacet
  facet normal -0.911854 -0.235462 -0.336274
    outer loop
      vertex 19.422 31.1933 23.3929
      vertex 19.5856 26.6352 26.1409
      vertex 19.422 26.8436 26.4386
    endloop
  endfacet
  facet normal -0.954751 -0.170585 -0.243623
    outer loop
      vertex 19.7041 26.417 25.8293
      vertex 19.5856 32.7066 21.8897
      vertex 19.7041 34.291 20.3159
    endloop
  endfacet
  facet normal -0.954748 -0.17059 -0.24363
    outer loop
      vertex 19.5856 32.7066 21.8897
      vertex 19.7041 26.417 25.8293
      vertex 19.5856 26.6352 26.1409
    endloop
  endfacet
  facet normal -0.297453 -0.54761 -0.782077
    outer loop
      vertex 17.3406 31.9958 24.851
      vertex 17.6702 32 24.7227
      vertex 17.6702 30 26.1231
    endloop
  endfacet
  facet normal -0.296072 -0.553131 -0.778709
    outer loop
      vertex 17.6702 32 24.7227
      vertex 17.3406 31.9958 24.851
      vertex 17.3438 32 24.8468
    endloop
  endfacet
  facet normal -0.297525 -0.547607 -0.782052
    outer loop
      vertex 17.3406 31.9958 24.851
      vertex 17.6702 30 26.1231
      vertex 17.3164 30 26.2577
    endloop
  endfacet
  facet normal 0 0.819085 -0.573672
    outer loop
      vertex -18.7028 27.3702 27.1906
      vertex -19.2159 27.0392 26.718
      vertex -18.7047 27.3702 27.1906
    endloop
  endfacet
  facet normal -0.000728211 0.819456 -0.573141
    outer loop
      vertex -19.2159 27.0392 26.718
      vertex -18.7028 27.3702 27.1906
      vertex -19.422 26.8436 26.4386
    endloop
  endfacet
  facet normal 0 0.819214 -0.573488
    outer loop
      vertex -18.7047 27.3702 27.1906
      vertex -18.9701 27.2192 26.9749
      vertex -18.7068 27.3702 27.1906
    endloop
  endfacet
  facet normal 0.00184003 0.818148 -0.575005
    outer loop
      vertex -18.9701 27.2192 26.9749
      vertex -18.7047 27.3702 27.1906
      vertex -19.2159 27.0392 26.718
    endloop
  endfacet
  facet normal 0.790704 -0.351121 -0.501499
    outer loop
      vertex -18.9701 28.4668 26.1014
      vertex -18.9701 27.2192 26.9749
      vertex -18.9803 28.5211 26.0473
    endloop
  endfacet
  facet normal -0.983638 -0.103333 -0.147574
    outer loop
      vertex 19.7759 26.1922 25.5082
      vertex 19.7041 34.291 20.3159
      vertex 19.7759 35.9234 18.6943
    endloop
  endfacet
  facet normal -0.983634 -0.103346 -0.147595
    outer loop
      vertex 19.7041 34.291 20.3159
      vertex 19.7759 26.1922 25.5082
      vertex 19.7041 26.417 25.8293
    endloop
  endfacet
  facet normal -0.00107973 0.81894 -0.573879
    outer loop
      vertex 19.5856 26.6352 26.1409
      vertex 19.7041 26.417 25.8293
      vertex 19.422 26.8436 26.4386
    endloop
  endfacet
  facet normal -0.180045 -0.564191 -0.805774
    outer loop
      vertex 17.2389 31.891 24.9551
      vertex 17.2897 30 26.2678
      vertex 17.2624 30 26.2739
    endloop
  endfacet
  facet normal -0.181272 -0.564085 -0.805573
    outer loop
      vertex 17.2897 30 26.2678
      vertex 17.2389 31.891 24.9551
      vertex 17.2897 31.9298 24.9165
    endloop
  endfacet
  facet normal 5.10863e-08 -0.819148 0.573583
    outer loop
      vertex 16.8932 8.49242 3.01986
      vertex 17.2805 8.53395 3.07917
      vertex -16.7953 8.48634 3.01118
    endloop
  endfacet
  facet normal -0.0615484 0.572489 0.817599
    outer loop
      vertex 16.5 8.47851 3
      vertex 16.8932 0.988988 8.27382
      vertex 16.8932 8.49242 3.01986
    endloop
  endfacet
  facet normal -0.0614488 0.572496 0.817602
    outer loop
      vertex 16.8932 0.988988 8.27382
      vertex 16.5 8.47851 3
      vertex 16.8545 0.987619 8.27187
    endloop
  endfacet
  facet normal 1.23051e-08 -0.819077 0.573684
    outer loop
      vertex 16.5 8.47851 3
      vertex 16.8932 8.49242 3.01986
      vertex -16.7953 8.48634 3.01118
    endloop
  endfacet
  facet normal -0.0615468 0.572489 0.817599
    outer loop
      vertex 16.5 8.47851 3
      vertex 16.7094 0.982488 8.26454
      vertex 16.8545 0.987619 8.27187
    endloop
  endfacet
  facet normal -0.0615598 0.572489 0.817598
    outer loop
      vertex 16.7094 0.982488 8.26454
      vertex 16.5 8.47851 3
      vertex 16.5 0.975081 8.25396
    endloop
  endfacet
  facet normal -0.00032861 -0.819032 0.573748
    outer loop
      vertex 16.7953 26.481 28.7102
      vertex 14.5711 24.5355 25.9317
      vertex 14.774 24.5778 25.9922
    endloop
  endfacet
  facet normal 0.00028115 -0.819261 0.57342
    outer loop
      vertex 16.7953 26.481 28.7102
      vertex 14.415 24.5029 25.8852
      vertex 14.5711 24.5355 25.9317
    endloop
  endfacet
  facet normal 0.000114935 -0.819196 0.573514
    outer loop
      vertex 16.7953 26.481 28.7102
      vertex 14.1224 24.362 25.684
      vertex 14.415 24.5029 25.8852
    endloop
  endfacet
  facet normal -1.23585e-05 -0.819101 0.57365
    outer loop
      vertex 10.965 23.5383 24.5076
      vertex 13.9025 23.8345 24.9306
      vertex 13.865 23.9565 25.1048
    endloop
  endfacet
  facet normal 4.82539e-07 -0.819101 0.573649
    outer loop
      vertex 10.965 23.5383 24.5076
      vertex 14.0144 23.6582 24.6788
      vertex 13.9313 23.7407 24.7966
    endloop
  endfacet
  facet normal -1.41402e-05 -0.819142 0.573591
    outer loop
      vertex 10.965 23.5383 24.5076
      vertex 14.1224 24.362 25.684
      vertex 16.7953 26.481 28.7102
    endloop
  endfacet
  facet normal -6.31526e-05 -0.81908 0.573679
    outer loop
      vertex 10.965 23.5383 24.5076
      vertex 14.0393 24.2795 25.5662
      vertex 14.1224 24.362 25.684
    endloop
  endfacet
  facet normal 0.000160636 -0.819386 0.573243
    outer loop
      vertex 10.965 23.5383 24.5076
      vertex 13.9313 24.1723 25.413
      vertex 14.0393 24.2795 25.5662
    endloop
  endfacet
  facet normal -2.71462e-05 -0.819097 0.573656
    outer loop
      vertex 10.965 23.5383 24.5076
      vertex 13.8938 24.0503 25.2388
      vertex 13.9313 24.1723 25.413
    endloop
  endfacet
  facet normal 4.72924e-05 -0.819237 0.573456
    outer loop
      vertex 10.965 23.5383 24.5076
      vertex 13.865 23.9565 25.1048
      vertex 13.8938 24.0503 25.2388
    endloop
  endfacet
  facet normal 2.70514e-05 -0.819229 0.573466
    outer loop
      vertex 13.9025 23.8345 24.9306
      vertex 10.965 23.5383 24.5076
      vertex 13.9313 23.7407 24.7966
    endloop
  endfacet
  facet normal -1.82146e-06 -0.819082 0.573677
    outer loop
      vertex 14.0144 23.6582 24.6788
      vertex 10.965 23.5383 24.5076
      vertex 14.1224 23.5509 24.5256
    endloop
  endfacet
  facet normal -9.06308e-07 -0.819157 0.573569
    outer loop
      vertex 10.965 21.6622 21.8282
      vertex 14.1224 23.5509 24.5256
      vertex 10.965 23.5383 24.5076
    endloop
  endfacet
  facet normal 3.27102e-05 -0.819176 0.573543
    outer loop
      vertex 14.1224 23.5509 24.5256
      vertex 10.965 21.6622 21.8282
      vertex 14.2878 23.4713 24.4119
    endloop
  endfacet
  facet normal -9.39485e-06 -0.81915 0.573579
    outer loop
      vertex 14.2878 23.4713 24.4119
      vertex 10.965 21.6622 21.8282
      vertex 14.415 23.4101 24.3245
    endloop
  endfacet
  facet normal 0 -0.819158 0.573568
    outer loop
      vertex 16.9256 21.6622 21.8282
      vertex 14.774 23.3351 24.2174
      vertex 10.965 21.6622 21.8282
    endloop
  endfacet
  facet normal -1.45039e-05 -0.819147 0.573584
    outer loop
      vertex 14.415 23.4101 24.3245
      vertex 10.965 21.6622 21.8282
      vertex 14.774 23.3351 24.2174
    endloop
  endfacet
  facet normal 0 -0.819147 0.573584
    outer loop
      vertex 15.156 24.5778 25.9922
      vertex 16.7953 26.481 28.7102
      vertex 14.774 24.5778 25.9922
    endloop
  endfacet
  facet normal 0.000216807 -0.819208 0.573496
    outer loop
      vertex 15.3589 24.5355 25.9317
      vertex 16.7953 26.481 28.7102
      vertex 15.156 24.5778 25.9922
    endloop
  endfacet
  facet normal -0.000185501 -0.819111 0.573636
    outer loop
      vertex 15.515 24.5029 25.8852
      vertex 16.7953 26.481 28.7102
      vertex 15.3589 24.5355 25.9317
    endloop
  endfacet
  facet normal -3.68549e-05 -0.819142 0.57359
    outer loop
      vertex 15.8076 24.362 25.684
      vertex 16.7953 26.481 28.7102
      vertex 15.515 24.5029 25.8852
    endloop
  endfacet
  facet normal -9.64267e-05 -0.819133 0.573603
    outer loop
      vertex 15.8907 24.2795 25.5662
      vertex 16.7953 26.481 28.7102
      vertex 15.8076 24.362 25.684
    endloop
  endfacet
  facet normal 0.000399203 -0.8192 0.573508
    outer loop
      vertex 15.9987 24.1723 25.413
      vertex 16.7953 26.481 28.7102
      vertex 15.8907 24.2795 25.5662
    endloop
  endfacet
  facet normal -0.000258649 -0.819125 0.573614
    outer loop
      vertex 16.0362 24.0503 25.2388
      vertex 16.7953 26.481 28.7102
      vertex 15.9987 24.1723 25.413
    endloop
  endfacet
  facet normal 0.000391856 -0.819192 0.573519
    outer loop
      vertex 16.065 23.9565 25.1048
      vertex 16.7953 26.481 28.7102
      vertex 16.0362 24.0503 25.2388
    endloop
  endfacet
  facet normal 1.31937e-05 -0.819153 0.573575
    outer loop
      vertex 16.9256 21.6622 21.8282
      vertex 15.6422 23.4713 24.4119
      vertex 15.515 23.4101 24.3245
    endloop
  endfacet
  facet normal 0 -0.819158 0.573568
    outer loop
      vertex 14.774 23.3351 24.2174
      vertex 16.9256 21.6622 21.8282
      vertex 15.156 23.3351 24.2174
    endloop
  endfacet
  facet normal -1.37904e-05 -0.819154 0.573574
    outer loop
      vertex 16.065 23.9565 25.1048
      vertex 16.9256 21.6622 21.8282
      vertex 16.7953 26.481 28.7102
    endloop
  endfacet
  facet normal 0.000234637 -0.819123 0.573618
    outer loop
      vertex 16.0275 23.8345 24.9306
      vertex 16.9256 21.6622 21.8282
      vertex 16.065 23.9565 25.1048
    endloop
  endfacet
  facet normal -0.000324563 -0.819199 0.573509
    outer loop
      vertex 15.9987 23.7407 24.7966
      vertex 16.9256 21.6622 21.8282
      vertex 16.0275 23.8345 24.9306
    endloop
  endfacet
  facet normal 0.000105194 -0.819136 0.573599
    outer loop
      vertex 15.9156 23.6582 24.6788
      vertex 16.9256 21.6622 21.8282
      vertex 15.9987 23.7407 24.7966
    endloop
  endfacet
  facet normal 0.000145518 -0.819129 0.573609
    outer loop
      vertex 15.8076 23.5509 24.5256
      vertex 16.9256 21.6622 21.8282
      vertex 15.9156 23.6582 24.6788
    endloop
  endfacet
  facet normal -4.59406e-05 -0.819167 0.573556
    outer loop
      vertex 15.6422 23.4713 24.4119
      vertex 16.9256 21.6622 21.8282
      vertex 15.8076 23.5509 24.5256
    endloop
  endfacet
  facet normal 1.7529e-05 -0.819152 0.573577
    outer loop
      vertex 15.156 23.3351 24.2174
      vertex 16.9256 21.6622 21.8282
      vertex 15.515 23.4101 24.3245
    endloop
  endfacet
  facet normal 0 -0.819153 0.573575
    outer loop
      vertex -18.2676 8.78393 3.43618
      vertex -14.774 10.3895 5.72918
      vertex -15.0865 10.3895 5.72918
    endloop
  endfacet
  facet normal -6.99718e-09 -0.819154 0.573574
    outer loop
      vertex 17.2805 8.53395 3.07917
      vertex -10.965 9.39623 4.31064
      vertex -18.2676 8.78393 3.43618
    endloop
  endfacet
  facet normal -1.70067e-07 -0.819153 0.573575
    outer loop
      vertex -14.774 10.3895 5.72918
      vertex -18.2676 8.78393 3.43618
      vertex -10.965 9.39623 4.31064
    endloop
  endfacet
  facet normal -0.000110731 -0.819221 0.573478
    outer loop
      vertex -10.965 9.39623 4.31064
      vertex -13.8668 11.0051 6.60837
      vertex -13.9313 10.7951 6.30837
    endloop
  endfacet
  facet normal 4.24149e-05 -0.819114 0.573631
    outer loop
      vertex -10.965 9.39623 4.31064
      vertex -13.9313 10.7951 6.30837
      vertex -14.1224 10.6053 6.03736
    endloop
  endfacet
  facet normal 4.01454e-06 -0.819153 0.573576
    outer loop
      vertex -13.8668 11.0051 6.60837
      vertex -10.965 9.39623 4.31064
      vertex -10.965 12.4697 8.70002
    endloop
  endfacet
  facet normal -0.000115667 -0.81925 0.573437
    outer loop
      vertex -14.2496 10.5441 5.9499
      vertex -10.965 9.39623 4.31064
      vertex -14.1224 10.6053 6.03736
    endloop
  endfacet
  facet normal 0.000187641 -0.818964 0.573845
    outer loop
      vertex -14.415 10.4644 5.83621
      vertex -10.965 9.39623 4.31064
      vertex -14.2496 10.5441 5.9499
    endloop
  endfacet
  facet normal -5.45372e-05 -0.819221 0.573477
    outer loop
      vertex -10.965 9.39623 4.31064
      vertex -14.415 10.4644 5.83621
      vertex -14.774 10.3895 5.72918
    endloop
  endfacet
  facet normal 0 -0.819145 0.573586
    outer loop
      vertex 10.965 13.3052 9.89316
      vertex 14.774 11.6322 7.50393
      vertex 17.1515 13.3052 9.89316
    endloop
  endfacet
  facet normal -6.9828e-05 -0.819197 0.573512
    outer loop
      vertex 10.965 13.3052 9.89316
      vertex 14.415 11.5573 7.3969
      vertex 14.774 11.6322 7.50393
    endloop
  endfacet
  facet normal 0.000237193 -0.818998 0.573796
    outer loop
      vertex 10.965 13.3052 9.89316
      vertex 14.2496 11.4776 7.28321
      vertex 14.415 11.5573 7.3969
    endloop
  endfacet
  facet normal -0.000149432 -0.819227 0.57347
    outer loop
      vertex 10.965 13.3052 9.89316
      vertex 14.1224 11.4164 7.19575
      vertex 14.2496 11.4776 7.28321
    endloop
  endfacet
  facet normal -2.88249e-05 -0.81916 0.573565
    outer loop
      vertex 10.965 13.3052 9.89316
      vertex 14.0393 11.3339 7.07792
      vertex 14.1224 11.4164 7.19575
    endloop
  endfacet
  facet normal 0.000117867 -0.819085 0.573672
    outer loop
      vertex 10.965 13.3052 9.89316
      vertex 13.9313 11.2266 6.92474
      vertex 14.0393 11.3339 7.07792
    endloop
  endfacet
  facet normal -0.000217357 -0.819242 0.573447
    outer loop
      vertex 10.965 13.3052 9.89316
      vertex 13.865 11.0109 6.61656
      vertex 13.9313 11.2266 6.92474
    endloop
  endfacet
  facet normal 7.86629e-06 -0.819149 0.573581
    outer loop
      vertex 10.965 9.39623 4.31064
      vertex 13.865 11.0109 6.61656
      vertex 10.965 13.3052 9.89316
    endloop
  endfacet
  facet normal 5.95698e-06 -0.819148 0.573583
    outer loop
      vertex 13.865 11.0109 6.61656
      vertex 10.965 9.39623 4.31064
      vertex 13.9313 10.7951 6.30837
    endloop
  endfacet
  facet normal 2.1219e-07 -0.819153 0.573575
    outer loop
      vertex 17.2805 8.53395 3.07917
      vertex 14.774 10.3895 5.72918
      vertex 10.965 9.39623 4.31064
    endloop
  endfacet
  facet normal 5.45372e-05 -0.819221 0.573477
    outer loop
      vertex 14.415 10.4644 5.83621
      vertex 10.965 9.39623 4.31064
      vertex 14.774 10.3895 5.72918
    endloop
  endfacet
  facet normal -0.000187641 -0.818964 0.573845
    outer loop
      vertex 14.2496 10.5441 5.9499
      vertex 10.965 9.39623 4.31064
      vertex 14.415 10.4644 5.83621
    endloop
  endfacet
  facet normal 0.000115667 -0.81925 0.573437
    outer loop
      vertex 14.1224 10.6053 6.03736
      vertex 10.965 9.39623 4.31064
      vertex 14.2496 10.5441 5.9499
    endloop
  endfacet
  facet normal -4.24149e-05 -0.819114 0.573631
    outer loop
      vertex 13.9313 10.7951 6.30837
      vertex 10.965 9.39623 4.31064
      vertex 14.1224 10.6053 6.03736
    endloop
  endfacet
  facet normal 0 -0.819145 0.573586
    outer loop
      vertex 15.156 11.6322 7.50393
      vertex 17.1515 13.3052 9.89316
      vertex 14.774 11.6322 7.50393
    endloop
  endfacet
  facet normal 8.24773e-05 -0.819177 0.57354
    outer loop
      vertex 15.515 11.5573 7.3969
      vertex 17.1515 13.3052 9.89316
      vertex 15.156 11.6322 7.50393
    endloop
  endfacet
  facet normal -0.000318865 -0.819054 0.573717
    outer loop
      vertex 15.6804 11.4776 7.28321
      vertex 17.1515 13.3052 9.89316
      vertex 15.515 11.5573 7.3969
    endloop
  endfacet
  facet normal 0.000200875 -0.819191 0.57352
    outer loop
      vertex 15.8076 11.4164 7.19575
      vertex 17.1515 13.3052 9.89316
      vertex 15.6804 11.4776 7.28321
    endloop
  endfacet
  facet normal 4.49275e-05 -0.819155 0.573572
    outer loop
      vertex 15.8907 11.3339 7.07792
      vertex 17.1515 13.3052 9.89316
      vertex 15.8076 11.4164 7.19575
    endloop
  endfacet
  facet normal -0.000183728 -0.819107 0.573641
    outer loop
      vertex 15.9987 11.2266 6.92474
      vertex 17.1515 13.3052 9.89316
      vertex 15.8907 11.3339 7.07792
    endloop
  endfacet
  facet normal 0.000437382 -0.81922 0.573479
    outer loop
      vertex 16.065 11.0109 6.61656
      vertex 17.1515 13.3052 9.89316
      vertex 15.9987 11.2266 6.92474
    endloop
  endfacet
  facet normal -3.30613e-06 -0.819148 0.573582
    outer loop
      vertex 17.2805 8.53395 3.07917
      vertex 16.065 11.0109 6.61656
      vertex 15.9987 10.7951 6.30837
    endloop
  endfacet
  facet normal 0 -0.819153 0.573575
    outer loop
      vertex 14.774 10.3895 5.72918
      vertex 17.2805 8.53395 3.07917
      vertex 15.156 10.3895 5.72918
    endloop
  endfacet
  facet normal -1.47053e-05 -0.81915 0.57358
    outer loop
      vertex 16.065 11.0109 6.61656
      vertex 17.2805 8.53395 3.07917
      vertex 17.1515 13.3052 9.89316
    endloop
  endfacet
  facet normal 9.16378e-05 -0.81913 0.573608
    outer loop
      vertex 15.8076 10.6053 6.03736
      vertex 17.2805 8.53395 3.07917
      vertex 15.9987 10.7951 6.30837
    endloop
  endfacet
  facet normal -0.000193069 -0.819197 0.573512
    outer loop
      vertex 15.6804 10.5441 5.9499
      vertex 17.2805 8.53395 3.07917
      vertex 15.8076 10.6053 6.03736
    endloop
  endfacet
  facet normal 0.00032829 -0.81906 0.573707
    outer loop
      vertex 15.515 10.4644 5.83621
      vertex 17.2805 8.53395 3.07917
      vertex 15.6804 10.5441 5.9499
    endloop
  endfacet
  facet normal -7.90645e-05 -0.819183 0.573532
    outer loop
      vertex 15.156 10.3895 5.72918
      vertex 17.2805 8.53395 3.07917
      vertex 15.515 10.4644 5.83621
    endloop
  endfacet
  facet normal 0 -0.819153 0.573574
    outer loop
      vertex -10.965 9.39623 4.31064
      vertex 17.2805 8.53395 3.07917
      vertex 10.965 9.39623 4.31064
    endloop
  endfacet
  facet normal 0.526444 -0.487654 -0.696456
    outer loop
      vertex -18.3489 26.1515 28.2396
      vertex -18.0139 18.767 33.6634
      vertex -18.3489 18.648 33.4935
    endloop
  endfacet
  facet normal 0.526339 -0.487695 -0.696506
    outer loop
      vertex -18.0139 18.767 33.6634
      vertex -18.3489 26.1515 28.2396
      vertex -18.0139 26.2704 28.4095
    endloop
  endfacet
  facet normal -0.602671 -0.457712 -0.653673
    outer loop
      vertex 18.2676 18.68 33.5392
      vertex 18.582 26.0472 28.0907
      vertex 18.582 18.5438 33.3447
    endloop
  endfacet
  facet normal -0.602671 -0.457712 -0.653673
    outer loop
      vertex 18.582 26.0472 28.0907
      vertex 18.2676 18.68 33.5392
      vertex 18.2676 26.1834 28.2852
    endloop
  endfacet
  facet normal -3.30765e-05 -0.819166 0.573556
    outer loop
      vertex 19.7 24.6534 26.1001
      vertex 19.4839 25.3164 27.047
      vertex 18.2676 26.1834 28.2852
    endloop
  endfacet
  facet normal 0.30376 -0.546447 -0.780465
    outer loop
      vertex -17.656 26.3649 28.5444
      vertex -17.2805 18.9299 33.8962
      vertex -17.2999 18.9264 33.8911
    endloop
  endfacet
  facet normal 0.303192 -0.54657 -0.780599
    outer loop
      vertex -17.656 26.3649 28.5444
      vertex -17.2999 18.9264 33.8911
      vertex -17.656 18.8614 33.7983
    endloop
  endfacet
  facet normal 0.303033 -0.546606 -0.780636
    outer loop
      vertex -17.2805 18.9299 33.8962
      vertex -17.656 26.3649 28.5444
      vertex -17.2805 26.4334 28.6422
    endloop
  endfacet
  facet normal 6.21231e-08 -0.81915 0.573579
    outer loop
      vertex -16.7953 8.48634 3.01118
      vertex 17.2805 8.53395 3.07917
      vertex -18.2676 8.78393 3.43618
    endloop
  endfacet
  facet normal 0 -0.819158 0.573568
    outer loop
      vertex 10.965 25.5711 27.4107
      vertex 16.7953 26.481 28.7102
      vertex -3.22225 25.5711 27.4107
    endloop
  endfacet
  facet normal -4.49647e-06 -0.819148 0.573582
    outer loop
      vertex 16.7953 26.481 28.7102
      vertex 10.965 25.5711 27.4107
      vertex 10.965 23.5383 24.5076
    endloop
  endfacet
  facet normal -5.73312e-05 -0.81946 0.573137
    outer loop
      vertex -19.6864 24.8227 26.3419
      vertex -15.3589 24.5355 25.9317
      vertex -15.156 24.5778 25.9922
    endloop
  endfacet
  facet normal 5.47046e-05 -0.818904 0.57393
    outer loop
      vertex -19.6864 24.8227 26.3419
      vertex -15.515 24.5029 25.8852
      vertex -15.3589 24.5355 25.9317
    endloop
  endfacet
  facet normal 4.43693e-06 -0.81912 0.573622
    outer loop
      vertex -19.6864 24.8227 26.3419
      vertex -15.8076 24.362 25.684
      vertex -15.515 24.5029 25.8852
    endloop
  endfacet
  facet normal 1.00708e-05 -0.819105 0.573644
    outer loop
      vertex -19.6864 24.8227 26.3419
      vertex -15.8907 24.2795 25.5662
      vertex -15.8076 24.362 25.684
    endloop
  endfacet
  facet normal -7.78325e-05 -0.819307 0.573356
    outer loop
      vertex -19.6864 24.8227 26.3419
      vertex -15.9987 24.1723 25.413
      vertex -15.8907 24.2795 25.5662
    endloop
  endfacet
  facet normal 3.15918e-05 -0.819103 0.573647
    outer loop
      vertex -19.6864 24.8227 26.3419
      vertex -16.0362 24.0503 25.2388
      vertex -15.9987 24.1723 25.413
    endloop
  endfacet
  facet normal -4.84714e-05 -0.819227 0.573469
    outer loop
      vertex -19.6864 24.8227 26.3419
      vertex -16.065 23.9565 25.1048
      vertex -16.0362 24.0503 25.2388
    endloop
  endfacet
  facet normal 4.7874e-05 -0.819095 0.573659
    outer loop
      vertex -19.6864 24.8227 26.3419
      vertex -16.0275 23.8345 24.9306
      vertex -16.065 23.9565 25.1048
    endloop
  endfacet
  facet normal -7.08014e-05 -0.819239 0.573452
    outer loop
      vertex -19.6864 24.8227 26.3419
      vertex -15.9987 23.7407 24.7966
      vertex -16.0275 23.8345 24.9306
    endloop
  endfacet
  facet normal 5.61253e-06 -0.819153 0.573575
    outer loop
      vertex -18.1 21.6622 21.8282
      vertex -15.9987 23.7407 24.7966
      vertex -19.6864 24.8227 26.3419
    endloop
  endfacet
  facet normal -7.57457e-05 -0.819126 0.573613
    outer loop
      vertex -15.9987 23.7407 24.7966
      vertex -18.1 21.6622 21.8282
      vertex -15.9156 23.6582 24.6788
    endloop
  endfacet
  facet normal -0.000104768 -0.819116 0.573628
    outer loop
      vertex -15.9156 23.6582 24.6788
      vertex -18.1 21.6622 21.8282
      vertex -15.8076 23.5509 24.5256
    endloop
  endfacet
  facet normal 3.72617e-05 -0.819173 0.573547
    outer loop
      vertex -15.8076 23.5509 24.5256
      vertex -18.1 21.6622 21.8282
      vertex -15.6422 23.4713 24.4119
    endloop
  endfacet
  facet normal 0 -0.819158 0.573568
    outer loop
      vertex -15.156 23.3351 24.2174
      vertex -18.1 21.6622 21.8282
      vertex -14.774 23.3351 24.2174
    endloop
  endfacet
  facet normal -1.56494e-05 -0.819149 0.573581
    outer loop
      vertex -15.515 23.4101 24.3245
      vertex -18.1 21.6622 21.8282
      vertex -15.156 23.3351 24.2174
    endloop
  endfacet
  facet normal -1.07018e-05 -0.819151 0.573578
    outer loop
      vertex -15.6422 23.4713 24.4119
      vertex -18.1 21.6622 21.8282
      vertex -15.515 23.4101 24.3245
    endloop
  endfacet
  facet normal 1.2521e-05 -0.819152 0.573576
    outer loop
      vertex -19.2655 20.0648 19.5469
      vertex -18.1 21.6622 21.8282
      vertex -19.6864 24.8227 26.3419
    endloop
  endfacet
  facet normal 0 -0.819149 0.57358
    outer loop
      vertex -18.1 21.6622 21.8282
      vertex -19.2655 20.0648 19.5469
      vertex -18.1 20.0648 19.5469
    endloop
  endfacet
  facet normal -6.02509e-06 -0.819148 0.573583
    outer loop
      vertex -15.156 24.5778 25.9922
      vertex -10.965 25.2191 26.9081
      vertex -19.6864 24.8227 26.3419
    endloop
  endfacet
  facet normal 0 -0.81916 0.573564
    outer loop
      vertex -14.774 24.5778 25.9922
      vertex -10.965 25.2191 26.9081
      vertex -15.156 24.5778 25.9922
    endloop
  endfacet
  facet normal 0.000110384 -0.819376 0.573256
    outer loop
      vertex -14.5711 24.5355 25.9317
      vertex -10.965 25.2191 26.9081
      vertex -14.774 24.5778 25.9922
    endloop
  endfacet
  facet normal -0.000110632 -0.818993 0.573804
    outer loop
      vertex -14.415 24.5029 25.8852
      vertex -10.965 25.2191 26.9081
      vertex -14.5711 24.5355 25.9317
    endloop
  endfacet
  facet normal -2.24028e-05 -0.819132 0.573604
    outer loop
      vertex -14.1224 24.362 25.684
      vertex -10.965 25.2191 26.9081
      vertex -14.415 24.5029 25.8852
    endloop
  endfacet
  facet normal -3.78201e-05 -0.819114 0.573631
    outer loop
      vertex -14.0393 24.2795 25.5662
      vertex -10.965 25.2191 26.9081
      vertex -14.1224 24.362 25.684
    endloop
  endfacet
  facet normal 0.000126424 -0.819291 0.573379
    outer loop
      vertex -13.9313 24.1723 25.413
      vertex -10.965 25.2191 26.9081
      vertex -14.0393 24.2795 25.5662
    endloop
  endfacet
  facet normal -7.0986e-05 -0.819107 0.573641
    outer loop
      vertex -13.8938 24.0503 25.2388
      vertex -10.965 25.2191 26.9081
      vertex -13.9313 24.1723 25.413
    endloop
  endfacet
  facet normal 7.22646e-05 -0.819225 0.573473
    outer loop
      vertex -13.865 23.9565 25.1048
      vertex -10.965 25.2191 26.9081
      vertex -13.8938 24.0503 25.2388
    endloop
  endfacet
  facet normal -0.000107975 -0.819088 0.573667
    outer loop
      vertex -13.9025 23.8345 24.9306
      vertex -10.965 25.2191 26.9081
      vertex -13.865 23.9565 25.1048
    endloop
  endfacet
  facet normal -0.00014092 -0.819218 0.573483
    outer loop
      vertex -10.965 21.6622 21.8282
      vertex -13.9025 23.8345 24.9306
      vertex -13.9313 23.7407 24.7966
    endloop
  endfacet
  facet normal 6.27975e-05 -0.819122 0.573619
    outer loop
      vertex -10.965 21.6622 21.8282
      vertex -13.9313 23.7407 24.7966
      vertex -14.0144 23.6582 24.6788
    endloop
  endfacet
  facet normal 8.68537e-05 -0.81911 0.573637
    outer loop
      vertex -10.965 21.6622 21.8282
      vertex -14.0144 23.6582 24.6788
      vertex -14.1224 23.5509 24.5256
    endloop
  endfacet
  facet normal 9.39485e-06 -0.81915 0.573579
    outer loop
      vertex -10.965 21.6622 21.8282
      vertex -14.2878 23.4713 24.4119
      vertex -14.415 23.4101 24.3245
    endloop
  endfacet
  facet normal 0 -0.819158 0.573568
    outer loop
      vertex -10.965 21.6622 21.8282
      vertex -14.774 23.3351 24.2174
      vertex -18.1 21.6622 21.8282
    endloop
  endfacet
  facet normal -7.69686e-06 -0.819158 0.573567
    outer loop
      vertex -13.9025 23.8345 24.9306
      vertex -10.965 21.6622 21.8282
      vertex -10.965 25.2191 26.9081
    endloop
  endfacet
  facet normal -3.27102e-05 -0.819176 0.573543
    outer loop
      vertex -14.2878 23.4713 24.4119
      vertex -10.965 21.6622 21.8282
      vertex -14.1224 23.5509 24.5256
    endloop
  endfacet
  facet normal 1.45039e-05 -0.819147 0.573584
    outer loop
      vertex -14.774 23.3351 24.2174
      vertex -10.965 21.6622 21.8282
      vertex -14.415 23.4101 24.3245
    endloop
  endfacet
  facet normal 0 -0.819154 0.573574
    outer loop
      vertex -18.8088 14.9026 12.1745
      vertex -18.1 13.3052 9.89316
      vertex -18.1 14.9026 12.1745
    endloop
  endfacet
  facet normal 0 -0.819145 0.573586
    outer loop
      vertex -14.774 11.6322 7.50393
      vertex -10.965 13.3052 9.89316
      vertex -18.1 13.3052 9.89316
    endloop
  endfacet
  facet normal 0 -0.819145 0.573586
    outer loop
      vertex -14.774 11.6322 7.50393
      vertex -18.1 13.3052 9.89316
      vertex -15.156 11.6322 7.50393
    endloop
  endfacet
  facet normal -7.53393e-05 -0.819189 0.573524
    outer loop
      vertex -18.1 13.3052 9.89316
      vertex -15.515 11.5573 7.3969
      vertex -15.156 11.6322 7.50393
    endloop
  endfacet
  facet normal 0.000270204 -0.819021 0.573764
    outer loop
      vertex -18.1 13.3052 9.89316
      vertex -15.6804 11.4776 7.28321
      vertex -15.515 11.5573 7.3969
    endloop
  endfacet
  facet normal -0.000170225 -0.819212 0.57349
    outer loop
      vertex -18.1 13.3052 9.89316
      vertex -15.8076 11.4164 7.19575
      vertex -15.6804 11.4776 7.28321
    endloop
  endfacet
  facet normal -3.47688e-05 -0.819158 0.573567
    outer loop
      vertex -18.1 13.3052 9.89316
      vertex -15.8907 11.3339 7.07792
      vertex -15.8076 11.4164 7.19575
    endloop
  endfacet
  facet normal 0.000142176 -0.819093 0.573661
    outer loop
      vertex -18.1 13.3052 9.89316
      vertex -15.9987 11.2266 6.92474
      vertex -15.8907 11.3339 7.07792
    endloop
  endfacet
  facet normal -0.000285975 -0.819235 0.573457
    outer loop
      vertex -18.1 13.3052 9.89316
      vertex -16.065 11.0109 6.61656
      vertex -15.9987 11.2266 6.92474
    endloop
  endfacet
  facet normal 8.62096e-06 -0.81915 0.57358
    outer loop
      vertex -18.2676 8.78393 3.43618
      vertex -16.065 11.0109 6.61656
      vertex -18.1 13.3052 9.89316
    endloop
  endfacet
  facet normal 0 -0.819153 0.573575
    outer loop
      vertex -15.156 10.3895 5.72918
      vertex -18.2676 8.78393 3.43618
      vertex -15.0865 10.3895 5.72918
    endloop
  endfacet
  facet normal 6.97581e-05 -0.819198 0.573512
    outer loop
      vertex -15.515 10.4644 5.83621
      vertex -18.2676 8.78393 3.43618
      vertex -15.156 10.3895 5.72918
    endloop
  endfacet
  facet normal -0.000265069 -0.819017 0.573769
    outer loop
      vertex -15.6804 10.5441 5.9499
      vertex -18.2676 8.78393 3.43618
      vertex -15.515 10.4644 5.83621
    endloop
  endfacet
  facet normal 0.000157243 -0.819221 0.573478
    outer loop
      vertex -15.8076 10.6053 6.03736
      vertex -18.2676 8.78393 3.43618
      vertex -15.6804 10.5441 5.9499
    endloop
  endfacet
  facet normal -6.65001e-05 -0.819122 0.57362
    outer loop
      vertex -15.9987 10.7951 6.30837
      vertex -18.2676 8.78393 3.43618
      vertex -15.8076 10.6053 6.03736
    endloop
  endfacet
  facet normal 3.57268e-06 -0.819148 0.573582
    outer loop
      vertex -16.065 11.0109 6.61656
      vertex -18.2676 8.78393 3.43618
      vertex -15.9987 10.7951 6.30837
    endloop
  endfacet
  facet normal 2.8783e-05 -0.81915 0.57358
    outer loop
      vertex -18.2676 8.78393 3.43618
      vertex -18.1 13.3052 9.89316
      vertex -18.8088 14.9026 12.1745
    endloop
  endfacet
  facet normal 6.9828e-05 -0.819197 0.573512
    outer loop
      vertex -14.415 11.5573 7.3969
      vertex -10.965 13.3052 9.89316
      vertex -14.774 11.6322 7.50393
    endloop
  endfacet
  facet normal -2.70285e-05 -0.819135 0.573601
    outer loop
      vertex -10.965 13.3052 9.89316
      vertex -14.415 11.5573 7.3969
      vertex -10.965 12.4697 8.70002
    endloop
  endfacet
  facet normal -0.000172354 -0.818954 0.57386
    outer loop
      vertex -14.2496 11.4776 7.28321
      vertex -10.965 12.4697 8.70002
      vertex -14.415 11.5573 7.3969
    endloop
  endfacet
  facet normal 0.000105663 -0.819257 0.573427
    outer loop
      vertex -14.1224 11.4164 7.19575
      vertex -10.965 12.4697 8.70002
      vertex -14.2496 11.4776 7.28321
    endloop
  endfacet
  facet normal 1.32901e-05 -0.819165 0.573557
    outer loop
      vertex -14.0393 11.3339 7.07792
      vertex -10.965 12.4697 8.70002
      vertex -14.1224 11.4164 7.19575
    endloop
  endfacet
  facet normal -8.80878e-05 -0.819075 0.573686
    outer loop
      vertex -13.9313 11.2266 6.92474
      vertex -10.965 12.4697 8.70002
      vertex -14.0393 11.3339 7.07792
    endloop
  endfacet
  facet normal 0.000135499 -0.819251 0.573436
    outer loop
      vertex -13.865 11.0109 6.61656
      vertex -10.965 12.4697 8.70002
      vertex -13.9313 11.2266 6.92474
    endloop
  endfacet
  facet normal -0.00556536 -0.815493 0.57874
    outer loop
      vertex -10.965 12.4697 8.70002
      vertex -13.865 11.0109 6.61656
      vertex -13.8668 11.0051 6.60837
    endloop
  endfacet
  facet normal -3.2939e-05 -0.819131 0.573606
    outer loop
      vertex 19.5181 9.70394 4.75009
      vertex 19.7 10.314 5.62129
      vertex 17.2805 8.53395 3.07917
    endloop
  endfacet
  facet normal -1.19307e-05 -0.81917 0.573551
    outer loop
      vertex -17.9264 8.67094 3.27481
      vertex -16.7953 8.48634 3.01118
      vertex -18.2676 8.78393 3.43618
    endloop
  endfacet
  facet normal 0.998083 0.0355016 0.0507023
    outer loop
      vertex -19.6976 2.78832 10.8435
      vertex -19.7 10.314 5.62129
      vertex -19.7 2.81052 10.8752
    endloop
  endfacet
  facet normal 0.998112 0.0352297 0.0503104
    outer loop
      vertex -19.7 10.314 5.62129
      vertex -19.6976 2.78832 10.8435
      vertex -19.6758 10.0884 5.29916
    endloop
  endfacet
  facet normal 0.961841 -0.156934 -0.224127
    outer loop
      vertex -19.5181 17.76 32.2252
      vertex -19.6259 25.046 26.6609
      vertex -19.5181 25.2634 26.9713
    endloop
  endfacet
  facet normal 0.961841 -0.156934 -0.224127
    outer loop
      vertex -19.6259 25.046 26.6609
      vertex -19.5181 17.76 32.2252
      vertex -19.6259 17.5426 31.9148
    endloop
  endfacet
  facet normal -7.57618e-06 -0.819154 0.573574
    outer loop
      vertex 16.9256 21.6622 21.8282
      vertex 18.2676 26.1834 28.2852
      vertex 16.7953 26.481 28.7102
    endloop
  endfacet
  facet normal 0 -0.819154 0.573573
    outer loop
      vertex 18.2676 26.1834 28.2852
      vertex 16.9256 21.6622 21.8282
      vertex 18.0147 21.6622 21.8282
    endloop
  endfacet
  facet normal 0 -0.81915 0.57358
    outer loop
      vertex 17.2805 8.53395 3.07917
      vertex 17.5473 13.3052 9.89316
      vertex 17.1515 13.3052 9.89316
    endloop
  endfacet
  facet normal -6.08271e-05 -0.819179 0.573538
    outer loop
      vertex 19.4839 25.3164 27.047
      vertex 18.582 26.0472 28.0907
      vertex 18.2676 26.1834 28.2852
    endloop
  endfacet
  facet normal -0.389647 -0.528241 -0.754411
    outer loop
      vertex 17.9264 26.2964 28.4466
      vertex 17.9264 18.793 33.7005
      vertex 17.5992 18.8724 33.8139
    endloop
  endfacet
  facet normal 0.273689 0.551676 0.787876
    outer loop
      vertex -17.5635 1.07941 8.40297
      vertex -17.1846 8.52101 3.06069
      vertex -17.5635 8.58285 3.14901
    endloop
  endfacet
  facet normal 0.273689 0.551676 0.787876
    outer loop
      vertex -17.1846 8.52101 3.06069
      vertex -17.5635 1.07941 8.40297
      vertex -17.1846 1.01757 8.31465
    endloop
  endfacet
  facet normal 0.0461681 0.572965 0.818278
    outer loop
      vertex -16.5 0.975081 8.25396
      vertex -16.5 8.47851 3
      vertex -16.7662 0.982135 8.26404
    endloop
  endfacet
  facet normal 0 0.573577 0.819152
    outer loop
      vertex 16.5 8.47851 3
      vertex 8.26824 0.975081 8.25396
      vertex 16.5 0.975081 8.25396
    endloop
  endfacet
  facet normal -0 0.573577 0.819152
    outer loop
      vertex -16.5 8.47851 3
      vertex 8.26824 0.975081 8.25396
      vertex 16.5 8.47851 3
    endloop
  endfacet
  facet normal 0 0.573577 0.819152
    outer loop
      vertex 8.26824 0.975081 8.25396
      vertex -16.5 8.47851 3
      vertex -16.5 0.975081 8.25396
    endloop
  endfacet
  facet normal -6.95984e-05 -0.819198 0.573511
    outer loop
      vertex -18.582 8.92011 3.63066
      vertex -18.2676 8.78393 3.43618
      vertex -18.8648 9.07743 3.85534
    endloop
  endfacet
  facet normal 1 0 0
    outer loop
      vertex -19.7 24.6534 26.1001
      vertex -19.7 19.2456 20.1204
      vertex -19.7 20.0648 19.5469
    endloop
  endfacet
  facet normal 1 0 0
    outer loop
      vertex -19.7 17.1499 31.354
      vertex -19.7 19.2456 20.1204
      vertex -19.7 24.6534 26.1001
    endloop
  endfacet
  facet normal 1 -0 0
    outer loop
      vertex -19.7 11.1041 22.7197
      vertex -19.7 19.2456 20.1204
      vertex -19.7 17.1499 31.354
    endloop
  endfacet
  facet normal 1 0 0
    outer loop
      vertex -19.7 19.2456 20.1204
      vertex -19.7 11.1041 22.7197
      vertex -19.7 14.0834 12.7481
    endloop
  endfacet
  facet normal 1 0 0
    outer loop
      vertex -19.7 14.0834 12.7481
      vertex -19.7 10.314 5.62129
      vertex -19.7 14.9026 12.1745
    endloop
  endfacet
  facet normal 1 0 0
    outer loop
      vertex -19.7 2.81052 10.8752
      vertex -19.7 14.0834 12.7481
      vertex -19.7 11.1041 22.7197
    endloop
  endfacet
  facet normal 1 0 0
    outer loop
      vertex -19.7 14.0834 12.7481
      vertex -19.7 2.81052 10.8752
      vertex -19.7 10.314 5.62129
    endloop
  endfacet
  facet normal -0.00010018 -0.81913 0.573608
    outer loop
      vertex -19.1675 25.6672 27.548
      vertex -19.3645 25.4715 27.2685
      vertex -19.5181 25.2634 26.9713
    endloop
  endfacet
  facet normal 0.0461723 0.572965 0.818279
    outer loop
      vertex -16.7953 0.982905 8.26514
      vertex -16.5 8.47851 3
      vertex -16.7953 8.48634 3.01118
    endloop
  endfacet
  facet normal 0.0460926 0.572969 0.81828
    outer loop
      vertex -16.5 8.47851 3
      vertex -16.7953 0.982905 8.26514
      vertex -16.7662 0.982135 8.26404
    endloop
  endfacet
  facet normal 0 -0.819094 0.573659
    outer loop
      vertex -16.5 8.47851 3
      vertex 16.5 8.47851 3
      vertex -16.7953 8.48634 3.01118
    endloop
  endfacet
  facet normal 1.04268e-05 -0.819094 0.573659
    outer loop
      vertex -18.9301 25.8475 27.8055
      vertex -10.965 25.2191 26.9081
      vertex -10.965 25.5711 27.4107
    endloop
  endfacet
  facet normal -4.69591e-06 -0.819157 0.573569
    outer loop
      vertex -10.965 25.2191 26.9081
      vertex -18.9301 25.8475 27.8055
      vertex -19.6864 24.8227 26.3419
    endloop
  endfacet
  facet normal 0 -0.819193 0.573518
    outer loop
      vertex -3.22225 25.5711 27.4107
      vertex -18.9301 25.8475 27.8055
      vertex -10.965 25.5711 27.4107
    endloop
  endfacet
  facet normal 1.35162e-06 -0.819168 0.573554
    outer loop
      vertex -18.9301 25.8475 27.8055
      vertex -3.22225 25.5711 27.4107
      vertex 16.7953 26.481 28.7102
    endloop
  endfacet
  facet normal -0.045893 -0.572977 -0.818286
    outer loop
      vertex 16.5 18.9854 33.9753
      vertex 16.7953 26.481 28.7102
      vertex 16.7953 18.9776 33.9642
    endloop
  endfacet
  facet normal -0.0461695 -0.572962 -0.81828
    outer loop
      vertex 16.7953 26.481 28.7102
      vertex 16.5 18.9854 33.9753
      vertex 16.5 26.4888 28.7214
    endloop
  endfacet
  facet normal 0.0593792 -0.572569 -0.817703
    outer loop
      vertex -16.8932 26.4749 28.7015
      vertex -16.8545 18.9728 33.9574
      vertex -16.8932 18.9715 33.9555
    endloop
  endfacet
  facet normal 0.0616168 -0.572483 -0.817598
    outer loop
      vertex -16.8545 18.9728 33.9574
      vertex -16.8932 26.4749 28.7015
      vertex -16.5 26.4888 28.7214
    endloop
  endfacet
  facet normal 0 -0.573574 -0.819154
    outer loop
      vertex -16.5 18.9854 33.9753
      vertex 16.5 26.4888 28.7214
      vertex 16.5 18.9854 33.9753
    endloop
  endfacet
  facet normal -0 -0.573574 -0.819154
    outer loop
      vertex 16.5 26.4888 28.7214
      vertex -16.5 18.9854 33.9753
      vertex -16.5 26.4888 28.7214
    endloop
  endfacet
  facet normal -0.000819624 -0.819054 0.573716
    outer loop
      vertex 19.6864 10.1446 5.37943
      vertex 19.7 10.314 5.62129
      vertex 19.5181 9.70394 4.75009
    endloop
  endfacet
  facet normal 4.96289e-06 -0.819155 0.573573
    outer loop
      vertex 18.9301 9.11978 3.91582
      vertex 19.5181 9.70394 4.75009
      vertex 17.656 8.60245 3.177
    endloop
  endfacet
  facet normal -0.866031 0.286783 0.409568
    outer loop
      vertex 19.3451 1.97313 9.67933
      vertex 19.1675 9.30012 4.17338
      vertex 19.1675 1.79669 9.42734
    endloop
  endfacet
  facet normal -0.961839 0.156941 0.224133
    outer loop
      vertex 19.5181 9.70394 4.75009
      vertex 19.5287 2.2219 10.0346
      vertex 19.6259 9.92129 5.06051
    endloop
  endfacet
  facet normal -0.96199 0.156633 0.223698
    outer loop
      vertex 19.5287 2.2219 10.0346
      vertex 19.5181 9.70394 4.75009
      vertex 19.5181 2.2005 10.004
    endloop
  endfacet
  facet normal 0 -0.819152 0.573576
    outer loop
      vertex -19.6908 20.0648 19.5469
      vertex -19.7 24.6534 26.1001
      vertex -19.7 20.0648 19.5469
    endloop
  endfacet
  facet normal -0.000598303 -0.819152 0.573576
    outer loop
      vertex -19.7 24.6534 26.1001
      vertex -19.6908 20.0648 19.5469
      vertex -19.6864 24.8227 26.3419
    endloop
  endfacet
  facet normal 0 -0.819152 0.573576
    outer loop
      vertex -19.6957 14.9026 12.1745
      vertex -19.7 14.9026 12.1745
      vertex -19.7 10.314 5.62129
    endloop
  endfacet
  facet normal 0.000763165 -0.819075 0.573687
    outer loop
      vertex -19.6758 10.0884 5.29916
      vertex -19.6033 9.86627 4.98192
      vertex -19.7 10.314 5.62129
    endloop
  endfacet
  facet normal 0.696153 0.411767 0.588063
    outer loop
      vertex -18.582 1.41668 8.88463
      vertex -18.582 8.92011 3.63066
      vertex -18.837 1.55851 9.08719
    endloop
  endfacet
  facet normal 0.389677 0.528236 0.754399
    outer loop
      vertex -17.5635 8.58285 3.14901
      vertex -17.6897 1.11004 8.44671
      vertex -17.5635 1.07941 8.40297
    endloop
  endfacet
  facet normal 0.389728 0.528223 0.754382
    outer loop
      vertex -17.9264 1.1675 8.52877
      vertex -17.5635 8.58285 3.14901
      vertex -17.9264 8.67094 3.27481
    endloop
  endfacet
  facet normal 0.389756 0.528216 0.754373
    outer loop
      vertex -17.5635 8.58285 3.14901
      vertex -17.9264 1.1675 8.52877
      vertex -17.6897 1.11004 8.44671
    endloop
  endfacet
  facet normal -0.000175701 -0.818757 0.57414
    outer loop
      vertex -16.8932 26.4749 28.7015
      vertex -17.2805 26.4334 28.6422
      vertex -17.656 26.3649 28.5444
    endloop
  endfacet
  facet normal 0.000479187 -0.819275 0.573401
    outer loop
      vertex -18.9301 25.8475 27.8055
      vertex -19.6259 25.046 26.6609
      vertex -19.6864 24.8227 26.3419
    endloop
  endfacet
  facet normal -0.153646 -0.566763 -0.809427
    outer loop
      vertex 16.7953 18.9776 33.9642
      vertex 17.1846 26.4463 28.6607
      vertex 17.1846 18.9429 33.9146
    endloop
  endfacet
  facet normal -0.153443 -0.566788 -0.809448
    outer loop
      vertex 17.1846 26.4463 28.6607
      vertex 16.7953 18.9776 33.9642
      vertex 16.7953 26.481 28.7102
    endloop
  endfacet
  facet normal -1 0 0
    outer loop
      vertex 19.7 10.314 5.62129
      vertex 19.7 14.0834 12.7481
      vertex 19.7 14.9026 12.1745
    endloop
  endfacet
  facet normal -1 0 0
    outer loop
      vertex 19.7 2.81052 10.8752
      vertex 19.7 14.0834 12.7481
      vertex 19.7 10.314 5.62129
    endloop
  endfacet
  facet normal -1 -0 0
    outer loop
      vertex 19.7 14.0834 12.7481
      vertex 19.7 2.81052 10.8752
      vertex 19.7 13.4182 26.0245
    endloop
  endfacet
  facet normal -1 0 0
    outer loop
      vertex 19.7 19.2456 20.1204
      vertex 19.7 24.6534 26.1001
      vertex 19.7 20.0648 19.5469
    endloop
  endfacet
  facet normal -1 0 0
    outer loop
      vertex 19.7 13.4182 26.0245
      vertex 19.7 24.6534 26.1001
      vertex 19.7 19.2456 20.1204
    endloop
  endfacet
  facet normal -1 0 0
    outer loop
      vertex 19.7 13.4182 26.0245
      vertex 19.7 19.2456 20.1204
      vertex 19.7 14.0834 12.7481
    endloop
  endfacet
  facet normal -1 -0 0
    outer loop
      vertex 19.7 24.6534 26.1001
      vertex 19.7 13.4182 26.0245
      vertex 19.7 17.1499 31.354
    endloop
  endfacet
  facet normal -0.00219608 -0.819272 0.573401
    outer loop
      vertex 19.7 24.6534 26.1001
      vertex 19.6758 24.8789 26.4222
      vertex 19.6033 25.1011 26.7394
    endloop
  endfacet
  facet normal -4.21419e-06 -0.81915 0.57358
    outer loop
      vertex 17.656 8.60245 3.177
      vertex 19.5181 9.70394 4.75009
      vertex 17.2805 8.53395 3.07917
    endloop
  endfacet
  facet normal -0.303089 0.546597 0.780621
    outer loop
      vertex 17.2805 8.53395 3.07917
      vertex 17.656 1.09902 8.43096
      vertex 17.656 8.60245 3.177
    endloop
  endfacet
  facet normal -0.302999 0.546616 0.780642
    outer loop
      vertex 17.656 1.09902 8.43096
      vertex 17.2805 8.53395 3.07917
      vertex 17.5327 1.07653 8.39885
    endloop
  endfacet
  facet normal -0.303133 0.546589 0.780609
    outer loop
      vertex 17.5327 1.07653 8.39885
      vertex 17.2805 8.53395 3.07917
      vertex 17.2805 1.03052 8.33313
    endloop
  endfacet
  facet normal -2.13402e-05 -0.819133 0.573603
    outer loop
      vertex 18.3489 8.81587 3.4818
      vertex 18.9301 9.11978 3.91582
      vertex 17.656 8.60245 3.177
    endloop
  endfacet
  facet normal 0 -0.820606 0.571494
    outer loop
      vertex 16.7953 26.481 28.7102
      vertex 16.5 26.4888 28.7214
      vertex -16.5 26.4888 28.7214
    endloop
  endfacet
  facet normal 0.153414 0.566786 0.809455
    outer loop
      vertex -16.7953 8.48634 3.01118
      vertex -16.9598 0.997554 8.28606
      vertex -16.7953 0.982905 8.26514
    endloop
  endfacet
  facet normal 0.15342 0.566785 0.809454
    outer loop
      vertex -17.1846 1.01757 8.31465
      vertex -16.7953 8.48634 3.01118
      vertex -17.1846 8.52101 3.06069
    endloop
  endfacet
  facet normal 0.153412 0.566786 0.809455
    outer loop
      vertex -16.7953 8.48634 3.01118
      vertex -17.1846 1.01757 8.31465
      vertex -16.9598 0.997554 8.28606
    endloop
  endfacet
  facet normal 0.500006 0.49673 0.709404
    outer loop
      vertex -18.2676 1.28049 8.69014
      vertex -17.9264 8.67094 3.27481
      vertex -18.2676 8.78393 3.43618
    endloop
  endfacet
  facet normal 0.500006 0.49673 0.709404
    outer loop
      vertex -17.9264 8.67094 3.27481
      vertex -18.2676 1.28049 8.69014
      vertex -17.9264 1.1675 8.52877
    endloop
  endfacet
  facet normal 3.34053e-05 -0.819095 0.573658
    outer loop
      vertex -17.5635 8.58285 3.14901
      vertex -17.1846 8.52101 3.06069
      vertex -17.9264 8.67094 3.27481
    endloop
  endfacet
  facet normal -8.89074e-06 -0.819164 0.57356
    outer loop
      vertex -17.1846 8.52101 3.06069
      vertex -16.7953 8.48634 3.01118
      vertex -17.9264 8.67094 3.27481
    endloop
  endfacet
  facet normal 0.0616312 -0.572483 -0.817597
    outer loop
      vertex -16.5 26.4888 28.7214
      vertex -16.5 18.9854 33.9753
      vertex -16.8545 18.9728 33.9574
    endloop
  endfacet
  facet normal 5.65408e-07 -0.819817 0.572625
    outer loop
      vertex 16.7953 26.481 28.7102
      vertex -16.5 26.4888 28.7214
      vertex -16.8932 26.4749 28.7015
    endloop
  endfacet
  facet normal 2.11273e-07 -0.819174 0.573545
    outer loop
      vertex 16.7953 26.481 28.7102
      vertex -16.8932 26.4749 28.7015
      vertex -18.3489 26.1515 28.2396
    endloop
  endfacet
  facet normal 0.00022792 -0.819511 0.573064
    outer loop
      vertex -16.8932 26.4749 28.7015
      vertex -18.0139 26.2704 28.4095
      vertex -18.3489 26.1515 28.2396
    endloop
  endfacet
  facet normal -1.44605e-06 -0.819116 0.573628
    outer loop
      vertex 16.7953 26.481 28.7102
      vertex -18.3489 26.1515 28.2396
      vertex -18.9301 25.8475 27.8055
    endloop
  endfacet
  facet normal 0.627059 -0.446795 -0.638099
    outer loop
      vertex -18.6558 26.0098 28.0372
      vertex -18.3489 18.648 33.4935
      vertex -18.3581 18.6438 33.4874
    endloop
  endfacet
  facet normal 0.626965 -0.446843 -0.638158
    outer loop
      vertex -18.6558 26.0098 28.0372
      vertex -18.3581 18.6438 33.4874
      vertex -18.6558 18.5063 33.2912
    endloop
  endfacet
  facet normal 0.627094 -0.446777 -0.638077
    outer loop
      vertex -18.3489 18.648 33.4935
      vertex -18.6558 26.0098 28.0372
      vertex -18.3489 26.1515 28.2396
    endloop
  endfacet
  facet normal 0.418045 -0.521049 -0.744141
    outer loop
      vertex -18.0139 26.2704 28.4095
      vertex -17.6912 18.8521 33.7851
      vertex -18.0139 18.767 33.6634
    endloop
  endfacet
  facet normal 0.988144 -0.0880605 -0.125764
    outer loop
      vertex -19.6259 17.5426 31.9148
      vertex -19.6864 24.8227 26.3419
      vertex -19.6259 25.046 26.6609
    endloop
  endfacet
  facet normal 0.988139 -0.0880797 -0.125789
    outer loop
      vertex -19.6864 24.8227 26.3419
      vertex -19.6259 17.5426 31.9148
      vertex -19.6864 17.3193 31.5959
    endloop
  endfacet
  facet normal 0.920874 -0.223616 -0.319353
    outer loop
      vertex -19.3645 17.9681 32.5225
      vertex -19.5181 25.2634 26.9713
      vertex -19.3645 25.4715 27.2685
    endloop
  endfacet
  facet normal 0.920906 -0.223571 -0.319294
    outer loop
      vertex -19.5181 25.2634 26.9713
      vertex -19.3645 17.9681 32.5225
      vertex -19.5181 17.76 32.2252
    endloop
  endfacet
  facet normal -0.000144272 -0.819376 0.573256
    outer loop
      vertex 18.2676 26.1834 28.2852
      vertex 17.1846 26.4463 28.6607
      vertex 16.7953 26.481 28.7102
    endloop
  endfacet
  facet normal -0.389342 -0.528325 -0.75451
    outer loop
      vertex 17.5635 18.881 33.8263
      vertex 17.9264 26.2964 28.4466
      vertex 17.5992 18.8724 33.8139
    endloop
  endfacet
  facet normal -0.389741 -0.528213 -0.754382
    outer loop
      vertex 17.9264 26.2964 28.4466
      vertex 17.5635 18.881 33.8263
      vertex 17.5635 26.3845 28.5724
    endloop
  endfacet
  facet normal -0.499908 -0.496766 -0.709447
    outer loop
      vertex 17.9264 18.793 33.7005
      vertex 18.2676 26.1834 28.2852
      vertex 18.2676 18.68 33.5392
    endloop
  endfacet
  facet normal -0.500064 -0.496708 -0.709378
    outer loop
      vertex 18.2676 26.1834 28.2852
      vertex 17.9264 18.793 33.7005
      vertex 17.9264 26.2964 28.4466
    endloop
  endfacet
  facet normal 0.000251057 -0.818769 0.574123
    outer loop
      vertex 17.9264 26.2964 28.4466
      vertex 17.5635 26.3845 28.5724
      vertex 17.1846 26.4463 28.6607
    endloop
  endfacet
  facet normal -0.998111 -0.035236 -0.0503216
    outer loop
      vertex 19.7 24.6534 26.1001
      vertex 19.6758 17.3755 31.6762
      vertex 19.6758 24.8789 26.4222
    endloop
  endfacet
  facet normal -0.998113 -0.0352228 -0.0503044
    outer loop
      vertex 19.6758 17.3755 31.6762
      vertex 19.7 24.6534 26.1001
      vertex 19.7 17.1499 31.354
    endloop
  endfacet
  facet normal -0.90844 -0.239765 -0.342416
    outer loop
      vertex 19.4839 25.3164 27.047
      vertex 19.3192 18.0183 32.5942
      vertex 19.3192 25.5217 27.3402
    endloop
  endfacet
  facet normal -0.90844 -0.239765 -0.342416
    outer loop
      vertex 19.3192 18.0183 32.5942
      vertex 19.4839 25.3164 27.047
      vertex 19.4839 17.813 32.301
    endloop
  endfacet
  facet normal -0.850215 -0.301953 -0.43123
    outer loop
      vertex 19.1322 18.1915 32.8416
      vertex 19.1118 25.7138 27.6146
      vertex 19.3192 25.5217 27.3402
    endloop
  endfacet
  facet normal -0.850293 -0.301882 -0.431126
    outer loop
      vertex 19.1118 25.7138 27.6146
      vertex 19.1322 18.1915 32.8416
      vertex 19.1118 18.2104 32.8686
    endloop
  endfacet
  facet normal -0.961837 0.156943 0.224137
    outer loop
      vertex 19.6259 2.41786 10.3145
      vertex 19.6259 9.92129 5.06051
      vertex 19.5287 2.2219 10.0346
    endloop
  endfacet
  facet normal -0.000138011 -0.81914 0.573594
    outer loop
      vertex 19.6259 9.92129 5.06051
      vertex 19.6864 10.1446 5.37943
      vertex 19.5181 9.70394 4.75009
    endloop
  endfacet
  facet normal -0.000106893 -0.819114 0.573631
    outer loop
      vertex 19.1675 9.30012 4.17338
      vertex 19.3645 9.49583 4.45288
      vertex 18.9301 9.11978 3.91582
    endloop
  endfacet
  facet normal -3.05073e-05 -0.819143 0.573589
    outer loop
      vertex 19.3645 9.49583 4.45288
      vertex 19.5181 9.70394 4.75009
      vertex 18.9301 9.11978 3.91582
    endloop
  endfacet
  facet normal -0.717852 0.399322 0.57029
    outer loop
      vertex 18.6558 8.95755 3.68414
      vertex 18.9301 1.61635 9.16978
      vertex 18.9301 9.11978 3.91582
    endloop
  endfacet
  facet normal -0.717852 0.399322 0.57029
    outer loop
      vertex 18.9301 1.61635 9.16978
      vertex 18.6558 8.95755 3.68414
      vertex 18.6558 1.45412 8.9381
    endloop
  endfacet
  facet normal 0.952971 0.17383 0.248254
    outer loop
      vertex -19.6033 2.36284 10.2359
      vertex -19.4839 9.65092 4.67437
      vertex -19.6033 9.86627 4.98192
    endloop
  endfacet
  facet normal 0.952976 0.17382 0.248241
    outer loop
      vertex -19.4839 9.65092 4.67437
      vertex -19.6033 2.36284 10.2359
      vertex -19.4839 2.14748 9.92833
    endloop
  endfacet
  facet normal 0.850213 0.301953 0.431233
    outer loop
      vertex -19.1322 1.76896 9.38774
      vertex -19.3192 9.44562 4.38117
      vertex -19.3192 1.94219 9.63513
    endloop
  endfacet
  facet normal 0.183842 -0.5638 -0.805191
    outer loop
      vertex -17.2805 26.4334 28.6422
      vertex -16.8932 18.9715 33.9555
      vertex -17.2805 18.9299 33.8962
    endloop
  endfacet
  facet normal 0.183701 -0.56382 -0.805209
    outer loop
      vertex -16.8932 18.9715 33.9555
      vertex -17.2805 26.4334 28.6422
      vertex -16.8932 26.4749 28.7015
    endloop
  endfacet
  facet normal 8.95948e-06 -0.819161 0.573564
    outer loop
      vertex -18.9301 25.8475 27.8055
      vertex -19.1675 25.6672 27.548
      vertex -19.5181 25.2634 26.9713
    endloop
  endfacet
  facet normal -0.000925617 -0.818534 0.574458
    outer loop
      vertex -18.3489 26.1515 28.2396
      vertex -18.6558 26.0098 28.0372
      vertex -18.9301 25.8475 27.8055
    endloop
  endfacet
  facet normal 0.416948 -0.521377 -0.744527
    outer loop
      vertex -18.0139 26.2704 28.4095
      vertex -17.656 18.8614 33.7983
      vertex -17.6912 18.8521 33.7851
    endloop
  endfacet
  facet normal 0.418058 -0.521041 -0.74414
    outer loop
      vertex -17.656 18.8614 33.7983
      vertex -18.0139 26.2704 28.4095
      vertex -17.656 26.3649 28.5444
    endloop
  endfacet
  facet normal -0.000121931 -0.81888 0.573965
    outer loop
      vertex -16.8932 26.4749 28.7015
      vertex -17.656 26.3649 28.5444
      vertex -18.0139 26.2704 28.4095
    endloop
  endfacet
  facet normal 0.717921 -0.39928 -0.570232
    outer loop
      vertex -18.6558 18.5063 33.2912
      vertex -18.9301 25.8475 27.8055
      vertex -18.6558 26.0098 28.0372
    endloop
  endfacet
  facet normal 0.717851 -0.399325 -0.570289
    outer loop
      vertex -18.9301 25.8475 27.8055
      vertex -18.6558 18.5063 33.2912
      vertex -18.9301 18.3441 33.0595
    endloop
  endfacet
  facet normal 0.99894 -0.0263992 -0.0377015
    outer loop
      vertex -19.6864 17.3193 31.5959
      vertex -19.7 24.6534 26.1001
      vertex -19.6864 24.8227 26.3419
    endloop
  endfacet
  facet normal 0.998941 -0.0263862 -0.0376841
    outer loop
      vertex -19.7 24.6534 26.1001
      vertex -19.6864 17.3193 31.5959
      vertex -19.7 17.1499 31.354
    endloop
  endfacet
  facet normal 1.11438e-05 -0.819153 0.573575
    outer loop
      vertex 18.8199 20.0648 19.5469
      vertex 19.7 24.6534 26.1001
      vertex 18.2676 26.1834 28.2852
    endloop
  endfacet
  facet normal 0 -0.819152 0.573576
    outer loop
      vertex 19.7 24.6534 26.1001
      vertex 18.8199 20.0648 19.5469
      vertex 19.7 20.0648 19.5469
    endloop
  endfacet
  facet normal 0 -0.819152 0.573576
    outer loop
      vertex 19.7 10.314 5.62129
      vertex 19.7 14.9026 12.1745
      vertex 19.2858 14.9026 12.1745
    endloop
  endfacet
  facet normal 0 -0.819154 0.573573
    outer loop
      vertex 18.1 21.6622 21.8282
      vertex 18.2676 26.1834 28.2852
      vertex 18.0147 21.6622 21.8282
    endloop
  endfacet
  facet normal 0 -0.819149 0.57358
    outer loop
      vertex 18.8199 20.0648 19.5469
      vertex 18.1 21.6622 21.8282
      vertex 18.1 20.0648 19.5469
    endloop
  endfacet
  facet normal -3.22794e-05 -0.819154 0.573574
    outer loop
      vertex 18.1 21.6622 21.8282
      vertex 18.8199 20.0648 19.5469
      vertex 18.2676 26.1834 28.2852
    endloop
  endfacet
  facet normal 0 -0.819152 0.573577
    outer loop
      vertex 17.5473 13.3052 9.89316
      vertex 19.7 10.314 5.62129
      vertex 18.1 13.3052 9.89316
    endloop
  endfacet
  facet normal 7.92035e-06 -0.81915 0.57358
    outer loop
      vertex 19.7 10.314 5.62129
      vertex 17.5473 13.3052 9.89316
      vertex 17.2805 8.53395 3.07917
    endloop
  endfacet
  facet normal 0 -0.819154 0.573574
    outer loop
      vertex 18.1 13.3052 9.89316
      vertex 19.2858 14.9026 12.1745
      vertex 18.1 14.9026 12.1745
    endloop
  endfacet
  facet normal -5.55173e-06 -0.819153 0.573576
    outer loop
      vertex 19.2858 14.9026 12.1745
      vertex 18.1 13.3052 9.89316
      vertex 19.7 10.314 5.62129
    endloop
  endfacet
  facet normal -0.00045946 -0.819367 0.573269
    outer loop
      vertex 19.3192 25.5217 27.3402
      vertex 19.1118 25.7138 27.6146
      vertex 18.582 26.0472 28.0907
    endloop
  endfacet
  facet normal 0.00128318 -0.818455 0.57457
    outer loop
      vertex 19.1118 25.7138 27.6146
      vertex 18.8648 25.8899 27.866
      vertex 18.582 26.0472 28.0907
    endloop
  endfacet
  facet normal -0.779074 -0.359596 -0.51355
    outer loop
      vertex 19.1118 25.7138 27.6146
      vertex 18.8648 18.3865 33.12
      vertex 18.8648 25.8899 27.866
    endloop
  endfacet
  facet normal -0.779074 -0.359596 -0.51355
    outer loop
      vertex 18.8648 18.3865 33.12
      vertex 19.1118 25.7138 27.6146
      vertex 19.1118 18.2104 32.8686
    endloop
  endfacet
  facet normal -0.998941 0.0263858 0.0376906
    outer loop
      vertex 19.6987 2.79386 10.8514
      vertex 19.7 10.314 5.62129
      vertex 19.6864 10.1446 5.37943
    endloop
  endfacet
  facet normal -0.999 0.0256404 0.0366189
    outer loop
      vertex 19.7 10.314 5.62129
      vertex 19.6987 2.79386 10.8514
      vertex 19.7 2.81052 10.8752
    endloop
  endfacet
  facet normal -0.998934 0.0264789 0.0378157
    outer loop
      vertex 19.6987 2.79386 10.8514
      vertex 19.6864 10.1446 5.37943
      vertex 19.6864 2.64117 10.6334
    endloop
  endfacet
  facet normal -0.92088 0.223606 0.319345
    outer loop
      vertex 19.3645 9.49583 4.45288
      vertex 19.5181 2.2005 10.004
      vertex 19.5181 9.70394 4.75009
    endloop
  endfacet
  facet normal -0.920862 0.223632 0.319379
    outer loop
      vertex 19.5181 2.2005 10.004
      vertex 19.3645 9.49583 4.45288
      vertex 19.3645 1.9924 9.70684
    endloop
  endfacet
  facet normal -0.866021 0.286793 0.409581
    outer loop
      vertex 19.3451 1.97313 9.67933
      vertex 19.3645 9.49583 4.45288
      vertex 19.1675 9.30012 4.17338
    endloop
  endfacet
  facet normal -0.865935 0.286879 0.409705
    outer loop
      vertex 19.3645 9.49583 4.45288
      vertex 19.3451 1.97313 9.67933
      vertex 19.3645 1.9924 9.70684
    endloop
  endfacet
  facet normal -0.000104795 -0.819044 0.57373
    outer loop
      vertex 18.0139 8.6969 3.3119
      vertex 18.3489 8.81587 3.4818
      vertex 17.656 8.60245 3.177
    endloop
  endfacet
  facet normal -0.526412 0.487672 0.696467
    outer loop
      vertex 18.0139 8.6969 3.3119
      vertex 18.3489 1.31244 8.73576
      vertex 18.3489 8.81587 3.4818
    endloop
  endfacet
  facet normal -0.526412 0.487672 0.696467
    outer loop
      vertex 18.3489 1.31244 8.73576
      vertex 18.0139 8.6969 3.3119
      vertex 18.0139 1.19347 8.56586
    endloop
  endfacet
  facet normal -0.798064 0.345621 0.493598
    outer loop
      vertex 18.9301 9.11978 3.91582
      vertex 19.1675 1.79669 9.42734
      vertex 19.1675 9.30012 4.17338
    endloop
  endfacet
  facet normal -0.798064 0.345621 0.493598
    outer loop
      vertex 19.1675 1.79669 9.42734
      vertex 18.9301 9.11978 3.91582
      vertex 18.9301 1.61635 9.16978
    endloop
  endfacet
  facet normal -0.183763 0.563809 0.805202
    outer loop
      vertex 16.8932 8.49242 3.01986
      vertex 17.2805 1.03052 8.33313
      vertex 17.2805 8.53395 3.07917
    endloop
  endfacet
  facet normal -0.183766 0.563808 0.805202
    outer loop
      vertex 17.2805 1.03052 8.33313
      vertex 16.8932 8.49242 3.01986
      vertex 16.8932 0.988988 8.27382
    endloop
  endfacet
  facet normal 0.696583 0.411527 0.587723
    outer loop
      vertex -18.837 1.55851 9.08719
      vertex -18.8648 9.07743 3.85534
      vertex -18.8648 1.57399 9.1093
    endloop
  endfacet
  facet normal 0.696214 0.411731 0.588017
    outer loop
      vertex -18.8648 9.07743 3.85534
      vertex -18.837 1.55851 9.08719
      vertex -18.582 8.92011 3.63066
    endloop
  endfacet
  facet normal 0 -0.819152 0.573576
    outer loop
      vertex -19.7 10.314 5.62129
      vertex -19.3203 14.9026 12.1745
      vertex -19.6957 14.9026 12.1745
    endloop
  endfacet
  facet normal -5.24809e-05 -0.819151 0.573578
    outer loop
      vertex -19.3203 14.9026 12.1745
      vertex -19.7 10.314 5.62129
      vertex -19.1118 9.25348 4.10677
    endloop
  endfacet
  facet normal 0 -0.819153 0.573576
    outer loop
      vertex -19.5108 20.0648 19.5469
      vertex -19.6864 24.8227 26.3419
      vertex -19.6908 20.0648 19.5469
    endloop
  endfacet
  facet normal 0.000111894 -0.819121 0.573621
    outer loop
      vertex -19.6033 9.86627 4.98192
      vertex -19.1118 9.25348 4.10677
      vertex -19.7 10.314 5.62129
    endloop
  endfacet
  facet normal -3.06492e-05 -0.819159 0.573567
    outer loop
      vertex -19.3192 9.44562 4.38117
      vertex -19.1118 9.25348 4.10677
      vertex -19.6033 9.86627 4.98192
    endloop
  endfacet
  facet normal -0.000446177 -0.81901 0.573779
    outer loop
      vertex -18.9301 25.8475 27.8055
      vertex -19.5181 25.2634 26.9713
      vertex -19.6259 25.046 26.6609
    endloop
  endfacet
  facet normal 0.797998 -0.345674 -0.493668
    outer loop
      vertex -18.9301 18.3441 33.0595
      vertex -19.1675 25.6672 27.548
      vertex -18.9301 25.8475 27.8055
    endloop
  endfacet
  facet normal 0.798073 -0.345613 -0.49359
    outer loop
      vertex -19.1675 25.6672 27.548
      vertex -18.9301 18.3441 33.0595
      vertex -19.1675 18.1638 32.8019
    endloop
  endfacet
  facet normal -0.273739 -0.551665 -0.787866
    outer loop
      vertex 17.1846 26.4463 28.6607
      vertex 17.3584 18.9145 33.8741
      vertex 17.1846 18.9429 33.9146
    endloop
  endfacet
  facet normal -0.273672 -0.551675 -0.787882
    outer loop
      vertex 17.3584 18.9145 33.8741
      vertex 17.1846 26.4463 28.6607
      vertex 17.5262 18.8871 33.835
    endloop
  endfacet
  facet normal -0.273965 -0.551624 -0.787816
    outer loop
      vertex 17.5262 18.8871 33.835
      vertex 17.5635 26.3845 28.5724
      vertex 17.5635 18.881 33.8263
    endloop
  endfacet
  facet normal -0.273597 -0.551685 -0.787901
    outer loop
      vertex 17.5635 26.3845 28.5724
      vertex 17.5262 18.8871 33.835
      vertex 17.1846 26.4463 28.6607
    endloop
  endfacet
  facet normal -0.850206 -0.301961 -0.43124
    outer loop
      vertex 19.3192 25.5217 27.3402
      vertex 19.3192 18.0183 32.5942
      vertex 19.1322 18.1915 32.8416
    endloop
  endfacet
  facet normal -0.982925 -0.105541 -0.150728
    outer loop
      vertex 19.6758 24.8789 26.4222
      vertex 19.6033 17.5976 31.9934
      vertex 19.6033 25.1011 26.7394
    endloop
  endfacet
  facet normal -0.98292 -0.105557 -0.150749
    outer loop
      vertex 19.6033 17.5976 31.9934
      vertex 19.6758 24.8789 26.4222
      vertex 19.6758 17.3755 31.6762
    endloop
  endfacet
  facet normal 9.29448e-06 -0.819151 0.573578
    outer loop
      vertex 19.4839 25.3164 27.047
      vertex 19.3192 25.5217 27.3402
      vertex 18.582 26.0472 28.0907
    endloop
  endfacet
  facet normal -0.98814 0.0880742 0.125783
    outer loop
      vertex 19.6259 9.92129 5.06051
      vertex 19.6864 2.64117 10.6334
      vertex 19.6864 10.1446 5.37943
    endloop
  endfacet
  facet normal -0.98814 0.0880781 0.125788
    outer loop
      vertex 19.6864 2.64117 10.6334
      vertex 19.6259 9.92129 5.06051
      vertex 19.6259 2.41786 10.3145
    endloop
  endfacet
  facet normal 0.00125225 -0.819028 0.573752
    outer loop
      vertex 19.7 24.6534 26.1001
      vertex 19.6033 25.1011 26.7394
      vertex 19.4839 25.3164 27.047
    endloop
  endfacet
  facet normal -6.27848e-05 -0.819107 0.57364
    outer loop
      vertex 18.6558 8.95755 3.68414
      vertex 18.9301 9.11978 3.91582
      vertex 18.3489 8.81587 3.4818
    endloop
  endfacet
  facet normal -0.417998 0.521066 0.744156
    outer loop
      vertex 17.656 8.60245 3.177
      vertex 17.6912 1.10832 8.44424
      vertex 18.0139 8.6969 3.3119
    endloop
  endfacet
  facet normal -0.418344 0.520973 0.744026
    outer loop
      vertex 17.6912 1.10832 8.44424
      vertex 17.656 8.60245 3.177
      vertex 17.656 1.09902 8.43096
    endloop
  endfacet
  facet normal -0.627001 0.446827 0.638135
    outer loop
      vertex 18.3489 8.81587 3.4818
      vertex 18.6558 1.45412 8.9381
      vertex 18.6558 8.95755 3.68414
    endloop
  endfacet
  facet normal -0.627001 0.446827 0.638135
    outer loop
      vertex 18.6558 1.45412 8.9381
      vertex 18.3489 8.81587 3.4818
      vertex 18.3489 1.31244 8.73576
    endloop
  endfacet
  facet normal 0 -0.81915 0.573579
    outer loop
      vertex -19.1118 9.25348 4.10677
      vertex -19.1688 14.9026 12.1745
      vertex -19.3203 14.9026 12.1745
    endloop
  endfacet
  facet normal 1.42329e-05 -0.81915 0.573579
    outer loop
      vertex -19.1688 14.9026 12.1745
      vertex -19.1118 9.25348 4.10677
      vertex -18.8648 9.07743 3.85534
    endloop
  endfacet
  facet normal 0 -0.819153 0.573576
    outer loop
      vertex -19.5108 20.0648 19.5469
      vertex -19.4381 20.0648 19.5469
      vertex -19.6864 24.8227 26.3419
    endloop
  endfacet
  facet normal 0 -0.819151 0.573579
    outer loop
      vertex -18.8648 9.07743 3.85534
      vertex -18.8088 14.9026 12.1745
      vertex -19.1688 14.9026 12.1745
    endloop
  endfacet
  facet normal 7.87237e-07 -0.819151 0.573579
    outer loop
      vertex -18.8088 14.9026 12.1745
      vertex -18.8648 9.07743 3.85534
      vertex -18.2676 8.78393 3.43618
    endloop
  endfacet
  facet normal 0 -0.819153 0.573576
    outer loop
      vertex -19.4381 20.0648 19.5469
      vertex -19.2655 20.0648 19.5469
      vertex -19.6864 24.8227 26.3419
    endloop
  endfacet
  facet normal 0.982925 0.105543 0.150731
    outer loop
      vertex -19.6758 2.58497 10.5531
      vertex -19.6033 9.86627 4.98192
      vertex -19.6758 10.0884 5.29916
    endloop
  endfacet
  facet normal 0.982922 0.105552 0.150743
    outer loop
      vertex -19.6033 9.86627 4.98192
      vertex -19.6758 2.58497 10.5531
      vertex -19.6033 2.36284 10.2359
    endloop
  endfacet
  facet normal 0.998115 0.0352037 0.0502763
    outer loop
      vertex -19.6758 2.58497 10.5531
      vertex -19.6758 10.0884 5.29916
      vertex -19.6976 2.78832 10.8435
    endloop
  endfacet
  facet normal 0.866018 -0.286794 -0.409588
    outer loop
      vertex -19.1675 18.1638 32.8019
      vertex -19.3645 25.4715 27.2685
      vertex -19.1675 25.6672 27.548
    endloop
  endfacet
  facet normal 0.865966 -0.28685 -0.409659
    outer loop
      vertex -19.3645 25.4715 27.2685
      vertex -19.1675 18.1638 32.8019
      vertex -19.3645 17.9681 32.5225
    endloop
  endfacet
  facet normal 3.16759e-05 -0.819145 0.573587
    outer loop
      vertex -19.4839 9.65092 4.67437
      vertex -19.3192 9.44562 4.38117
      vertex -19.6033 9.86627 4.98192
    endloop
  endfacet
  facet normal 0.850231 0.301937 0.431209
    outer loop
      vertex -19.1322 1.76896 9.38774
      vertex -19.1118 9.25348 4.10677
      vertex -19.3192 9.44562 4.38117
    endloop
  endfacet
  facet normal 0.850392 0.301787 0.430996
    outer loop
      vertex -19.1118 9.25348 4.10677
      vertex -19.1322 1.76896 9.38774
      vertex -19.1118 1.75005 9.36073
    endloop
  endfacet
  facet normal -9.82845e-06 -0.819194 0.573517
    outer loop
      vertex 18.2676 26.1834 28.2852
      vertex 17.9264 26.2964 28.4466
      vertex 17.1846 26.4463 28.6607
    endloop
  endfacet
  facet normal -0.69622 -0.411731 -0.58801
    outer loop
      vertex 18.8648 25.8899 27.866
      vertex 18.837 18.4019 33.1421
      vertex 18.582 26.0472 28.0907
    endloop
  endfacet
  facet normal -0.695863 -0.411931 -0.588292
    outer loop
      vertex 18.837 18.4019 33.1421
      vertex 18.8648 25.8899 27.866
      vertex 18.8648 18.3865 33.12
    endloop
  endfacet
  facet normal -0.696259 -0.411711 -0.587977
    outer loop
      vertex 18.582 26.0472 28.0907
      vertex 18.837 18.4019 33.1421
      vertex 18.582 18.5438 33.3447
    endloop
  endfacet
  facet normal -0.952974 -0.173826 -0.248246
    outer loop
      vertex 19.6033 25.1011 26.7394
      vertex 19.4839 17.813 32.301
      vertex 19.4839 25.3164 27.047
    endloop
  endfacet
  facet normal -0.952987 -0.1738 -0.248212
    outer loop
      vertex 19.4839 17.813 32.301
      vertex 19.6033 25.1011 26.7394
      vertex 19.6033 17.5976 31.9934
    endloop
  endfacet
  facet normal -0.41796 0.521075 0.744171
    outer loop
      vertex 18.0139 1.19347 8.56586
      vertex 18.0139 8.6969 3.3119
      vertex 17.6912 1.10832 8.44424
    endloop
  endfacet
  facet normal 0.77907 0.359596 0.513556
    outer loop
      vertex -19.1118 1.75005 9.36073
      vertex -18.8648 9.07743 3.85534
      vertex -19.1118 9.25348 4.10677
    endloop
  endfacet
  facet normal 0.779076 0.359592 0.513551
    outer loop
      vertex -18.8648 9.07743 3.85534
      vertex -19.1118 1.75005 9.36073
      vertex -18.8648 1.57399 9.1093
    endloop
  endfacet
  facet normal 0.90844 0.239763 0.342417
    outer loop
      vertex -19.4839 2.14748 9.92833
      vertex -19.3192 9.44562 4.38117
      vertex -19.4839 9.65092 4.67437
    endloop
  endfacet
  facet normal 0.908438 0.239766 0.342422
    outer loop
      vertex -19.3192 9.44562 4.38117
      vertex -19.4839 2.14748 9.92833
      vertex -19.3192 1.94219 9.63513
    endloop
  endfacet
  facet normal 0.602586 0.457746 0.653727
    outer loop
      vertex -18.2985 1.2939 8.70928
      vertex -18.582 8.92011 3.63066
      vertex -18.582 1.41668 8.88463
    endloop
  endfacet
  facet normal 0.60322 0.45747 0.653335
    outer loop
      vertex -18.2676 8.78393 3.43618
      vertex -18.2985 1.2939 8.70928
      vertex -18.2676 1.28049 8.69014
    endloop
  endfacet
  facet normal 0.602626 0.45773 0.653701
    outer loop
      vertex -18.2985 1.2939 8.70928
      vertex -18.2676 8.78393 3.43618
      vertex -18.582 8.92011 3.63066
    endloop
  endfacet
  facet normal 1 0 0
    outer loop
      vertex 12.75 13.8 1.59999
      vertex 12.75 15.5896 2
      vertex 12.75 13.8 2
    endloop
  endfacet
  facet normal 1 0 0
    outer loop
      vertex 12.75 15.5896 2
      vertex 12.75 13.8 1.59999
      vertex 12.75 16.1609 1.59999
    endloop
  endfacet
  facet normal 1 -0 0
    outer loop
      vertex 12.75 23.8195 9.4
      vertex 12.75 41.4 3
      vertex 12.75 41.4 9.4
    endloop
  endfacet
  facet normal 1 0 0
    outer loop
      vertex 12.75 23.8195 2
      vertex 12.75 41.4 3
      vertex 12.75 23.8195 9.4
    endloop
  endfacet
  facet normal 1 0 -0
    outer loop
      vertex 12.75 41.0474 1.59999
      vertex 12.75 41.4 3
      vertex 12.75 23.8195 2
    endloop
  endfacet
  facet normal 1 0 0
    outer loop
      vertex 12.75 41.2978 2.22354
      vertex 12.75 41.0474 1.59999
      vertex 12.75 41.1716 1.85194
    endloop
  endfacet
  facet normal 1 0 0
    outer loop
      vertex 12.75 41.4 3
      vertex 12.75 41.0474 1.59999
      vertex 12.75 41.3743 2.60843
    endloop
  endfacet
  facet normal 1 0 0
    outer loop
      vertex 12.75 41.3743 2.60843
      vertex 12.75 41.0474 1.59999
      vertex 12.75 41.2978 2.22354
    endloop
  endfacet
  facet normal 1 0 0
    outer loop
      vertex 12.75 23.8195 2
      vertex 12.75 20.1896 1.59999
      vertex 12.75 41.0474 1.59999
    endloop
  endfacet
  facet normal 1 0 -0
    outer loop
      vertex 12.75 20.1896 1.59999
      vertex 12.75 23.8195 2
      vertex 12.75 19.6184 2
    endloop
  endfacet
  facet normal -0 0 1
    outer loop
      vertex -12.4958 18.2858 2
      vertex -11.25 13.8 2
      vertex -11.25 23.8195 2
    endloop
  endfacet
  facet normal 0 0 1
    outer loop
      vertex -11.25 13.8 2
      vertex -12.4958 18.2858 2
      vertex -12.465 17.604 2
    endloop
  endfacet
  facet normal 0 0 1
    outer loop
      vertex -11.25 23.8195 2
      vertex -12.5874 18.9509 2
      vertex -12.4958 18.2858 2
    endloop
  endfacet
  facet normal 0 0 1
    outer loop
      vertex -11.25 23.8195 2
      vertex -12.7375 19.5827 2
      vertex -12.5874 18.9509 2
    endloop
  endfacet
  facet normal 0 0 1
    outer loop
      vertex -12.75 19.6184 2
      vertex -11.25 23.8195 2
      vertex -12.75 23.8195 2
    endloop
  endfacet
  facet normal 0 0 1
    outer loop
      vertex -11.25 23.8195 2
      vertex -12.75 19.6184 2
      vertex -12.7375 19.5827 2
    endloop
  endfacet
  facet normal -0 0 1
    outer loop
      vertex -12.4916 17.0153 2
      vertex -11.25 13.8 2
      vertex -12.465 17.604 2
    endloop
  endfacet
  facet normal -0 0 1
    outer loop
      vertex -12.4958 16.9221 2
      vertex -11.25 13.8 2
      vertex -12.4916 17.0153 2
    endloop
  endfacet
  facet normal -0 0 1
    outer loop
      vertex -12.508 16.8337 2
      vertex -11.25 13.8 2
      vertex -12.4958 16.9221 2
    endloop
  endfacet
  facet normal -0 0 1
    outer loop
      vertex -12.5874 16.2571 2
      vertex -11.25 13.8 2
      vertex -12.508 16.8337 2
    endloop
  endfacet
  facet normal -0 0 1
    outer loop
      vertex -12.7375 15.6252 2
      vertex -11.25 13.8 2
      vertex -12.5874 16.2571 2
    endloop
  endfacet
  facet normal -0 0 1
    outer loop
      vertex -12.75 15.5896 2
      vertex -11.25 13.8 2
      vertex -12.7375 15.6252 2
    endloop
  endfacet
  facet normal 0 0 1
    outer loop
      vertex -11.25 13.8 2
      vertex -12.75 15.5896 2
      vertex -12.75 13.8 2
    endloop
  endfacet
  facet normal -0 0 1
    outer loop
      vertex 11.25 23.8195 2
      vertex 12.75 19.6184 2
      vertex 12.75 23.8195 2
    endloop
  endfacet
  facet normal 0 0 1
    outer loop
      vertex 12.75 19.6184 2
      vertex 11.25 23.8195 2
      vertex 12.7375 19.5827 2
    endloop
  endfacet
  facet normal 0 0 1
    outer loop
      vertex 12.7375 19.5827 2
      vertex 11.25 23.8195 2
      vertex 12.5874 18.9509 2
    endloop
  endfacet
  facet normal 0 0 1
    outer loop
      vertex 11.25 13.8 2
      vertex 12.4958 18.2858 2
      vertex 11.25 23.8195 2
    endloop
  endfacet
  facet normal 0 0 1
    outer loop
      vertex 12.5874 18.9509 2
      vertex 11.25 23.8195 2
      vertex 12.4958 18.2858 2
    endloop
  endfacet
  facet normal 0 0 1
    outer loop
      vertex 11.25 13.8 2
      vertex 12.75 15.5896 2
      vertex 12.7375 15.6252 2
    endloop
  endfacet
  facet normal 0 0 1
    outer loop
      vertex 11.25 13.8 2
      vertex 12.7375 15.6252 2
      vertex 12.5874 16.2571 2
    endloop
  endfacet
  facet normal 0 0 1
    outer loop
      vertex 11.25 13.8 2
      vertex 12.5874 16.2571 2
      vertex 12.508 16.8337 2
    endloop
  endfacet
  facet normal 0 0 1
    outer loop
      vertex 11.25 13.8 2
      vertex 12.508 16.8337 2
      vertex 12.4958 16.9221 2
    endloop
  endfacet
  facet normal 0 0 1
    outer loop
      vertex 12.4958 18.2858 2
      vertex 11.25 13.8 2
      vertex 12.465 17.604 2
    endloop
  endfacet
  facet normal 0 0 1
    outer loop
      vertex 12.465 17.604 2
      vertex 11.25 13.8 2
      vertex 12.4916 17.0153 2
    endloop
  endfacet
  facet normal 0 0 1
    outer loop
      vertex 12.4916 17.0153 2
      vertex 11.25 13.8 2
      vertex 12.4958 16.9221 2
    endloop
  endfacet
  facet normal 0 0 1
    outer loop
      vertex 12.75 15.5896 2
      vertex 11.25 13.8 2
      vertex 12.75 13.8 2
    endloop
  endfacet
  facet normal -0 0 1
    outer loop
      vertex -11.25 41.2219 2
      vertex -9 38.1 2
      vertex -9 41.2219 2
    endloop
  endfacet
  facet normal 0 0 1
    outer loop
      vertex -9 38.1 2
      vertex -11.25 23.8195 2
      vertex -9.31954 18.8643 2
    endloop
  endfacet
  facet normal 0 0 1
    outer loop
      vertex -9.31954 18.8643 2
      vertex -11.25 23.8195 2
      vertex -9.675 18.6986 2
    endloop
  endfacet
  facet normal 0 0 1
    outer loop
      vertex -9.675 18.6986 2
      vertex -11.25 23.8195 2
      vertex -9.99627 18.4736 2
    endloop
  endfacet
  facet normal 0 0 1
    outer loop
      vertex -9.99627 18.4736 2
      vertex -11.25 23.8195 2
      vertex -10.2736 18.1963 2
    endloop
  endfacet
  facet normal 0 0 1
    outer loop
      vertex -10.2736 18.1963 2
      vertex -11.25 23.8195 2
      vertex -10.4986 17.875 2
    endloop
  endfacet
  facet normal 0 0 1
    outer loop
      vertex -10.4986 17.875 2
      vertex -11.25 23.8195 2
      vertex -10.6643 17.5195 2
    endloop
  endfacet
  facet normal 0 0 1
    outer loop
      vertex -10.6643 17.5195 2
      vertex -11.25 23.8195 2
      vertex -10.7658 17.1407 2
    endloop
  endfacet
  facet normal 0 0 1
    outer loop
      vertex -9 38.1 2
      vertex -11.25 41.2219 2
      vertex -11.25 23.8195 2
    endloop
  endfacet
  facet normal -0 0 1
    outer loop
      vertex 8.79904 37.35 2
      vertex 11.25 23.8195 2
      vertex 11.25 41.2219 2
    endloop
  endfacet
  facet normal 0 0 1
    outer loop
      vertex 11.25 23.8195 2
      vertex 10.7658 17.1407 2
      vertex 11.25 13.8 2
    endloop
  endfacet
  facet normal 0 0 1
    outer loop
      vertex 11.25 13.8 2
      vertex 10.7658 17.1407 2
      vertex 10.8 16.75 2
    endloop
  endfacet
  facet normal 0 0 1
    outer loop
      vertex 11.25 23.8195 2
      vertex 10.6643 17.5195 2
      vertex 10.7658 17.1407 2
    endloop
  endfacet
  facet normal 0 0 1
    outer loop
      vertex 11.25 23.8195 2
      vertex 10.4986 17.875 2
      vertex 10.6643 17.5195 2
    endloop
  endfacet
  facet normal 0 0 1
    outer loop
      vertex 11.25 23.8195 2
      vertex 10.2736 18.1963 2
      vertex 10.4986 17.875 2
    endloop
  endfacet
  facet normal -0 0 1
    outer loop
      vertex 8.56066 37.0393 2
      vertex 11.25 23.8195 2
      vertex 8.79904 37.35 2
    endloop
  endfacet
  facet normal 0 0 1
    outer loop
      vertex 11.25 23.8195 2
      vertex 9.99627 18.4736 2
      vertex 10.2736 18.1963 2
    endloop
  endfacet
  facet normal -0 0 1
    outer loop
      vertex 8.25 36.801 2
      vertex 11.25 23.8195 2
      vertex 8.56066 37.0393 2
    endloop
  endfacet
  facet normal 0 0 1
    outer loop
      vertex 9 38.1 2
      vertex 11.25 41.2219 2
      vertex 9 41.2219 2
    endloop
  endfacet
  facet normal 0 0 1
    outer loop
      vertex 8.94889 37.7118 2
      vertex 11.25 41.2219 2
      vertex 9 38.1 2
    endloop
  endfacet
  facet normal 0 0 1
    outer loop
      vertex 8.79904 37.35 2
      vertex 11.25 41.2219 2
      vertex 8.94889 37.7118 2
    endloop
  endfacet
  facet normal 0 0 1
    outer loop
      vertex 11.25 23.8195 2
      vertex 9.675 18.6986 2
      vertex 9.99627 18.4736 2
    endloop
  endfacet
  facet normal -0 0 1
    outer loop
      vertex 7.88823 36.6511 2
      vertex 11.25 23.8195 2
      vertex 8.25 36.801 2
    endloop
  endfacet
  facet normal 0 0 1
    outer loop
      vertex 11.25 23.8195 2
      vertex 9.31954 18.8643 2
      vertex 9.675 18.6986 2
    endloop
  endfacet
  facet normal -0 0 1
    outer loop
      vertex 7.5 36.6 2
      vertex 11.25 23.8195 2
      vertex 7.88823 36.6511 2
    endloop
  endfacet
  facet normal 0 0 1
    outer loop
      vertex 11.25 23.8195 2
      vertex 8.94071 18.9658 2
      vertex 9.31954 18.8643 2
    endloop
  endfacet
  facet normal 0 0 1
    outer loop
      vertex 11.25 23.8195 2
      vertex 8.55 19 2
      vertex 8.94071 18.9658 2
    endloop
  endfacet
  facet normal 0 0 1
    outer loop
      vertex 7.10373 18.4736 2
      vertex 11.25 23.8195 2
      vertex 7.5 36.6 2
    endloop
  endfacet
  facet normal 0 0 1
    outer loop
      vertex 11.25 23.8195 2
      vertex 8.15929 18.9658 2
      vertex 8.55 19 2
    endloop
  endfacet
  facet normal 0 0 1
    outer loop
      vertex 11.25 23.8195 2
      vertex 7.78045 18.8643 2
      vertex 8.15929 18.9658 2
    endloop
  endfacet
  facet normal 0 0 1
    outer loop
      vertex 11.25 23.8195 2
      vertex 7.425 18.6986 2
      vertex 7.78045 18.8643 2
    endloop
  endfacet
  facet normal 0 0 1
    outer loop
      vertex 11.25 23.8195 2
      vertex 7.10373 18.4736 2
      vertex 7.425 18.6986 2
    endloop
  endfacet
  facet normal 0 0 1
    outer loop
      vertex -7.10373 18.4736 2
      vertex 7.10373 18.4736 2
      vertex 7.5 36.6 2
    endloop
  endfacet
  facet normal 0 0 1
    outer loop
      vertex 7.10373 18.4736 2
      vertex -7.10373 18.4736 2
      vertex 6.8264 18.1963 2
    endloop
  endfacet
  facet normal 0 -0 1
    outer loop
      vertex -6.8264 18.1963 2
      vertex 6.8264 18.1963 2
      vertex -7.10373 18.4736 2
    endloop
  endfacet
  facet normal 0 0 1
    outer loop
      vertex 6.8264 18.1963 2
      vertex -6.8264 18.1963 2
      vertex 6.60144 17.875 2
    endloop
  endfacet
  facet normal 0 -0 1
    outer loop
      vertex -6.60144 17.875 2
      vertex 6.60144 17.875 2
      vertex -6.8264 18.1963 2
    endloop
  endfacet
  facet normal 0 0 1
    outer loop
      vertex 6.60144 17.875 2
      vertex -6.60144 17.875 2
      vertex 6.43569 17.5195 2
    endloop
  endfacet
  facet normal 0 0 1
    outer loop
      vertex 6.3 16.75 2
      vertex -6.33418 17.1407 2
      vertex -6.3 16.75 2
    endloop
  endfacet
  facet normal 0 0 1
    outer loop
      vertex 6.33418 17.1407 2
      vertex -6.33418 17.1407 2
      vertex 6.3 16.75 2
    endloop
  endfacet
  facet normal 0 -0 1
    outer loop
      vertex -6.33418 17.1407 2
      vertex 6.33418 17.1407 2
      vertex -6.43569 17.5195 2
    endloop
  endfacet
  facet normal 0 0 1
    outer loop
      vertex 6.43569 17.5195 2
      vertex -6.43569 17.5195 2
      vertex 6.33418 17.1407 2
    endloop
  endfacet
  facet normal 0 -0 1
    outer loop
      vertex -6.43569 17.5195 2
      vertex 6.43569 17.5195 2
      vertex -6.60144 17.875 2
    endloop
  endfacet
  facet normal -0 0 1
    outer loop
      vertex -7.5 36.6 2
      vertex -7.10373 18.4736 2
      vertex 7.5 36.6 2
    endloop
  endfacet
  facet normal 0 0 1
    outer loop
      vertex -7.10373 18.4736 2
      vertex -7.5 36.6 2
      vertex -7.425 18.6986 2
    endloop
  endfacet
  facet normal 0 0 1
    outer loop
      vertex -7.5 36.6 2
      vertex -7.78045 18.8643 2
      vertex -7.425 18.6986 2
    endloop
  endfacet
  facet normal 0 0 1
    outer loop
      vertex -8.55 19 2
      vertex -7.5 36.6 2
      vertex -7.88823 36.6511 2
    endloop
  endfacet
  facet normal 0 0 1
    outer loop
      vertex -7.5 36.6 2
      vertex -8.15929 18.9658 2
      vertex -7.78045 18.8643 2
    endloop
  endfacet
  facet normal 0 0 1
    outer loop
      vertex -9.31954 18.8643 2
      vertex -7.88823 36.6511 2
      vertex -8.25 36.801 2
    endloop
  endfacet
  facet normal 0 0 1
    outer loop
      vertex -7.5 36.6 2
      vertex -8.55 19 2
      vertex -8.15929 18.9658 2
    endloop
  endfacet
  facet normal 0 0 1
    outer loop
      vertex -9.31954 18.8643 2
      vertex -8.25 36.801 2
      vertex -8.56066 37.0393 2
    endloop
  endfacet
  facet normal 0 0 1
    outer loop
      vertex -9.31954 18.8643 2
      vertex -8.56066 37.0393 2
      vertex -8.79904 37.35 2
    endloop
  endfacet
  facet normal 0 0 1
    outer loop
      vertex -7.88823 36.6511 2
      vertex -8.94071 18.9658 2
      vertex -8.55 19 2
    endloop
  endfacet
  facet normal 0 0 1
    outer loop
      vertex -9.31954 18.8643 2
      vertex -8.79904 37.35 2
      vertex -8.94889 37.7118 2
    endloop
  endfacet
  facet normal 0 0 1
    outer loop
      vertex -9.31954 18.8643 2
      vertex -8.94889 37.7118 2
      vertex -9 38.1 2
    endloop
  endfacet
  facet normal 0 0 1
    outer loop
      vertex -7.88823 36.6511 2
      vertex -9.31954 18.8643 2
      vertex -8.94071 18.9658 2
    endloop
  endfacet
  facet normal -0 0 1
    outer loop
      vertex 10.7658 16.3593 2
      vertex 11.25 13.8 2
      vertex 10.8 16.75 2
    endloop
  endfacet
  facet normal -0 0 1
    outer loop
      vertex 10.6643 15.9805 2
      vertex 11.25 13.8 2
      vertex 10.7658 16.3593 2
    endloop
  endfacet
  facet normal -0 0 1
    outer loop
      vertex 10.4986 15.625 2
      vertex 11.25 13.8 2
      vertex 10.6643 15.9805 2
    endloop
  endfacet
  facet normal -0 0 1
    outer loop
      vertex 10.2736 15.3037 2
      vertex 11.25 13.8 2
      vertex 10.4986 15.625 2
    endloop
  endfacet
  facet normal -0 0 1
    outer loop
      vertex 9.99627 15.0264 2
      vertex 11.25 13.8 2
      vertex 10.2736 15.3037 2
    endloop
  endfacet
  facet normal -0 0 1
    outer loop
      vertex 9.675 14.8014 2
      vertex 11.25 13.8 2
      vertex 9.99627 15.0264 2
    endloop
  endfacet
  facet normal -0 0 1
    outer loop
      vertex 9.31954 14.6357 2
      vertex 11.25 13.8 2
      vertex 9.675 14.8014 2
    endloop
  endfacet
  facet normal -0 0 1
    outer loop
      vertex 8.94071 14.5342 2
      vertex 11.25 13.8 2
      vertex 9.31954 14.6357 2
    endloop
  endfacet
  facet normal -0 0 1
    outer loop
      vertex 8.55 14.5 2
      vertex 11.25 13.8 2
      vertex 8.94071 14.5342 2
    endloop
  endfacet
  facet normal 0 0 1
    outer loop
      vertex 8.15929 14.5342 2
      vertex 11.25 13.8 2
      vertex 8.55 14.5 2
    endloop
  endfacet
  facet normal -0 0 1
    outer loop
      vertex -6.3 16.75 2
      vertex 6.33418 16.3593 2
      vertex 6.3 16.75 2
    endloop
  endfacet
  facet normal 0 0 1
    outer loop
      vertex -6.33418 16.3593 2
      vertex 6.33418 16.3593 2
      vertex -6.3 16.75 2
    endloop
  endfacet
  facet normal 0 0 1
    outer loop
      vertex 6.33418 16.3593 2
      vertex -6.33418 16.3593 2
      vertex 6.43569 15.9805 2
    endloop
  endfacet
  facet normal 0 0 1
    outer loop
      vertex -6.43569 15.9805 2
      vertex 6.43569 15.9805 2
      vertex -6.33418 16.3593 2
    endloop
  endfacet
  facet normal 0 0 1
    outer loop
      vertex 6.43569 15.9805 2
      vertex -6.43569 15.9805 2
      vertex 6.60144 15.625 2
    endloop
  endfacet
  facet normal 0 0 1
    outer loop
      vertex -6.60144 15.625 2
      vertex 6.60144 15.625 2
      vertex -6.43569 15.9805 2
    endloop
  endfacet
  facet normal 0 0 1
    outer loop
      vertex 6.60144 15.625 2
      vertex -6.60144 15.625 2
      vertex 6.8264 15.3037 2
    endloop
  endfacet
  facet normal 0 0 1
    outer loop
      vertex -6.8264 15.3037 2
      vertex 6.8264 15.3037 2
      vertex -6.60144 15.625 2
    endloop
  endfacet
  facet normal 0 0 1
    outer loop
      vertex 6.8264 15.3037 2
      vertex -6.8264 15.3037 2
      vertex 7.10373 15.0264 2
    endloop
  endfacet
  facet normal 0 0 1
    outer loop
      vertex -7.10373 15.0264 2
      vertex 7.10373 15.0264 2
      vertex -6.8264 15.3037 2
    endloop
  endfacet
  facet normal 0 0 1
    outer loop
      vertex 7.10373 15.0264 2
      vertex -7.10373 15.0264 2
      vertex 7.425 14.8014 2
    endloop
  endfacet
  facet normal 0 0 1
    outer loop
      vertex -7.425 14.8014 2
      vertex 7.425 14.8014 2
      vertex -7.10373 15.0264 2
    endloop
  endfacet
  facet normal 0 0 1
    outer loop
      vertex 7.425 14.8014 2
      vertex -7.425 14.8014 2
      vertex 7.78045 14.6357 2
    endloop
  endfacet
  facet normal 0 0 1
    outer loop
      vertex -7.78045 14.6357 2
      vertex 7.78045 14.6357 2
      vertex -7.425 14.8014 2
    endloop
  endfacet
  facet normal 0 0 1
    outer loop
      vertex 7.78045 14.6357 2
      vertex -7.78045 14.6357 2
      vertex 8.15929 14.5342 2
    endloop
  endfacet
  facet normal 0 0 1
    outer loop
      vertex -8.15929 14.5342 2
      vertex 8.15929 14.5342 2
      vertex -7.78045 14.6357 2
    endloop
  endfacet
  facet normal 0 0 1
    outer loop
      vertex 8.15929 14.5342 2
      vertex -8.15929 14.5342 2
      vertex 11.25 13.8 2
    endloop
  endfacet
  facet normal 0 0 1
    outer loop
      vertex -11.25 13.8 2
      vertex -8.15929 14.5342 2
      vertex -8.55 14.5 2
    endloop
  endfacet
  facet normal 0 0 1
    outer loop
      vertex -10.7658 17.1407 2
      vertex -11.25 23.8195 2
      vertex -10.8 16.75 2
    endloop
  endfacet
  facet normal 0 0 1
    outer loop
      vertex -8.15929 14.5342 2
      vertex -11.25 13.8 2
      vertex 11.25 13.8 2
    endloop
  endfacet
  facet normal 0 0 1
    outer loop
      vertex -8.94071 14.5342 2
      vertex -11.25 13.8 2
      vertex -8.55 14.5 2
    endloop
  endfacet
  facet normal 0 0 1
    outer loop
      vertex -9.31954 14.6357 2
      vertex -11.25 13.8 2
      vertex -8.94071 14.5342 2
    endloop
  endfacet
  facet normal 0 0 1
    outer loop
      vertex -9.675 14.8014 2
      vertex -11.25 13.8 2
      vertex -9.31954 14.6357 2
    endloop
  endfacet
  facet normal 0 0 1
    outer loop
      vertex -9.99627 15.0264 2
      vertex -11.25 13.8 2
      vertex -9.675 14.8014 2
    endloop
  endfacet
  facet normal 0 0 1
    outer loop
      vertex -10.2736 15.3037 2
      vertex -11.25 13.8 2
      vertex -9.99627 15.0264 2
    endloop
  endfacet
  facet normal 0 0 1
    outer loop
      vertex -10.4986 15.625 2
      vertex -11.25 13.8 2
      vertex -10.2736 15.3037 2
    endloop
  endfacet
  facet normal 0 0 1
    outer loop
      vertex -10.6643 15.9805 2
      vertex -11.25 13.8 2
      vertex -10.4986 15.625 2
    endloop
  endfacet
  facet normal 0 0 1
    outer loop
      vertex -10.7658 16.3593 2
      vertex -11.25 13.8 2
      vertex -10.6643 15.9805 2
    endloop
  endfacet
  facet normal 0 0 1
    outer loop
      vertex -10.8 16.75 2
      vertex -11.25 13.8 2
      vertex -10.7658 16.3593 2
    endloop
  endfacet
  facet normal 0 0 1
    outer loop
      vertex -11.25 13.8 2
      vertex -10.8 16.75 2
      vertex -11.25 23.8195 2
    endloop
  endfacet
  facet normal -1 0 0
    outer loop
      vertex -12.75 13.8 1.59999
      vertex -12.75 15.5896 2
      vertex -12.75 16.1609 1.59999
    endloop
  endfacet
  facet normal -1 -0 0
    outer loop
      vertex -12.75 15.5896 2
      vertex -12.75 13.8 1.59999
      vertex -12.75 13.8 2
    endloop
  endfacet
  facet normal -1 0 0
    outer loop
      vertex -12.75 20.1896 1.59999
      vertex -12.75 23.8195 2
      vertex -12.75 41.0474 1.59999
    endloop
  endfacet
  facet normal -1 -0 0
    outer loop
      vertex -12.75 23.8195 2
      vertex -12.75 20.1896 1.59999
      vertex -12.75 19.6184 2
    endloop
  endfacet
  facet normal -1 0 0
    outer loop
      vertex -12.75 41.0474 1.59999
      vertex -12.75 41.4 3
      vertex -12.75 41.3743 2.60843
    endloop
  endfacet
  facet normal -1 0 0
    outer loop
      vertex -12.75 41.0474 1.59999
      vertex -12.75 41.3743 2.60843
      vertex -12.75 41.2978 2.22354
    endloop
  endfacet
  facet normal -1 0 0
    outer loop
      vertex -12.75 41.0474 1.59999
      vertex -12.75 41.2978 2.22354
      vertex -12.75 41.1716 1.85194
    endloop
  endfacet
  facet normal -1 0 0
    outer loop
      vertex -12.75 41.4 3
      vertex -12.75 41.0474 1.59999
      vertex -12.75 23.8195 2
    endloop
  endfacet
  facet normal -1 -0 0
    outer loop
      vertex -12.75 41.4 3
      vertex -12.75 23.8195 2
      vertex -12.75 23.8195 9.4
    endloop
  endfacet
  facet normal -1 0 0
    outer loop
      vertex -12.75 41.4 3
      vertex -12.75 23.8195 9.4
      vertex -12.75 41.4 9.4
    endloop
  endfacet
  facet normal 0 -1 0
    outer loop
      vertex -12.75 13.8 1.59999
      vertex -11.25 13.8 2
      vertex -12.75 13.8 2
    endloop
  endfacet
  facet normal 0 -1 -0
    outer loop
      vertex -11.25 13.8 2
      vertex -12.75 13.8 1.59999
      vertex 11.25 13.8 2
    endloop
  endfacet
  facet normal 0 -1 0
    outer loop
      vertex 12.75 13.8 1.59999
      vertex 11.25 13.8 2
      vertex -12.75 13.8 1.59999
    endloop
  endfacet
  facet normal 0 -1 0
    outer loop
      vertex 11.25 13.8 2
      vertex 12.75 13.8 1.59999
      vertex 12.75 13.8 2
    endloop
  endfacet
  facet normal 0 -1 0
    outer loop
      vertex -12.75 23.8195 2
      vertex -11.25 23.8195 9.4
      vertex -12.75 23.8195 9.4
    endloop
  endfacet
  facet normal 0 -1 -0
    outer loop
      vertex -11.25 23.8195 9.4
      vertex -12.75 23.8195 2
      vertex -11.25 23.8195 2
    endloop
  endfacet
  facet normal 0 -1 0
    outer loop
      vertex 11.25 23.8195 2
      vertex 12.75 23.8195 9.4
      vertex 11.25 23.8195 9.4
    endloop
  endfacet
  facet normal 0 -1 -0
    outer loop
      vertex 12.75 23.8195 9.4
      vertex 11.25 23.8195 2
      vertex 12.75 23.8195 2
    endloop
  endfacet
  facet normal -0.195062 0 0.980791
    outer loop
      vertex -16.7765 41.4 9.89778
      vertex -16.3916 35.4 9.97433
      vertex -16.3916 41.4 9.97433
    endloop
  endfacet
  facet normal -0.195062 0 0.980791
    outer loop
      vertex -16.3916 35.4 9.97433
      vertex -16.7765 41.4 9.89778
      vertex -16.7765 35.4 9.89778
    endloop
  endfacet
  facet normal -0.980813 0 0.19495
    outer loop
      vertex -18.9743 35.4 7.39158
      vertex -18.8978 41.4 7.77646
      vertex -18.9743 41.4 7.39158
    endloop
  endfacet
  facet normal -0.980813 0 0.19495
    outer loop
      vertex -18.8978 41.4 7.77646
      vertex -18.9743 35.4 7.39158
      vertex -18.8978 35.4 7.77646
    endloop
  endfacet
  facet normal -0.321514 0 0.946905
    outer loop
      vertex -17.148 41.4 9.77164
      vertex -16.7765 35.4 9.89778
      vertex -16.7765 41.4 9.89778
    endloop
  endfacet
  facet normal -0.321514 0 0.946905
    outer loop
      vertex -16.7765 35.4 9.89778
      vertex -17.148 41.4 9.77164
      vertex -17.148 35.4 9.77164
    endloop
  endfacet
  facet normal 0.659392 0 0.751799
    outer loop
      vertex -14.1737 41.4 9.38006
      vertex -13.8787 35.4 9.12132
      vertex -13.8787 41.4 9.12132
    endloop
  endfacet
  facet normal 0.659392 0 0.751799
    outer loop
      vertex -13.8787 35.4 9.12132
      vertex -14.1737 41.4 9.38006
      vertex -14.1737 35.4 9.38006
    endloop
  endfacet
  facet normal 0.195062 0 0.980791
    outer loop
      vertex -15.6084 41.4 9.97433
      vertex -15.2235 35.4 9.89778
      vertex -15.2235 41.4 9.89778
    endloop
  endfacet
  facet normal 0.195062 0 0.980791
    outer loop
      vertex -15.2235 35.4 9.89778
      vertex -15.6084 41.4 9.97433
      vertex -15.6084 35.4 9.97433
    endloop
  endfacet
  facet normal -0.659392 0 0.751799
    outer loop
      vertex -18.1213 41.4 9.12132
      vertex -17.8263 35.4 9.38006
      vertex -17.8263 41.4 9.38006
    endloop
  endfacet
  facet normal -0.659392 0 0.751799
    outer loop
      vertex -17.8263 35.4 9.38006
      vertex -18.1213 41.4 9.12132
      vertex -18.1213 35.4 9.12132
    endloop
  endfacet
  facet normal 0 -1 0
    outer loop
      vertex -16.1891 35.4 7.82869
      vertex -16 35.4 10
      vertex -16.3916 35.4 9.97433
    endloop
  endfacet
  facet normal 0 -1 0
    outer loop
      vertex -16.1891 35.4 7.82869
      vertex -16.3916 35.4 9.97433
      vertex -16.7765 35.4 9.89778
    endloop
  endfacet
  facet normal 0 -1 0
    outer loop
      vertex -15.8109 35.4 7.82869
      vertex -16 35.4 10
      vertex -16.1891 35.4 7.82869
    endloop
  endfacet
  facet normal 0 -1 0
    outer loop
      vertex -16.1891 35.4 7.82869
      vertex -16.7765 35.4 9.89778
      vertex -17.148 35.4 9.77164
    endloop
  endfacet
  facet normal 0 -1 0
    outer loop
      vertex -16 35.4 10
      vertex -15.8109 35.4 7.82869
      vertex -15.6084 35.4 9.97433
    endloop
  endfacet
  facet normal 0 -1 0
    outer loop
      vertex -16.53 35.4 7.66456
      vertex -17.148 35.4 9.77164
      vertex -17.5 35.4 9.59808
    endloop
  endfacet
  facet normal 0 -1 -0
    outer loop
      vertex -15.6084 35.4 9.97433
      vertex -15.8109 35.4 7.82869
      vertex -15.2235 35.4 9.89778
    endloop
  endfacet
  facet normal 0 -1 0
    outer loop
      vertex -16.53 35.4 7.66456
      vertex -17.5 35.4 9.59808
      vertex -17.8263 35.4 9.38006
    endloop
  endfacet
  facet normal 0 -1 -0
    outer loop
      vertex -15.2235 35.4 9.89778
      vertex -15.8109 35.4 7.82869
      vertex -14.8519 35.4 9.77164
    endloop
  endfacet
  facet normal 0 -1 0
    outer loop
      vertex -16.53 35.4 7.66456
      vertex -17.8263 35.4 9.38006
      vertex -18.1213 35.4 9.12132
    endloop
  endfacet
  facet normal 0 -1 0
    outer loop
      vertex -15.47 35.4 7.66456
      vertex -14.8519 35.4 9.77164
      vertex -15.8109 35.4 7.82869
    endloop
  endfacet
  facet normal 0 -1 0
    outer loop
      vertex -16.53 35.4 7.66456
      vertex -18.1213 35.4 9.12132
      vertex -18.3801 35.4 8.82628
    endloop
  endfacet
  facet normal 0 -1 -0
    outer loop
      vertex -14.8519 35.4 9.77164
      vertex -15.47 35.4 7.66456
      vertex -14.5 35.4 9.59808
    endloop
  endfacet
  facet normal 0 -1 0
    outer loop
      vertex -16.7658 35.4 7.3688
      vertex -18.3801 35.4 8.82628
      vertex -18.5981 35.4 8.5
    endloop
  endfacet
  facet normal 0 -1 -0
    outer loop
      vertex -14.5 35.4 9.59808
      vertex -15.47 35.4 7.66456
      vertex -14.1737 35.4 9.38006
    endloop
  endfacet
  facet normal 0 -1 0
    outer loop
      vertex -16.7658 35.4 7.3688
      vertex -18.5981 35.4 8.5
      vertex -18.7716 35.4 8.14805
    endloop
  endfacet
  facet normal 0 -1 -0
    outer loop
      vertex -14.1737 35.4 9.38006
      vertex -15.47 35.4 7.66456
      vertex -13.8787 35.4 9.12132
    endloop
  endfacet
  facet normal 0 -1 -0
    outer loop
      vertex -13.8787 35.4 9.12132
      vertex -15.47 35.4 7.66456
      vertex -13.6199 35.4 8.82628
    endloop
  endfacet
  facet normal 0 -1 0
    outer loop
      vertex -16.7658 35.4 7.3688
      vertex -18.7716 35.4 8.14805
      vertex -18.8978 35.4 7.77646
    endloop
  endfacet
  facet normal 0 -1 0
    outer loop
      vertex -17.148 35.4 9.77164
      vertex -16.53 35.4 7.66456
      vertex -16.1891 35.4 7.82869
    endloop
  endfacet
  facet normal 0 -1 0
    outer loop
      vertex -16.85 35.4 7
      vertex -18.8978 35.4 7.77646
      vertex -18.9743 35.4 7.39158
    endloop
  endfacet
  facet normal 0 -1 0
    outer loop
      vertex -18.3801 35.4 8.82628
      vertex -16.7658 35.4 7.3688
      vertex -16.53 35.4 7.66456
    endloop
  endfacet
  facet normal 0 -1 0
    outer loop
      vertex -16.85 35.4 7
      vertex -18.9743 35.4 7.39158
      vertex -19 35.4 7
    endloop
  endfacet
  facet normal 0 -1 0
    outer loop
      vertex -18.8978 35.4 7.77646
      vertex -16.85 35.4 7
      vertex -16.7658 35.4 7.3688
    endloop
  endfacet
  facet normal 0 -1 0
    outer loop
      vertex -19 35.4 7
      vertex -16.7658 35.4 6.6312
      vertex -16.85 35.4 7
    endloop
  endfacet
  facet normal 0 -1 0
    outer loop
      vertex -19 35.4 7
      vertex -16.53 35.4 6.33544
      vertex -16.7658 35.4 6.6312
    endloop
  endfacet
  facet normal 0 -1 0
    outer loop
      vertex -19 35.4 1.59999
      vertex -16.53 35.4 6.33544
      vertex -19 35.4 7
    endloop
  endfacet
  facet normal 0 -1 -0
    outer loop
      vertex -16.1891 35.4 6.17131
      vertex -19 35.4 1.59999
      vertex -15.8109 35.4 6.17131
    endloop
  endfacet
  facet normal 0 -1 -0
    outer loop
      vertex -16.53 35.4 6.33544
      vertex -19 35.4 1.59999
      vertex -16.1891 35.4 6.17131
    endloop
  endfacet
  facet normal 0 -1 0
    outer loop
      vertex -15.2342 35.4 7.3688
      vertex -13.6199 35.4 8.82628
      vertex -15.47 35.4 7.66456
    endloop
  endfacet
  facet normal 0 -1 -0
    outer loop
      vertex -13.6199 35.4 8.82628
      vertex -15.2342 35.4 7.3688
      vertex -13.4019 35.4 8.5
    endloop
  endfacet
  facet normal 0 -1 -0
    outer loop
      vertex -13.4019 35.4 8.5
      vertex -15.2342 35.4 7.3688
      vertex -13.2284 35.4 8.14805
    endloop
  endfacet
  facet normal 0 -1 -0
    outer loop
      vertex -13.2284 35.4 8.14805
      vertex -15.2342 35.4 7.3688
      vertex -13.1022 35.4 7.77646
    endloop
  endfacet
  facet normal 0 -1 0
    outer loop
      vertex -15.15 35.4 7
      vertex -13.1022 35.4 7.77646
      vertex -15.2342 35.4 7.3688
    endloop
  endfacet
  facet normal 0 -1 -0
    outer loop
      vertex -13.1022 35.4 7.77646
      vertex -15.15 35.4 7
      vertex -13.0257 35.4 7.39158
    endloop
  endfacet
  facet normal 0 -1 0
    outer loop
      vertex -15.15 35.4 7
      vertex -13 35.4 7
      vertex -13.0257 35.4 7.39158
    endloop
  endfacet
  facet normal 0 -1 0
    outer loop
      vertex -15.2342 35.4 6.6312
      vertex -13 35.4 7
      vertex -15.15 35.4 7
    endloop
  endfacet
  facet normal 0 -1 0
    outer loop
      vertex -15.47 35.4 6.33544
      vertex -13 35.4 7
      vertex -15.2342 35.4 6.6312
    endloop
  endfacet
  facet normal 0 -1 0
    outer loop
      vertex -13 35.4 1.59999
      vertex -15.47 35.4 6.33544
      vertex -15.8109 35.4 6.17131
    endloop
  endfacet
  facet normal 0 -1 0
    outer loop
      vertex -13 35.4 1.59999
      vertex -15.8109 35.4 6.17131
      vertex -19 35.4 1.59999
    endloop
  endfacet
  facet normal 0 -1 0
    outer loop
      vertex -15.47 35.4 6.33544
      vertex -13 35.4 1.59999
      vertex -13 35.4 7
    endloop
  endfacet
  facet normal 0.442334 0 0.89685
    outer loop
      vertex -14.8519 41.4 9.77164
      vertex -14.5 35.4 9.59808
      vertex -14.5 41.4 9.59808
    endloop
  endfacet
  facet normal 0.442334 0 0.89685
    outer loop
      vertex -14.5 35.4 9.59808
      vertex -14.8519 41.4 9.77164
      vertex -14.8519 35.4 9.77164
    endloop
  endfacet
  facet normal -0.831485 0 0.555547
    outer loop
      vertex -18.5981 35.4 8.5
      vertex -18.3801 41.4 8.82628
      vertex -18.5981 41.4 8.5
    endloop
  endfacet
  facet normal -0.831485 0 0.555547
    outer loop
      vertex -18.3801 41.4 8.82628
      vertex -18.5981 35.4 8.5
      vertex -18.3801 35.4 8.82628
    endloop
  endfacet
  facet normal 0.321437 0 0.946931
    outer loop
      vertex -15.2235 41.4 9.89778
      vertex -14.8519 35.4 9.77164
      vertex -14.8519 41.4 9.77164
    endloop
  endfacet
  facet normal 0.321437 0 0.946931
    outer loop
      vertex -14.8519 35.4 9.77164
      vertex -15.2235 41.4 9.89778
      vertex -15.2235 35.4 9.89778
    endloop
  endfacet
  facet normal 0.997853 -0 0.0654906
    outer loop
      vertex -13.0257 35.4 7.39158
      vertex -13 41.4 7
      vertex -13.0257 41.4 7.39158
    endloop
  endfacet
  facet normal 0.997853 0 0.0654906
    outer loop
      vertex -13 41.4 7
      vertex -13.0257 35.4 7.39158
      vertex -13 35.4 7
    endloop
  endfacet
  facet normal -0.946882 0 0.321582
    outer loop
      vertex -18.8978 35.4 7.77646
      vertex -18.7716 41.4 8.14805
      vertex -18.8978 41.4 7.77646
    endloop
  endfacet
  facet normal -0.946882 0 0.321582
    outer loop
      vertex -18.7716 41.4 8.14805
      vertex -18.8978 35.4 7.77646
      vertex -18.7716 35.4 8.14805
    endloop
  endfacet
  facet normal 0.831485 -0 0.555547
    outer loop
      vertex -13.6199 35.4 8.82628
      vertex -13.4019 41.4 8.5
      vertex -13.6199 41.4 8.82628
    endloop
  endfacet
  facet normal 0.831485 0 0.555547
    outer loop
      vertex -13.4019 41.4 8.5
      vertex -13.6199 35.4 8.82628
      vertex -13.4019 35.4 8.5
    endloop
  endfacet
  facet normal -0.0654112 0 0.997858
    outer loop
      vertex -16.3916 41.4 9.97433
      vertex -16 35.4 10
      vertex -16 41.4 10
    endloop
  endfacet
  facet normal -0.0654112 0 0.997858
    outer loop
      vertex -16 35.4 10
      vertex -16.3916 41.4 9.97433
      vertex -16.3916 35.4 9.97433
    endloop
  endfacet
  facet normal 0.555558 0 0.831477
    outer loop
      vertex -14.5 41.4 9.59808
      vertex -14.1737 35.4 9.38006
      vertex -14.1737 41.4 9.38006
    endloop
  endfacet
  facet normal 0.555558 0 0.831477
    outer loop
      vertex -14.1737 35.4 9.38006
      vertex -14.5 41.4 9.59808
      vertex -14.5 35.4 9.59808
    endloop
  endfacet
  facet normal 0.0654112 0 0.997858
    outer loop
      vertex -16 41.4 10
      vertex -15.6084 35.4 9.97433
      vertex -15.6084 41.4 9.97433
    endloop
  endfacet
  facet normal 0.0654112 0 0.997858
    outer loop
      vertex -15.6084 35.4 9.97433
      vertex -16 41.4 10
      vertex -16 35.4 10
    endloop
  endfacet
  facet normal -0.896936 0 0.44216
    outer loop
      vertex -18.7716 35.4 8.14805
      vertex -18.5981 41.4 8.5
      vertex -18.7716 41.4 8.14805
    endloop
  endfacet
  facet normal -0.896936 0 0.44216
    outer loop
      vertex -18.5981 41.4 8.5
      vertex -18.7716 35.4 8.14805
      vertex -18.5981 35.4 8.5
    endloop
  endfacet
  facet normal 0.751768 -0 0.659428
    outer loop
      vertex -13.8787 35.4 9.12132
      vertex -13.6199 41.4 8.82628
      vertex -13.8787 41.4 9.12132
    endloop
  endfacet
  facet normal 0.751768 0 0.659428
    outer loop
      vertex -13.6199 41.4 8.82628
      vertex -13.8787 35.4 9.12132
      vertex -13.6199 35.4 8.82628
    endloop
  endfacet
  facet normal 0.946882 -0 0.321582
    outer loop
      vertex -13.2284 35.4 8.14805
      vertex -13.1022 41.4 7.77646
      vertex -13.2284 41.4 8.14805
    endloop
  endfacet
  facet normal 0.946882 0 0.321582
    outer loop
      vertex -13.1022 41.4 7.77646
      vertex -13.2284 35.4 8.14805
      vertex -13.1022 35.4 7.77646
    endloop
  endfacet
  facet normal -0.997853 0 0.0654906
    outer loop
      vertex -19 35.4 7
      vertex -18.9743 41.4 7.39158
      vertex -19 41.4 7
    endloop
  endfacet
  facet normal -0.997853 0 0.0654906
    outer loop
      vertex -18.9743 41.4 7.39158
      vertex -19 35.4 7
      vertex -18.9743 35.4 7.39158
    endloop
  endfacet
  facet normal 0.896936 -0 0.44216
    outer loop
      vertex -13.4019 35.4 8.5
      vertex -13.2284 41.4 8.14805
      vertex -13.4019 41.4 8.5
    endloop
  endfacet
  facet normal 0.896936 0 0.44216
    outer loop
      vertex -13.2284 41.4 8.14805
      vertex -13.4019 35.4 8.5
      vertex -13.2284 35.4 8.14805
    endloop
  endfacet
  facet normal -0.751768 0 0.659428
    outer loop
      vertex -18.3801 35.4 8.82628
      vertex -18.1213 41.4 9.12132
      vertex -18.3801 41.4 8.82628
    endloop
  endfacet
  facet normal -0.751768 0 0.659428
    outer loop
      vertex -18.1213 41.4 9.12132
      vertex -18.3801 35.4 8.82628
      vertex -18.1213 35.4 9.12132
    endloop
  endfacet
  facet normal 0.980813 -0 0.19495
    outer loop
      vertex -13.1022 35.4 7.77646
      vertex -13.0257 41.4 7.39158
      vertex -13.1022 41.4 7.77646
    endloop
  endfacet
  facet normal 0.980813 0 0.19495
    outer loop
      vertex -13.0257 41.4 7.39158
      vertex -13.1022 35.4 7.77646
      vertex -13.0257 35.4 7.39158
    endloop
  endfacet
  facet normal -0.442233 0 0.8969
    outer loop
      vertex -17.5 41.4 9.59808
      vertex -17.148 35.4 9.77164
      vertex -17.148 41.4 9.77164
    endloop
  endfacet
  facet normal -0.442233 0 0.8969
    outer loop
      vertex -17.148 35.4 9.77164
      vertex -17.5 41.4 9.59808
      vertex -17.5 35.4 9.59808
    endloop
  endfacet
  facet normal -0.555558 0 0.831477
    outer loop
      vertex -17.8263 41.4 9.38006
      vertex -17.5 35.4 9.59808
      vertex -17.5 41.4 9.59808
    endloop
  endfacet
  facet normal -0.555558 0 0.831477
    outer loop
      vertex -17.5 35.4 9.59808
      vertex -17.8263 41.4 9.38006
      vertex -17.8263 35.4 9.38006
    endloop
  endfacet
  facet normal 1 -0 0
    outer loop
      vertex -13 35.4 7
      vertex -13 41.4 3
      vertex -13 41.4 7
    endloop
  endfacet
  facet normal 1 0 0
    outer loop
      vertex -13 35.4 1.59999
      vertex -13 41.4 3
      vertex -13 35.4 7
    endloop
  endfacet
  facet normal 1 0 -0
    outer loop
      vertex -13 41.0474 1.59999
      vertex -13 41.4 3
      vertex -13 35.4 1.59999
    endloop
  endfacet
  facet normal 1 0 0
    outer loop
      vertex -13 41.4 3
      vertex -13 41.0474 1.59999
      vertex -13 41.3743 2.60843
    endloop
  endfacet
  facet normal 1 0 0
    outer loop
      vertex -13 41.3743 2.60843
      vertex -13 41.0474 1.59999
      vertex -13 41.2978 2.22354
    endloop
  endfacet
  facet normal 1 0 0
    outer loop
      vertex -13 41.2978 2.22354
      vertex -13 41.0474 1.59999
      vertex -13 41.1716 1.85194
    endloop
  endfacet
  facet normal -1 0 0
    outer loop
      vertex -19 41.0474 1.59999
      vertex -19 41.4 3
      vertex -19 41.3743 2.60843
    endloop
  endfacet
  facet normal -1 0 0
    outer loop
      vertex -19 41.0474 1.59999
      vertex -19 41.3743 2.60843
      vertex -19 41.2978 2.22354
    endloop
  endfacet
  facet normal -1 0 0
    outer loop
      vertex -19 41.0474 1.59999
      vertex -19 41.2978 2.22354
      vertex -19 41.1716 1.85194
    endloop
  endfacet
  facet normal -1 0 0
    outer loop
      vertex -19 41.4 3
      vertex -19 41.0474 1.59999
      vertex -19 35.4 1.59999
    endloop
  endfacet
  facet normal -1 -0 0
    outer loop
      vertex -19 41.4 3
      vertex -19 35.4 1.59999
      vertex -19 35.4 7
    endloop
  endfacet
  facet normal -1 0 0
    outer loop
      vertex -19 41.4 3
      vertex -19 35.4 7
      vertex -19 41.4 7
    endloop
  endfacet
  facet normal -0.896936 0 0.44216
    outer loop
      vertex 13.2284 35.4 8.14805
      vertex 13.4019 41.4 8.5
      vertex 13.2284 41.4 8.14805
    endloop
  endfacet
  facet normal -0.896936 0 0.44216
    outer loop
      vertex 13.4019 41.4 8.5
      vertex 13.2284 35.4 8.14805
      vertex 13.4019 35.4 8.5
    endloop
  endfacet
  facet normal -0.555558 0 0.831477
    outer loop
      vertex 14.1737 41.4 9.38006
      vertex 14.5 35.4 9.59808
      vertex 14.5 41.4 9.59808
    endloop
  endfacet
  facet normal -0.555558 0 0.831477
    outer loop
      vertex 14.5 35.4 9.59808
      vertex 14.1737 41.4 9.38006
      vertex 14.1737 35.4 9.38006
    endloop
  endfacet
  facet normal 0.946882 -0 0.321582
    outer loop
      vertex 18.7716 35.4 8.14805
      vertex 18.8978 41.4 7.77646
      vertex 18.7716 41.4 8.14805
    endloop
  endfacet
  facet normal 0.946882 0 0.321582
    outer loop
      vertex 18.8978 41.4 7.77646
      vertex 18.7716 35.4 8.14805
      vertex 18.8978 35.4 7.77646
    endloop
  endfacet
  facet normal 0.997853 -0 0.0654906
    outer loop
      vertex 18.9743 35.4 7.39158
      vertex 19 41.4 7
      vertex 18.9743 41.4 7.39158
    endloop
  endfacet
  facet normal 0.997853 0 0.0654906
    outer loop
      vertex 19 41.4 7
      vertex 18.9743 35.4 7.39158
      vertex 19 35.4 7
    endloop
  endfacet
  facet normal -0.321437 0 0.946931
    outer loop
      vertex 14.8519 41.4 9.77164
      vertex 15.2235 35.4 9.89778
      vertex 15.2235 41.4 9.89778
    endloop
  endfacet
  facet normal -0.321437 0 0.946931
    outer loop
      vertex 15.2235 35.4 9.89778
      vertex 14.8519 41.4 9.77164
      vertex 14.8519 35.4 9.77164
    endloop
  endfacet
  facet normal 0.896936 -0 0.44216
    outer loop
      vertex 18.5981 35.4 8.5
      vertex 18.7716 41.4 8.14805
      vertex 18.5981 41.4 8.5
    endloop
  endfacet
  facet normal 0.896936 0 0.44216
    outer loop
      vertex 18.7716 41.4 8.14805
      vertex 18.5981 35.4 8.5
      vertex 18.7716 35.4 8.14805
    endloop
  endfacet
  facet normal -0.946882 0 0.321582
    outer loop
      vertex 13.1022 35.4 7.77646
      vertex 13.2284 41.4 8.14805
      vertex 13.1022 41.4 7.77646
    endloop
  endfacet
  facet normal -0.946882 0 0.321582
    outer loop
      vertex 13.2284 41.4 8.14805
      vertex 13.1022 35.4 7.77646
      vertex 13.2284 35.4 8.14805
    endloop
  endfacet
  facet normal 0.442233 0 0.8969
    outer loop
      vertex 17.148 41.4 9.77164
      vertex 17.5 35.4 9.59808
      vertex 17.5 41.4 9.59808
    endloop
  endfacet
  facet normal 0.442233 0 0.8969
    outer loop
      vertex 17.5 35.4 9.59808
      vertex 17.148 41.4 9.77164
      vertex 17.148 35.4 9.77164
    endloop
  endfacet
  facet normal -0.997853 0 0.0654906
    outer loop
      vertex 13 35.4 7
      vertex 13.0257 41.4 7.39158
      vertex 13 41.4 7
    endloop
  endfacet
  facet normal -0.997853 0 0.0654906
    outer loop
      vertex 13.0257 41.4 7.39158
      vertex 13 35.4 7
      vertex 13.0257 35.4 7.39158
    endloop
  endfacet
  facet normal 0.321514 0 0.946905
    outer loop
      vertex 16.7765 41.4 9.89778
      vertex 17.148 35.4 9.77164
      vertex 17.148 41.4 9.77164
    endloop
  endfacet
  facet normal 0.321514 0 0.946905
    outer loop
      vertex 17.148 35.4 9.77164
      vertex 16.7765 41.4 9.89778
      vertex 16.7765 35.4 9.89778
    endloop
  endfacet
  facet normal -0.751768 0 0.659428
    outer loop
      vertex 13.6199 35.4 8.82628
      vertex 13.8787 41.4 9.12132
      vertex 13.6199 41.4 8.82628
    endloop
  endfacet
  facet normal -0.751768 0 0.659428
    outer loop
      vertex 13.8787 41.4 9.12132
      vertex 13.6199 35.4 8.82628
      vertex 13.8787 35.4 9.12132
    endloop
  endfacet
  facet normal -0.0654112 0 0.997858
    outer loop
      vertex 15.6084 41.4 9.97433
      vertex 16 35.4 10
      vertex 16 41.4 10
    endloop
  endfacet
  facet normal -0.0654112 0 0.997858
    outer loop
      vertex 16 35.4 10
      vertex 15.6084 41.4 9.97433
      vertex 15.6084 35.4 9.97433
    endloop
  endfacet
  facet normal 0.751768 -0 0.659428
    outer loop
      vertex 18.1213 35.4 9.12132
      vertex 18.3801 41.4 8.82628
      vertex 18.1213 41.4 9.12132
    endloop
  endfacet
  facet normal 0.751768 0 0.659428
    outer loop
      vertex 18.3801 41.4 8.82628
      vertex 18.1213 35.4 9.12132
      vertex 18.3801 35.4 8.82628
    endloop
  endfacet
  facet normal 0.195062 0 0.980791
    outer loop
      vertex 16.3916 41.4 9.97433
      vertex 16.7765 35.4 9.89778
      vertex 16.7765 41.4 9.89778
    endloop
  endfacet
  facet normal 0.195062 0 0.980791
    outer loop
      vertex 16.7765 35.4 9.89778
      vertex 16.3916 41.4 9.97433
      vertex 16.3916 35.4 9.97433
    endloop
  endfacet
  facet normal 0.980813 -0 0.19495
    outer loop
      vertex 18.8978 35.4 7.77646
      vertex 18.9743 41.4 7.39158
      vertex 18.8978 41.4 7.77646
    endloop
  endfacet
  facet normal 0.980813 0 0.19495
    outer loop
      vertex 18.9743 41.4 7.39158
      vertex 18.8978 35.4 7.77646
      vertex 18.9743 35.4 7.39158
    endloop
  endfacet
  facet normal -0.831485 0 0.555547
    outer loop
      vertex 13.4019 35.4 8.5
      vertex 13.6199 41.4 8.82628
      vertex 13.4019 41.4 8.5
    endloop
  endfacet
  facet normal -0.831485 0 0.555547
    outer loop
      vertex 13.6199 41.4 8.82628
      vertex 13.4019 35.4 8.5
      vertex 13.6199 35.4 8.82628
    endloop
  endfacet
  facet normal 0.0654112 0 0.997858
    outer loop
      vertex 16 41.4 10
      vertex 16.3916 35.4 9.97433
      vertex 16.3916 41.4 9.97433
    endloop
  endfacet
  facet normal 0.0654112 0 0.997858
    outer loop
      vertex 16.3916 35.4 9.97433
      vertex 16 41.4 10
      vertex 16 35.4 10
    endloop
  endfacet
  facet normal -0.980813 0 0.19495
    outer loop
      vertex 13.0257 35.4 7.39158
      vertex 13.1022 41.4 7.77646
      vertex 13.0257 41.4 7.39158
    endloop
  endfacet
  facet normal -0.980813 0 0.19495
    outer loop
      vertex 13.1022 41.4 7.77646
      vertex 13.0257 35.4 7.39158
      vertex 13.1022 35.4 7.77646
    endloop
  endfacet
  facet normal 0.555558 0 0.831477
    outer loop
      vertex 17.5 41.4 9.59808
      vertex 17.8263 35.4 9.38006
      vertex 17.8263 41.4 9.38006
    endloop
  endfacet
  facet normal 0.555558 0 0.831477
    outer loop
      vertex 17.8263 35.4 9.38006
      vertex 17.5 41.4 9.59808
      vertex 17.5 35.4 9.59808
    endloop
  endfacet
  facet normal 0.659392 0 0.751799
    outer loop
      vertex 17.8263 41.4 9.38006
      vertex 18.1213 35.4 9.12132
      vertex 18.1213 41.4 9.12132
    endloop
  endfacet
  facet normal 0.659392 0 0.751799
    outer loop
      vertex 18.1213 35.4 9.12132
      vertex 17.8263 41.4 9.38006
      vertex 17.8263 35.4 9.38006
    endloop
  endfacet
  facet normal 0.831485 -0 0.555547
    outer loop
      vertex 18.3801 35.4 8.82628
      vertex 18.5981 41.4 8.5
      vertex 18.3801 41.4 8.82628
    endloop
  endfacet
  facet normal 0.831485 0 0.555547
    outer loop
      vertex 18.5981 41.4 8.5
      vertex 18.3801 35.4 8.82628
      vertex 18.5981 35.4 8.5
    endloop
  endfacet
  facet normal -0.442334 0 0.89685
    outer loop
      vertex 14.5 41.4 9.59808
      vertex 14.8519 35.4 9.77164
      vertex 14.8519 41.4 9.77164
    endloop
  endfacet
  facet normal -0.442334 0 0.89685
    outer loop
      vertex 14.8519 35.4 9.77164
      vertex 14.5 41.4 9.59808
      vertex 14.5 35.4 9.59808
    endloop
  endfacet
  facet normal 0 -1 0
    outer loop
      vertex 15.8109 35.4 7.82869
      vertex 16 35.4 10
      vertex 15.6084 35.4 9.97433
    endloop
  endfacet
  facet normal 0 -1 0
    outer loop
      vertex 15.8109 35.4 7.82869
      vertex 15.6084 35.4 9.97433
      vertex 15.2235 35.4 9.89778
    endloop
  endfacet
  facet normal 0 -1 0
    outer loop
      vertex 16.1891 35.4 7.82869
      vertex 16 35.4 10
      vertex 15.8109 35.4 7.82869
    endloop
  endfacet
  facet normal 0 -1 0
    outer loop
      vertex 15.8109 35.4 7.82869
      vertex 15.2235 35.4 9.89778
      vertex 14.8519 35.4 9.77164
    endloop
  endfacet
  facet normal 0 -1 0
    outer loop
      vertex 16 35.4 10
      vertex 16.1891 35.4 7.82869
      vertex 16.3916 35.4 9.97433
    endloop
  endfacet
  facet normal 0 -1 0
    outer loop
      vertex 15.47 35.4 7.66456
      vertex 14.8519 35.4 9.77164
      vertex 14.5 35.4 9.59808
    endloop
  endfacet
  facet normal 0 -1 -0
    outer loop
      vertex 16.3916 35.4 9.97433
      vertex 16.1891 35.4 7.82869
      vertex 16.7765 35.4 9.89778
    endloop
  endfacet
  facet normal 0 -1 0
    outer loop
      vertex 15.47 35.4 7.66456
      vertex 14.5 35.4 9.59808
      vertex 14.1737 35.4 9.38006
    endloop
  endfacet
  facet normal 0 -1 -0
    outer loop
      vertex 16.7765 35.4 9.89778
      vertex 16.1891 35.4 7.82869
      vertex 17.148 35.4 9.77164
    endloop
  endfacet
  facet normal 0 -1 0
    outer loop
      vertex 15.47 35.4 7.66456
      vertex 14.1737 35.4 9.38006
      vertex 13.8787 35.4 9.12132
    endloop
  endfacet
  facet normal 0 -1 0
    outer loop
      vertex 16.53 35.4 7.66456
      vertex 17.148 35.4 9.77164
      vertex 16.1891 35.4 7.82869
    endloop
  endfacet
  facet normal 0 -1 0
    outer loop
      vertex 15.47 35.4 7.66456
      vertex 13.8787 35.4 9.12132
      vertex 13.6199 35.4 8.82628
    endloop
  endfacet
  facet normal 0 -1 -0
    outer loop
      vertex 17.148 35.4 9.77164
      vertex 16.53 35.4 7.66456
      vertex 17.5 35.4 9.59808
    endloop
  endfacet
  facet normal 0 -1 0
    outer loop
      vertex 15.2342 35.4 7.3688
      vertex 13.6199 35.4 8.82628
      vertex 13.4019 35.4 8.5
    endloop
  endfacet
  facet normal 0 -1 -0
    outer loop
      vertex 17.5 35.4 9.59808
      vertex 16.53 35.4 7.66456
      vertex 17.8263 35.4 9.38006
    endloop
  endfacet
  facet normal 0 -1 0
    outer loop
      vertex 15.2342 35.4 7.3688
      vertex 13.4019 35.4 8.5
      vertex 13.2284 35.4 8.14805
    endloop
  endfacet
  facet normal 0 -1 -0
    outer loop
      vertex 17.8263 35.4 9.38006
      vertex 16.53 35.4 7.66456
      vertex 18.1213 35.4 9.12132
    endloop
  endfacet
  facet normal 0 -1 -0
    outer loop
      vertex 18.1213 35.4 9.12132
      vertex 16.53 35.4 7.66456
      vertex 18.3801 35.4 8.82628
    endloop
  endfacet
  facet normal 0 -1 0
    outer loop
      vertex 15.2342 35.4 7.3688
      vertex 13.2284 35.4 8.14805
      vertex 13.1022 35.4 7.77646
    endloop
  endfacet
  facet normal 0 -1 0
    outer loop
      vertex 14.8519 35.4 9.77164
      vertex 15.47 35.4 7.66456
      vertex 15.8109 35.4 7.82869
    endloop
  endfacet
  facet normal 0 -1 0
    outer loop
      vertex 15.15 35.4 7
      vertex 13.1022 35.4 7.77646
      vertex 13.0257 35.4 7.39158
    endloop
  endfacet
  facet normal 0 -1 0
    outer loop
      vertex 13.6199 35.4 8.82628
      vertex 15.2342 35.4 7.3688
      vertex 15.47 35.4 7.66456
    endloop
  endfacet
  facet normal 0 -1 0
    outer loop
      vertex 15.15 35.4 7
      vertex 13.0257 35.4 7.39158
      vertex 13 35.4 7
    endloop
  endfacet
  facet normal 0 -1 0
    outer loop
      vertex 13.1022 35.4 7.77646
      vertex 15.15 35.4 7
      vertex 15.2342 35.4 7.3688
    endloop
  endfacet
  facet normal 0 -1 0
    outer loop
      vertex 13 35.4 7
      vertex 15.2342 35.4 6.6312
      vertex 15.15 35.4 7
    endloop
  endfacet
  facet normal 0 -1 0
    outer loop
      vertex 13 35.4 7
      vertex 15.47 35.4 6.33544
      vertex 15.2342 35.4 6.6312
    endloop
  endfacet
  facet normal 0 -1 0
    outer loop
      vertex 13 35.4 1.59999
      vertex 15.47 35.4 6.33544
      vertex 13 35.4 7
    endloop
  endfacet
  facet normal 0 -1 -0
    outer loop
      vertex 15.8109 35.4 6.17131
      vertex 13 35.4 1.59999
      vertex 16.1891 35.4 6.17131
    endloop
  endfacet
  facet normal 0 -1 -0
    outer loop
      vertex 15.47 35.4 6.33544
      vertex 13 35.4 1.59999
      vertex 15.8109 35.4 6.17131
    endloop
  endfacet
  facet normal 0 -1 0
    outer loop
      vertex 16.7658 35.4 7.3688
      vertex 18.3801 35.4 8.82628
      vertex 16.53 35.4 7.66456
    endloop
  endfacet
  facet normal 0 -1 -0
    outer loop
      vertex 18.3801 35.4 8.82628
      vertex 16.7658 35.4 7.3688
      vertex 18.5981 35.4 8.5
    endloop
  endfacet
  facet normal 0 -1 -0
    outer loop
      vertex 18.5981 35.4 8.5
      vertex 16.7658 35.4 7.3688
      vertex 18.7716 35.4 8.14805
    endloop
  endfacet
  facet normal 0 -1 -0
    outer loop
      vertex 18.7716 35.4 8.14805
      vertex 16.7658 35.4 7.3688
      vertex 18.8978 35.4 7.77646
    endloop
  endfacet
  facet normal 0 -1 0
    outer loop
      vertex 16.85 35.4 7
      vertex 18.8978 35.4 7.77646
      vertex 16.7658 35.4 7.3688
    endloop
  endfacet
  facet normal 0 -1 -0
    outer loop
      vertex 18.8978 35.4 7.77646
      vertex 16.85 35.4 7
      vertex 18.9743 35.4 7.39158
    endloop
  endfacet
  facet normal 0 -1 0
    outer loop
      vertex 16.85 35.4 7
      vertex 19 35.4 7
      vertex 18.9743 35.4 7.39158
    endloop
  endfacet
  facet normal 0 -1 0
    outer loop
      vertex 16.7658 35.4 6.6312
      vertex 19 35.4 7
      vertex 16.85 35.4 7
    endloop
  endfacet
  facet normal 0 -1 0
    outer loop
      vertex 16.53 35.4 6.33544
      vertex 19 35.4 7
      vertex 16.7658 35.4 6.6312
    endloop
  endfacet
  facet normal 0 -1 0
    outer loop
      vertex 19 35.4 1.59999
      vertex 16.53 35.4 6.33544
      vertex 16.1891 35.4 6.17131
    endloop
  endfacet
  facet normal 0 -1 0
    outer loop
      vertex 19 35.4 1.59999
      vertex 16.1891 35.4 6.17131
      vertex 13 35.4 1.59999
    endloop
  endfacet
  facet normal 0 -1 0
    outer loop
      vertex 16.53 35.4 6.33544
      vertex 19 35.4 1.59999
      vertex 19 35.4 7
    endloop
  endfacet
  facet normal -0.195062 0 0.980791
    outer loop
      vertex 15.2235 41.4 9.89778
      vertex 15.6084 35.4 9.97433
      vertex 15.6084 41.4 9.97433
    endloop
  endfacet
  facet normal -0.195062 0 0.980791
    outer loop
      vertex 15.6084 35.4 9.97433
      vertex 15.2235 41.4 9.89778
      vertex 15.2235 35.4 9.89778
    endloop
  endfacet
  facet normal -0.659392 0 0.751799
    outer loop
      vertex 13.8787 41.4 9.12132
      vertex 14.1737 35.4 9.38006
      vertex 14.1737 41.4 9.38006
    endloop
  endfacet
  facet normal -0.659392 0 0.751799
    outer loop
      vertex 14.1737 35.4 9.38006
      vertex 13.8787 41.4 9.12132
      vertex 13.8787 35.4 9.12132
    endloop
  endfacet
  facet normal 1 -0 0
    outer loop
      vertex 19 35.4 7
      vertex 19 41.4 3
      vertex 19 41.4 7
    endloop
  endfacet
  facet normal 1 0 0
    outer loop
      vertex 19 35.4 1.59999
      vertex 19 41.4 3
      vertex 19 35.4 7
    endloop
  endfacet
  facet normal 1 0 -0
    outer loop
      vertex 19 41.0474 1.59999
      vertex 19 41.4 3
      vertex 19 35.4 1.59999
    endloop
  endfacet
  facet normal 1 0 0
    outer loop
      vertex 19 41.4 3
      vertex 19 41.0474 1.59999
      vertex 19 41.3743 2.60843
    endloop
  endfacet
  facet normal 1 0 0
    outer loop
      vertex 19 41.3743 2.60843
      vertex 19 41.0474 1.59999
      vertex 19 41.2978 2.22354
    endloop
  endfacet
  facet normal 1 0 0
    outer loop
      vertex 19 41.2978 2.22354
      vertex 19 41.0474 1.59999
      vertex 19 41.1716 1.85194
    endloop
  endfacet
  facet normal -1 0 0
    outer loop
      vertex 13 41.0474 1.59999
      vertex 13 41.4 3
      vertex 13 41.3743 2.60843
    endloop
  endfacet
  facet normal -1 0 0
    outer loop
      vertex 13 41.0474 1.59999
      vertex 13 41.3743 2.60843
      vertex 13 41.2978 2.22354
    endloop
  endfacet
  facet normal -1 0 0
    outer loop
      vertex 13 41.0474 1.59999
      vertex 13 41.2978 2.22354
      vertex 13 41.1716 1.85194
    endloop
  endfacet
  facet normal -1 0 0
    outer loop
      vertex 13 41.4 3
      vertex 13 41.0474 1.59999
      vertex 13 35.4 1.59999
    endloop
  endfacet
  facet normal -1 -0 0
    outer loop
      vertex 13 41.4 3
      vertex 13 35.4 1.59999
      vertex 13 35.4 7
    endloop
  endfacet
  facet normal -1 0 0
    outer loop
      vertex 13 41.4 3
      vertex 13 35.4 7
      vertex 13 41.4 7
    endloop
  endfacet
  facet normal 0.642832 0.439373 0.62747
    outer loop
      vertex -15.6804 10.5441 5.9499
      vertex -15.8076 11.9159 5.11964
      vertex -15.8076 10.6053 6.03736
    endloop
  endfacet
  facet normal 0.642798 0.439385 0.627496
    outer loop
      vertex -15.8076 11.9159 5.11964
      vertex -15.6804 10.5441 5.9499
      vertex -15.5786 11.8057 4.96222
    endloop
  endfacet
  facet normal -0.866054 -0.28678 -0.409522
    outer loop
      vertex -14.0393 11.3339 7.07792
      vertex -14.1224 12.7271 6.27803
      vertex -13.9729 12.5785 6.06593
    endloop
  endfacet
  facet normal -0.865886 -0.286918 -0.40978
    outer loop
      vertex -14.1224 12.7271 6.27803
      vertex -14.0393 11.3339 7.07792
      vertex -14.1224 11.4164 7.19575
    endloop
  endfacet
  facet normal -0.984826 -0.0995393 -0.142163
    outer loop
      vertex -13.865 12.3215 5.69883
      vertex -13.9313 11.2266 6.92474
      vertex -13.9313 12.5373 6.00702
    endloop
  endfacet
  facet normal -0.98482 -0.099562 -0.142183
    outer loop
      vertex -13.9313 11.2266 6.92474
      vertex -13.865 12.3215 5.69883
      vertex -13.865 11.0109 6.61656
    endloop
  endfacet
  facet normal -0.642798 -0.43937 -0.627507
    outer loop
      vertex -14.1224 12.7271 6.27803
      vertex -14.2496 11.4776 7.28321
      vertex -14.3514 12.8373 6.43545
    endloop
  endfacet
  facet normal -0.642832 -0.43935 -0.627486
    outer loop
      vertex -14.2496 11.4776 7.28321
      vertex -14.1224 12.7271 6.27803
      vertex -14.1224 11.4164 7.19575
    endloop
  endfacet
  facet normal 0.865886 -0.286918 -0.40978
    outer loop
      vertex -15.8907 11.3339 7.07792
      vertex -15.8076 12.7271 6.27803
      vertex -15.8076 11.4164 7.19575
    endloop
  endfacet
  facet normal 0.866054 -0.28678 -0.409522
    outer loop
      vertex -15.8076 12.7271 6.27803
      vertex -15.8907 11.3339 7.07792
      vertex -15.9571 12.5785 6.06593
    endloop
  endfacet
  facet normal 0 0.573588 0.819144
    outer loop
      vertex -14.774 11.7001 4.81146
      vertex -15.0865 10.3895 5.72918
      vertex -14.774 10.3895 5.72918
    endloop
  endfacet
  facet normal -0 0.573588 0.819144
    outer loop
      vertex -15.156 11.7001 4.81146
      vertex -15.0865 10.3895 5.72918
      vertex -14.774 11.7001 4.81146
    endloop
  endfacet
  facet normal 0 0.573588 0.819144
    outer loop
      vertex -15.0865 10.3895 5.72918
      vertex -15.156 11.7001 4.81146
      vertex -15.156 10.3895 5.72918
    endloop
  endfacet
  facet normal -0.642832 -0.439373 -0.62747
    outer loop
      vertex -14.3514 12.8373 6.43545
      vertex -14.415 11.5573 7.3969
      vertex -14.415 12.8679 6.47918
    endloop
  endfacet
  facet normal -0.642941 -0.439314 -0.6274
    outer loop
      vertex -14.415 11.5573 7.3969
      vertex -14.3514 12.8373 6.43545
      vertex -14.2496 11.4776 7.28321
    endloop
  endfacet
  facet normal -0.341949 -0.539011 -0.769764
    outer loop
      vertex -14.774 11.6322 7.50393
      vertex -14.415 12.8679 6.47918
      vertex -14.415 11.5573 7.3969
    endloop
  endfacet
  facet normal -0.341949 -0.539011 -0.769764
    outer loop
      vertex -14.415 12.8679 6.47918
      vertex -14.774 11.6322 7.50393
      vertex -14.774 12.9428 6.58621
    endloop
  endfacet
  facet normal 0 -0.573588 -0.819144
    outer loop
      vertex -15.156 11.6322 7.50393
      vertex -14.774 12.9428 6.58621
      vertex -14.774 11.6322 7.50393
    endloop
  endfacet
  facet normal -0 -0.573588 -0.819144
    outer loop
      vertex -14.774 12.9428 6.58621
      vertex -15.156 11.6322 7.50393
      vertex -15.156 12.9428 6.58621
    endloop
  endfacet
  facet normal 0.865939 0.28688 0.409694
    outer loop
      vertex -15.9987 10.7951 6.30837
      vertex -15.8076 11.9159 5.11964
      vertex -15.9987 12.1057 5.39065
    endloop
  endfacet
  facet normal 0.865939 0.28688 0.409694
    outer loop
      vertex -15.8076 11.9159 5.11964
      vertex -15.9987 10.7951 6.30837
      vertex -15.8076 10.6053 6.03736
    endloop
  endfacet
  facet normal 0.642832 -0.439373 -0.62747
    outer loop
      vertex -15.515 11.5573 7.3969
      vertex -15.5786 12.8373 6.43545
      vertex -15.515 12.8679 6.47918
    endloop
  endfacet
  facet normal 0.642941 -0.439314 -0.6274
    outer loop
      vertex -15.5786 12.8373 6.43545
      vertex -15.515 11.5573 7.3969
      vertex -15.6804 11.4776 7.28321
    endloop
  endfacet
  facet normal 0.984826 -0.0995393 -0.142163
    outer loop
      vertex -15.9987 11.2266 6.92474
      vertex -16.065 12.3215 5.69883
      vertex -15.9987 12.5373 6.00702
    endloop
  endfacet
  facet normal 0.98482 -0.099562 -0.142183
    outer loop
      vertex -16.065 12.3215 5.69883
      vertex -15.9987 11.2266 6.92474
      vertex -16.065 11.0109 6.61656
    endloop
  endfacet
  facet normal -0.865526 -0.287275 -0.41029
    outer loop
      vertex -13.9313 11.2266 6.92474
      vertex -13.9729 12.5785 6.06593
      vertex -13.9313 12.5373 6.00702
    endloop
  endfacet
  facet normal -0.86598 -0.286863 -0.409619
    outer loop
      vertex -13.9729 12.5785 6.06593
      vertex -13.9313 11.2266 6.92474
      vertex -14.0393 11.3339 7.07792
    endloop
  endfacet
  facet normal -0.865939 0.28688 0.409694
    outer loop
      vertex -14.1224 11.9159 5.11964
      vertex -13.9313 10.7951 6.30837
      vertex -13.9313 12.1057 5.39065
    endloop
  endfacet
  facet normal -0.865939 0.28688 0.409694
    outer loop
      vertex -13.9313 10.7951 6.30837
      vertex -14.1224 11.9159 5.11964
      vertex -14.1224 10.6053 6.03736
    endloop
  endfacet
  facet normal 0.341949 -0.539011 -0.769764
    outer loop
      vertex -15.515 12.8679 6.47918
      vertex -15.156 11.6322 7.50393
      vertex -15.515 11.5573 7.3969
    endloop
  endfacet
  facet normal 0.341949 -0.539011 -0.769764
    outer loop
      vertex -15.156 11.6322 7.50393
      vertex -15.515 12.8679 6.47918
      vertex -15.156 12.9428 6.58621
    endloop
  endfacet
  facet normal 0.642798 -0.43937 -0.627507
    outer loop
      vertex -15.6804 11.4776 7.28321
      vertex -15.8076 12.7271 6.27803
      vertex -15.5786 12.8373 6.43545
    endloop
  endfacet
  facet normal 0.642832 -0.43935 -0.627486
    outer loop
      vertex -15.8076 12.7271 6.27803
      vertex -15.6804 11.4776 7.28321
      vertex -15.8076 11.4164 7.19575
    endloop
  endfacet
  facet normal 0.86598 -0.286863 -0.409619
    outer loop
      vertex -15.9987 11.2266 6.92474
      vertex -15.9571 12.5785 6.06593
      vertex -15.8907 11.3339 7.07792
    endloop
  endfacet
  facet normal 0.865526 -0.287275 -0.41029
    outer loop
      vertex -15.9571 12.5785 6.06593
      vertex -15.9987 11.2266 6.92474
      vertex -15.9987 12.5373 6.00702
    endloop
  endfacet
  facet normal -0.984825 0.0995631 0.142151
    outer loop
      vertex -13.8668 11.0051 6.60837
      vertex -13.865 12.3215 5.69883
      vertex -13.9313 12.1057 5.39065
    endloop
  endfacet
  facet normal -0.984293 0.101264 0.144615
    outer loop
      vertex -13.865 12.3215 5.69883
      vertex -13.8668 11.0051 6.60837
      vertex -13.865 11.0109 6.61656
    endloop
  endfacet
  facet normal -0.98484 0.0994973 0.142093
    outer loop
      vertex -13.8668 11.0051 6.60837
      vertex -13.9313 12.1057 5.39065
      vertex -13.9313 10.7951 6.30837
    endloop
  endfacet
  facet normal 0.984825 0.0995473 0.142162
    outer loop
      vertex -16.065 11.0109 6.61656
      vertex -15.9987 12.1057 5.39065
      vertex -16.065 12.3215 5.69883
    endloop
  endfacet
  facet normal 0.984826 0.0995444 0.14216
    outer loop
      vertex -15.9987 12.1057 5.39065
      vertex -16.065 11.0109 6.61656
      vertex -15.9987 10.7951 6.30837
    endloop
  endfacet
  facet normal 0.642941 0.439304 0.627407
    outer loop
      vertex -15.515 10.4644 5.83621
      vertex -15.5786 11.8057 4.96222
      vertex -15.6804 10.5441 5.9499
    endloop
  endfacet
  facet normal 0.642832 0.43935 0.627486
    outer loop
      vertex -15.5786 11.8057 4.96222
      vertex -15.515 10.4644 5.83621
      vertex -15.515 11.7751 4.91849
    endloop
  endfacet
  facet normal 0.342082 0.538956 0.769744
    outer loop
      vertex -15.515 10.4644 5.83621
      vertex -15.156 11.7001 4.81146
      vertex -15.515 11.7751 4.91849
    endloop
  endfacet
  facet normal 0.341949 0.539011 0.769764
    outer loop
      vertex -15.156 11.7001 4.81146
      vertex -15.515 10.4644 5.83621
      vertex -15.156 10.3895 5.72918
    endloop
  endfacet
  facet normal -0.642832 0.43935 0.627486
    outer loop
      vertex -14.415 10.4644 5.83621
      vertex -14.3514 11.8057 4.96222
      vertex -14.415 11.7751 4.91849
    endloop
  endfacet
  facet normal -0.642941 0.439304 0.627407
    outer loop
      vertex -14.3514 11.8057 4.96222
      vertex -14.415 10.4644 5.83621
      vertex -14.2496 10.5441 5.9499
    endloop
  endfacet
  facet normal -0.342082 0.538956 0.769744
    outer loop
      vertex -14.774 11.7001 4.81146
      vertex -14.415 10.4644 5.83621
      vertex -14.415 11.7751 4.91849
    endloop
  endfacet
  facet normal -0.341949 0.539011 0.769764
    outer loop
      vertex -14.415 10.4644 5.83621
      vertex -14.774 11.7001 4.81146
      vertex -14.774 10.3895 5.72918
    endloop
  endfacet
  facet normal -0.642798 0.439385 0.627496
    outer loop
      vertex -14.2496 10.5441 5.9499
      vertex -14.1224 11.9159 5.11964
      vertex -14.3514 11.8057 4.96222
    endloop
  endfacet
  facet normal -0.642832 0.439373 0.62747
    outer loop
      vertex -14.1224 11.9159 5.11964
      vertex -14.2496 10.5441 5.9499
      vertex -14.1224 10.6053 6.03736
    endloop
  endfacet
  facet normal -0.98485 -0.0994623 -0.142046
    outer loop
      vertex -13.9169 25.436 24.4283
      vertex -13.9313 24.1723 25.413
      vertex -13.9313 25.4829 24.4953
    endloop
  endfacet
  facet normal -0.984808 -0.0996118 -0.142237
    outer loop
      vertex -13.9313 24.1723 25.413
      vertex -13.9169 25.436 24.4283
      vertex -13.8938 24.0503 25.2388
    endloop
  endfacet
  facet normal -0.98482 -0.0995778 -0.142178
    outer loop
      vertex -13.865 25.2671 24.1871
      vertex -13.8938 24.0503 25.2388
      vertex -13.9169 25.436 24.4283
    endloop
  endfacet
  facet normal -0.98485 -0.0994623 -0.142046
    outer loop
      vertex -13.8938 24.0503 25.2388
      vertex -13.865 25.2671 24.1871
      vertex -13.865 23.9565 25.1048
    endloop
  endfacet
  facet normal -0.866006 -0.286821 -0.409594
    outer loop
      vertex -14.0393 24.2795 25.5662
      vertex -14.1224 25.6727 24.7663
      vertex -13.9729 25.5242 24.5542
    endloop
  endfacet
  facet normal -0.865849 -0.286951 -0.409836
    outer loop
      vertex -14.1224 25.6727 24.7663
      vertex -14.0393 24.2795 25.5662
      vertex -14.1224 24.362 25.684
    endloop
  endfacet
  facet normal 0.865849 -0.286951 -0.409836
    outer loop
      vertex -15.8907 24.2795 25.5662
      vertex -15.8076 25.6727 24.7663
      vertex -15.8076 24.362 25.684
    endloop
  endfacet
  facet normal 0.866006 -0.286821 -0.409594
    outer loop
      vertex -15.8076 25.6727 24.7663
      vertex -15.8907 24.2795 25.5662
      vertex -15.9571 25.5242 24.5542
    endloop
  endfacet
  facet normal 0 -0.57355 -0.81917
    outer loop
      vertex -15.156 24.5778 25.9922
      vertex -14.774 25.8885 25.0745
      vertex -14.774 24.5778 25.9922
    endloop
  endfacet
  facet normal -0 -0.57355 -0.81917
    outer loop
      vertex -14.774 25.8885 25.0745
      vertex -15.156 24.5778 25.9922
      vertex -15.156 25.8885 25.0745
    endloop
  endfacet
  facet normal -0.341903 -0.538995 -0.769796
    outer loop
      vertex -14.774 24.5778 25.9922
      vertex -14.6959 25.8722 25.0512
      vertex -14.5711 24.5355 25.9317
    endloop
  endfacet
  facet normal -0.342121 -0.53894 -0.769738
    outer loop
      vertex -14.6959 25.8722 25.0512
      vertex -14.774 24.5778 25.9922
      vertex -14.774 25.8885 25.0745
    endloop
  endfacet
  facet normal 0.98485 0.0994623 0.142046
    outer loop
      vertex -16.065 23.9565 25.1048
      vertex -16.0506 25.2202 24.1201
      vertex -16.065 25.2671 24.1871
    endloop
  endfacet
  facet normal 0.984808 0.0996118 0.142237
    outer loop
      vertex -16.0506 25.2202 24.1201
      vertex -16.065 23.9565 25.1048
      vertex -16.0275 23.8345 24.9306
    endloop
  endfacet
  facet normal 0.643063 0.439232 0.627331
    outer loop
      vertex -15.8076 23.5509 24.5256
      vertex -15.744 24.8309 23.5642
      vertex -15.8076 24.8616 23.6079
    endloop
  endfacet
  facet normal 0.642807 0.43937 0.627497
    outer loop
      vertex -15.744 24.8309 23.5642
      vertex -15.8076 23.5509 24.5256
      vertex -15.6422 23.4713 24.4119
    endloop
  endfacet
  facet normal -0.341879 -0.539058 -0.769763
    outer loop
      vertex -14.5711 24.5355 25.9317
      vertex -14.415 25.8135 24.9674
      vertex -14.415 24.5029 25.8852
    endloop
  endfacet
  facet normal -0.342241 -0.538949 -0.769679
    outer loop
      vertex -14.415 25.8135 24.9674
      vertex -14.5711 24.5355 25.9317
      vertex -14.6959 25.8722 25.0512
    endloop
  endfacet
  facet normal 0.341893 0.539055 0.769759
    outer loop
      vertex -15.515 23.4101 24.3245
      vertex -15.156 24.6458 23.2997
      vertex -15.515 24.7207 23.4067
    endloop
  endfacet
  facet normal 0.342215 0.538921 0.76971
    outer loop
      vertex -15.156 24.6458 23.2997
      vertex -15.515 23.4101 24.3245
      vertex -15.156 23.3351 24.2174
    endloop
  endfacet
  facet normal -0.642926 0.439323 0.627408
    outer loop
      vertex -14.415 24.7207 23.4067
      vertex -14.2878 23.4713 24.4119
      vertex -14.186 24.8309 23.5642
    endloop
  endfacet
  facet normal -0.642658 0.439482 0.627572
    outer loop
      vertex -14.2878 23.4713 24.4119
      vertex -14.415 24.7207 23.4067
      vertex -14.415 23.4101 24.3245
    endloop
  endfacet
  facet normal 0.865999 0.286844 0.409593
    outer loop
      vertex -15.8076 23.5509 24.5256
      vertex -15.8492 24.9028 23.6668
      vertex -15.9156 23.6582 24.6788
    endloop
  endfacet
  facet normal 0.865501 0.287295 0.410328
    outer loop
      vertex -15.8492 24.9028 23.6668
      vertex -15.8076 23.5509 24.5256
      vertex -15.8076 24.8616 23.6079
    endloop
  endfacet
  facet normal -0.98482 0.0995778 0.142178
    outer loop
      vertex -13.9313 25.0513 23.8789
      vertex -13.9025 23.8345 24.9306
      vertex -13.8794 25.2202 24.1201
    endloop
  endfacet
  facet normal -0.98485 0.0994623 0.142046
    outer loop
      vertex -13.9025 23.8345 24.9306
      vertex -13.9313 25.0513 23.8789
      vertex -13.9313 23.7407 24.7966
    endloop
  endfacet
  facet normal -0.642742 -0.439442 -0.627514
    outer loop
      vertex -14.1224 25.6727 24.7663
      vertex -14.415 24.5029 25.8852
      vertex -14.415 25.8135 24.9674
    endloop
  endfacet
  facet normal -0.642956 -0.439284 -0.627405
    outer loop
      vertex -14.415 24.5029 25.8852
      vertex -14.1224 25.6727 24.7663
      vertex -14.1224 24.362 25.684
    endloop
  endfacet
  facet normal -0.865501 0.287295 0.410328
    outer loop
      vertex -14.1224 23.5509 24.5256
      vertex -14.0808 24.9028 23.6668
      vertex -14.1224 24.8616 23.6079
    endloop
  endfacet
  facet normal -0.865999 0.286844 0.409593
    outer loop
      vertex -14.0808 24.9028 23.6668
      vertex -14.1224 23.5509 24.5256
      vertex -14.0144 23.6582 24.6788
    endloop
  endfacet
  facet normal 0.865849 0.286965 0.409825
    outer loop
      vertex -15.9156 23.6582 24.6788
      vertex -15.9987 25.0513 23.8789
      vertex -15.9987 23.7407 24.7966
    endloop
  endfacet
  facet normal 0.866006 0.286836 0.409584
    outer loop
      vertex -15.9987 25.0513 23.8789
      vertex -15.9156 23.6582 24.6788
      vertex -15.8492 24.9028 23.6668
    endloop
  endfacet
  facet normal 0.98482 0.0995778 0.142178
    outer loop
      vertex -16.0275 23.8345 24.9306
      vertex -15.9987 25.0513 23.8789
      vertex -16.0506 25.2202 24.1201
    endloop
  endfacet
  facet normal 0.98485 0.0994623 0.142046
    outer loop
      vertex -15.9987 25.0513 23.8789
      vertex -16.0275 23.8345 24.9306
      vertex -15.9987 23.7407 24.7966
    endloop
  endfacet
  facet normal -0.865675 -0.287138 -0.410072
    outer loop
      vertex -13.9313 24.1723 25.413
      vertex -13.9729 25.5242 24.5542
      vertex -13.9313 25.4829 24.4953
    endloop
  endfacet
  facet normal -0.865933 -0.286904 -0.409691
    outer loop
      vertex -13.9729 25.5242 24.5542
      vertex -13.9313 24.1723 25.413
      vertex -14.0393 24.2795 25.5662
    endloop
  endfacet
  facet normal -0.866006 0.286836 0.409584
    outer loop
      vertex -14.0144 23.6582 24.6788
      vertex -13.9313 25.0513 23.8789
      vertex -14.0808 24.9028 23.6668
    endloop
  endfacet
  facet normal -0.865849 0.286965 0.409825
    outer loop
      vertex -13.9313 25.0513 23.8789
      vertex -14.0144 23.6582 24.6788
      vertex -13.9313 23.7407 24.7966
    endloop
  endfacet
  facet normal 0.865933 -0.286904 -0.409691
    outer loop
      vertex -15.9987 24.1723 25.413
      vertex -15.9571 25.5242 24.5542
      vertex -15.8907 24.2795 25.5662
    endloop
  endfacet
  facet normal 0.865675 -0.287138 -0.410072
    outer loop
      vertex -15.9571 25.5242 24.5542
      vertex -15.9987 24.1723 25.413
      vertex -15.9987 25.4829 24.4953
    endloop
  endfacet
  facet normal 0.98482 -0.0995778 -0.142178
    outer loop
      vertex -16.0362 24.0503 25.2388
      vertex -16.065 25.2671 24.1871
      vertex -16.0131 25.436 24.4283
    endloop
  endfacet
  facet normal 0.98485 -0.0994623 -0.142046
    outer loop
      vertex -16.065 25.2671 24.1871
      vertex -16.0362 24.0503 25.2388
      vertex -16.065 23.9565 25.1048
    endloop
  endfacet
  facet normal 0.342121 -0.53894 -0.769738
    outer loop
      vertex -15.156 24.5778 25.9922
      vertex -15.2341 25.8722 25.0512
      vertex -15.156 25.8885 25.0745
    endloop
  endfacet
  facet normal 0.341903 -0.538995 -0.769796
    outer loop
      vertex -15.2341 25.8722 25.0512
      vertex -15.156 24.5778 25.9922
      vertex -15.3589 24.5355 25.9317
    endloop
  endfacet
  facet normal 0.642742 -0.439442 -0.627514
    outer loop
      vertex -15.515 24.5029 25.8852
      vertex -15.8076 25.6727 24.7663
      vertex -15.515 25.8135 24.9674
    endloop
  endfacet
  facet normal 0.642956 -0.439284 -0.627405
    outer loop
      vertex -15.8076 25.6727 24.7663
      vertex -15.515 24.5029 25.8852
      vertex -15.8076 24.362 25.684
    endloop
  endfacet
  facet normal -0.98485 0.0994623 0.142046
    outer loop
      vertex -13.8794 25.2202 24.1201
      vertex -13.865 23.9565 25.1048
      vertex -13.865 25.2671 24.1871
    endloop
  endfacet
  facet normal -0.984808 0.0996118 0.142237
    outer loop
      vertex -13.865 23.9565 25.1048
      vertex -13.8794 25.2202 24.1201
      vertex -13.9025 23.8345 24.9306
    endloop
  endfacet
  facet normal -0.341893 0.539055 0.769759
    outer loop
      vertex -14.774 24.6458 23.2997
      vertex -14.415 23.4101 24.3245
      vertex -14.415 24.7207 23.4067
    endloop
  endfacet
  facet normal -0.342215 0.538921 0.76971
    outer loop
      vertex -14.415 23.4101 24.3245
      vertex -14.774 24.6458 23.2997
      vertex -14.774 23.3351 24.2174
    endloop
  endfacet
  facet normal 0.98485 -0.0994623 -0.142046
    outer loop
      vertex -15.9987 24.1723 25.413
      vertex -16.0131 25.436 24.4283
      vertex -15.9987 25.4829 24.4953
    endloop
  endfacet
  facet normal 0.984808 -0.0996118 -0.142237
    outer loop
      vertex -16.0131 25.436 24.4283
      vertex -15.9987 24.1723 25.413
      vertex -16.0362 24.0503 25.2388
    endloop
  endfacet
  facet normal 0.341879 -0.539058 -0.769763
    outer loop
      vertex -15.515 25.8135 24.9674
      vertex -15.3589 24.5355 25.9317
      vertex -15.515 24.5029 25.8852
    endloop
  endfacet
  facet normal 0.342241 -0.538949 -0.769679
    outer loop
      vertex -15.3589 24.5355 25.9317
      vertex -15.515 25.8135 24.9674
      vertex -15.2341 25.8722 25.0512
    endloop
  endfacet
  facet normal -0.643063 0.439232 0.627331
    outer loop
      vertex -14.186 24.8309 23.5642
      vertex -14.1224 23.5509 24.5256
      vertex -14.1224 24.8616 23.6079
    endloop
  endfacet
  facet normal -0.642807 0.43937 0.627497
    outer loop
      vertex -14.1224 23.5509 24.5256
      vertex -14.186 24.8309 23.5642
      vertex -14.2878 23.4713 24.4119
    endloop
  endfacet
  facet normal 0.642926 0.439323 0.627408
    outer loop
      vertex -15.6422 23.4713 24.4119
      vertex -15.515 24.7207 23.4067
      vertex -15.744 24.8309 23.5642
    endloop
  endfacet
  facet normal 0.642658 0.439482 0.627572
    outer loop
      vertex -15.515 24.7207 23.4067
      vertex -15.6422 23.4713 24.4119
      vertex -15.515 23.4101 24.3245
    endloop
  endfacet
  facet normal -0 0.57355 0.81917
    outer loop
      vertex -15.156 24.6458 23.2997
      vertex -14.774 23.3351 24.2174
      vertex -14.774 24.6458 23.2997
    endloop
  endfacet
  facet normal 0 0.57355 0.81917
    outer loop
      vertex -14.774 23.3351 24.2174
      vertex -15.156 24.6458 23.2997
      vertex -15.156 23.3351 24.2174
    endloop
  endfacet
  facet normal -0.984825 0.0995473 0.142162
    outer loop
      vertex 15.9987 12.1057 5.39065
      vertex 16.065 11.0109 6.61656
      vertex 16.065 12.3215 5.69883
    endloop
  endfacet
  facet normal -0.984826 0.0995444 0.14216
    outer loop
      vertex 16.065 11.0109 6.61656
      vertex 15.9987 12.1057 5.39065
      vertex 15.9987 10.7951 6.30837
    endloop
  endfacet
  facet normal -0.866054 -0.28678 -0.409522
    outer loop
      vertex 15.8907 11.3339 7.07792
      vertex 15.8076 12.7271 6.27803
      vertex 15.9571 12.5785 6.06593
    endloop
  endfacet
  facet normal -0.865886 -0.286918 -0.40978
    outer loop
      vertex 15.8076 12.7271 6.27803
      vertex 15.8907 11.3339 7.07792
      vertex 15.8076 11.4164 7.19575
    endloop
  endfacet
  facet normal -0.984826 -0.0995393 -0.142163
    outer loop
      vertex 16.065 12.3215 5.69883
      vertex 15.9987 11.2266 6.92474
      vertex 15.9987 12.5373 6.00702
    endloop
  endfacet
  facet normal -0.98482 -0.099562 -0.142183
    outer loop
      vertex 15.9987 11.2266 6.92474
      vertex 16.065 12.3215 5.69883
      vertex 16.065 11.0109 6.61656
    endloop
  endfacet
  facet normal -0.642832 0.43935 0.627486
    outer loop
      vertex 15.515 10.4644 5.83621
      vertex 15.5786 11.8057 4.96222
      vertex 15.515 11.7751 4.91849
    endloop
  endfacet
  facet normal -0.642941 0.439304 0.627407
    outer loop
      vertex 15.5786 11.8057 4.96222
      vertex 15.515 10.4644 5.83621
      vertex 15.6804 10.5441 5.9499
    endloop
  endfacet
  facet normal 0.341949 -0.539011 -0.769764
    outer loop
      vertex 14.415 12.8679 6.47918
      vertex 14.774 11.6322 7.50393
      vertex 14.415 11.5573 7.3969
    endloop
  endfacet
  facet normal 0.341949 -0.539011 -0.769764
    outer loop
      vertex 14.774 11.6322 7.50393
      vertex 14.415 12.8679 6.47918
      vertex 14.774 12.9428 6.58621
    endloop
  endfacet
  facet normal 0.86598 -0.286863 -0.409619
    outer loop
      vertex 13.9313 11.2266 6.92474
      vertex 13.9729 12.5785 6.06593
      vertex 14.0393 11.3339 7.07792
    endloop
  endfacet
  facet normal 0.865526 -0.287275 -0.41029
    outer loop
      vertex 13.9729 12.5785 6.06593
      vertex 13.9313 11.2266 6.92474
      vertex 13.9313 12.5373 6.00702
    endloop
  endfacet
  facet normal 0.984825 0.0995473 0.142162
    outer loop
      vertex 13.865 11.0109 6.61656
      vertex 13.9313 12.1057 5.39065
      vertex 13.865 12.3215 5.69883
    endloop
  endfacet
  facet normal 0.984826 0.0995444 0.14216
    outer loop
      vertex 13.9313 12.1057 5.39065
      vertex 13.865 11.0109 6.61656
      vertex 13.9313 10.7951 6.30837
    endloop
  endfacet
  facet normal -0.342082 0.538956 0.769744
    outer loop
      vertex 15.156 11.7001 4.81146
      vertex 15.515 10.4644 5.83621
      vertex 15.515 11.7751 4.91849
    endloop
  endfacet
  facet normal -0.341949 0.539011 0.769764
    outer loop
      vertex 15.515 10.4644 5.83621
      vertex 15.156 11.7001 4.81146
      vertex 15.156 10.3895 5.72918
    endloop
  endfacet
  facet normal -0.341949 -0.539011 -0.769764
    outer loop
      vertex 15.156 11.6322 7.50393
      vertex 15.515 12.8679 6.47918
      vertex 15.515 11.5573 7.3969
    endloop
  endfacet
  facet normal -0.341949 -0.539011 -0.769764
    outer loop
      vertex 15.515 12.8679 6.47918
      vertex 15.156 11.6322 7.50393
      vertex 15.156 12.9428 6.58621
    endloop
  endfacet
  facet normal -0.642832 -0.439373 -0.62747
    outer loop
      vertex 15.5786 12.8373 6.43545
      vertex 15.515 11.5573 7.3969
      vertex 15.515 12.8679 6.47918
    endloop
  endfacet
  facet normal -0.642941 -0.439314 -0.6274
    outer loop
      vertex 15.515 11.5573 7.3969
      vertex 15.5786 12.8373 6.43545
      vertex 15.6804 11.4776 7.28321
    endloop
  endfacet
  facet normal -0.642798 0.439385 0.627496
    outer loop
      vertex 15.6804 10.5441 5.9499
      vertex 15.8076 11.9159 5.11964
      vertex 15.5786 11.8057 4.96222
    endloop
  endfacet
  facet normal -0.642832 0.439373 0.62747
    outer loop
      vertex 15.8076 11.9159 5.11964
      vertex 15.6804 10.5441 5.9499
      vertex 15.8076 10.6053 6.03736
    endloop
  endfacet
  facet normal -0.865939 0.28688 0.409694
    outer loop
      vertex 15.8076 11.9159 5.11964
      vertex 15.9987 10.7951 6.30837
      vertex 15.9987 12.1057 5.39065
    endloop
  endfacet
  facet normal -0.865939 0.28688 0.409694
    outer loop
      vertex 15.9987 10.7951 6.30837
      vertex 15.8076 11.9159 5.11964
      vertex 15.8076 10.6053 6.03736
    endloop
  endfacet
  facet normal -0.865526 -0.287275 -0.41029
    outer loop
      vertex 15.9987 11.2266 6.92474
      vertex 15.9571 12.5785 6.06593
      vertex 15.9987 12.5373 6.00702
    endloop
  endfacet
  facet normal -0.86598 -0.286863 -0.409619
    outer loop
      vertex 15.9571 12.5785 6.06593
      vertex 15.9987 11.2266 6.92474
      vertex 15.8907 11.3339 7.07792
    endloop
  endfacet
  facet normal -0 0.573588 0.819144
    outer loop
      vertex 14.774 11.7001 4.81146
      vertex 15.156 10.3895 5.72918
      vertex 15.156 11.7001 4.81146
    endloop
  endfacet
  facet normal 0 0.573588 0.819144
    outer loop
      vertex 15.156 10.3895 5.72918
      vertex 14.774 11.7001 4.81146
      vertex 14.774 10.3895 5.72918
    endloop
  endfacet
  facet normal 0.642832 -0.439373 -0.62747
    outer loop
      vertex 14.415 11.5573 7.3969
      vertex 14.3514 12.8373 6.43545
      vertex 14.415 12.8679 6.47918
    endloop
  endfacet
  facet normal 0.642941 -0.439314 -0.6274
    outer loop
      vertex 14.3514 12.8373 6.43545
      vertex 14.415 11.5573 7.3969
      vertex 14.2496 11.4776 7.28321
    endloop
  endfacet
  facet normal -0.642798 -0.43937 -0.627507
    outer loop
      vertex 15.8076 12.7271 6.27803
      vertex 15.6804 11.4776 7.28321
      vertex 15.5786 12.8373 6.43545
    endloop
  endfacet
  facet normal -0.642832 -0.43935 -0.627486
    outer loop
      vertex 15.6804 11.4776 7.28321
      vertex 15.8076 12.7271 6.27803
      vertex 15.8076 11.4164 7.19575
    endloop
  endfacet
  facet normal 0.642832 0.439373 0.62747
    outer loop
      vertex 14.2496 10.5441 5.9499
      vertex 14.1224 11.9159 5.11964
      vertex 14.1224 10.6053 6.03736
    endloop
  endfacet
  facet normal 0.642798 0.439385 0.627496
    outer loop
      vertex 14.1224 11.9159 5.11964
      vertex 14.2496 10.5441 5.9499
      vertex 14.3514 11.8057 4.96222
    endloop
  endfacet
  facet normal 0.342082 0.538956 0.769744
    outer loop
      vertex 14.415 10.4644 5.83621
      vertex 14.774 11.7001 4.81146
      vertex 14.415 11.7751 4.91849
    endloop
  endfacet
  facet normal 0.341949 0.539011 0.769764
    outer loop
      vertex 14.774 11.7001 4.81146
      vertex 14.415 10.4644 5.83621
      vertex 14.774 10.3895 5.72918
    endloop
  endfacet
  facet normal 0 -0.573588 -0.819144
    outer loop
      vertex 14.774 11.6322 7.50393
      vertex 15.156 12.9428 6.58621
      vertex 15.156 11.6322 7.50393
    endloop
  endfacet
  facet normal -0 -0.573588 -0.819144
    outer loop
      vertex 15.156 12.9428 6.58621
      vertex 14.774 11.6322 7.50393
      vertex 14.774 12.9428 6.58621
    endloop
  endfacet
  facet normal 0.865886 -0.286918 -0.40978
    outer loop
      vertex 14.0393 11.3339 7.07792
      vertex 14.1224 12.7271 6.27803
      vertex 14.1224 11.4164 7.19575
    endloop
  endfacet
  facet normal 0.866054 -0.28678 -0.409522
    outer loop
      vertex 14.1224 12.7271 6.27803
      vertex 14.0393 11.3339 7.07792
      vertex 13.9729 12.5785 6.06593
    endloop
  endfacet
  facet normal 0.642798 -0.43937 -0.627507
    outer loop
      vertex 14.2496 11.4776 7.28321
      vertex 14.1224 12.7271 6.27803
      vertex 14.3514 12.8373 6.43545
    endloop
  endfacet
  facet normal 0.642832 -0.43935 -0.627486
    outer loop
      vertex 14.1224 12.7271 6.27803
      vertex 14.2496 11.4776 7.28321
      vertex 14.1224 11.4164 7.19575
    endloop
  endfacet
  facet normal 0.984826 -0.0995393 -0.142163
    outer loop
      vertex 13.9313 11.2266 6.92474
      vertex 13.865 12.3215 5.69883
      vertex 13.9313 12.5373 6.00702
    endloop
  endfacet
  facet normal 0.98482 -0.099562 -0.142183
    outer loop
      vertex 13.865 12.3215 5.69883
      vertex 13.9313 11.2266 6.92474
      vertex 13.865 11.0109 6.61656
    endloop
  endfacet
  facet normal 0.642941 0.439304 0.627407
    outer loop
      vertex 14.415 10.4644 5.83621
      vertex 14.3514 11.8057 4.96222
      vertex 14.2496 10.5441 5.9499
    endloop
  endfacet
  facet normal 0.642832 0.43935 0.627486
    outer loop
      vertex 14.3514 11.8057 4.96222
      vertex 14.415 10.4644 5.83621
      vertex 14.415 11.7751 4.91849
    endloop
  endfacet
  facet normal 0.865939 0.28688 0.409694
    outer loop
      vertex 13.9313 10.7951 6.30837
      vertex 14.1224 11.9159 5.11964
      vertex 13.9313 12.1057 5.39065
    endloop
  endfacet
  facet normal 0.865939 0.28688 0.409694
    outer loop
      vertex 14.1224 11.9159 5.11964
      vertex 13.9313 10.7951 6.30837
      vertex 14.1224 10.6053 6.03736
    endloop
  endfacet
  facet normal -0.98485 -0.0994623 -0.142046
    outer loop
      vertex 16.0131 25.436 24.4283
      vertex 15.9987 24.1723 25.413
      vertex 15.9987 25.4829 24.4953
    endloop
  endfacet
  facet normal -0.984808 -0.0996118 -0.142237
    outer loop
      vertex 15.9987 24.1723 25.413
      vertex 16.0131 25.436 24.4283
      vertex 16.0362 24.0503 25.2388
    endloop
  endfacet
  facet normal -0.98482 -0.0995778 -0.142178
    outer loop
      vertex 16.065 25.2671 24.1871
      vertex 16.0362 24.0503 25.2388
      vertex 16.0131 25.436 24.4283
    endloop
  endfacet
  facet normal -0.98485 -0.0994623 -0.142046
    outer loop
      vertex 16.0362 24.0503 25.2388
      vertex 16.065 25.2671 24.1871
      vertex 16.065 23.9565 25.1048
    endloop
  endfacet
  facet normal -0 0.57355 0.81917
    outer loop
      vertex 14.774 24.6458 23.2997
      vertex 15.156 23.3351 24.2174
      vertex 15.156 24.6458 23.2997
    endloop
  endfacet
  facet normal 0 0.57355 0.81917
    outer loop
      vertex 15.156 23.3351 24.2174
      vertex 14.774 24.6458 23.2997
      vertex 14.774 23.3351 24.2174
    endloop
  endfacet
  facet normal 0.342121 -0.53894 -0.769738
    outer loop
      vertex 14.774 24.5778 25.9922
      vertex 14.6959 25.8722 25.0512
      vertex 14.774 25.8885 25.0745
    endloop
  endfacet
  facet normal 0.341903 -0.538995 -0.769796
    outer loop
      vertex 14.6959 25.8722 25.0512
      vertex 14.774 24.5778 25.9922
      vertex 14.5711 24.5355 25.9317
    endloop
  endfacet
  facet normal -0.866006 -0.286821 -0.409594
    outer loop
      vertex 15.8907 24.2795 25.5662
      vertex 15.8076 25.6727 24.7663
      vertex 15.9571 25.5242 24.5542
    endloop
  endfacet
  facet normal -0.865849 -0.286951 -0.409836
    outer loop
      vertex 15.8076 25.6727 24.7663
      vertex 15.8907 24.2795 25.5662
      vertex 15.8076 24.362 25.684
    endloop
  endfacet
  facet normal -0.865501 0.287295 0.410328
    outer loop
      vertex 15.8076 23.5509 24.5256
      vertex 15.8492 24.9028 23.6668
      vertex 15.8076 24.8616 23.6079
    endloop
  endfacet
  facet normal -0.865999 0.286844 0.409593
    outer loop
      vertex 15.8492 24.9028 23.6668
      vertex 15.8076 23.5509 24.5256
      vertex 15.9156 23.6582 24.6788
    endloop
  endfacet
  facet normal 0.341879 -0.539058 -0.769763
    outer loop
      vertex 14.415 25.8135 24.9674
      vertex 14.5711 24.5355 25.9317
      vertex 14.415 24.5029 25.8852
    endloop
  endfacet
  facet normal 0.342241 -0.538949 -0.769679
    outer loop
      vertex 14.5711 24.5355 25.9317
      vertex 14.415 25.8135 24.9674
      vertex 14.6959 25.8722 25.0512
    endloop
  endfacet
  facet normal 0 -0.57355 -0.81917
    outer loop
      vertex 14.774 24.5778 25.9922
      vertex 15.156 25.8885 25.0745
      vertex 15.156 24.5778 25.9922
    endloop
  endfacet
  facet normal -0 -0.57355 -0.81917
    outer loop
      vertex 15.156 25.8885 25.0745
      vertex 14.774 24.5778 25.9922
      vertex 14.774 25.8885 25.0745
    endloop
  endfacet
  facet normal -0.341903 -0.538995 -0.769796
    outer loop
      vertex 15.156 24.5778 25.9922
      vertex 15.2341 25.8722 25.0512
      vertex 15.3589 24.5355 25.9317
    endloop
  endfacet
  facet normal -0.342121 -0.53894 -0.769738
    outer loop
      vertex 15.2341 25.8722 25.0512
      vertex 15.156 24.5778 25.9922
      vertex 15.156 25.8885 25.0745
    endloop
  endfacet
  facet normal -0.98482 0.0995778 0.142178
    outer loop
      vertex 15.9987 25.0513 23.8789
      vertex 16.0275 23.8345 24.9306
      vertex 16.0506 25.2202 24.1201
    endloop
  endfacet
  facet normal -0.98485 0.0994623 0.142046
    outer loop
      vertex 16.0275 23.8345 24.9306
      vertex 15.9987 25.0513 23.8789
      vertex 15.9987 23.7407 24.7966
    endloop
  endfacet
  facet normal -0.98485 0.0994623 0.142046
    outer loop
      vertex 16.0506 25.2202 24.1201
      vertex 16.065 23.9565 25.1048
      vertex 16.065 25.2671 24.1871
    endloop
  endfacet
  facet normal -0.984808 0.0996118 0.142237
    outer loop
      vertex 16.065 23.9565 25.1048
      vertex 16.0506 25.2202 24.1201
      vertex 16.0275 23.8345 24.9306
    endloop
  endfacet
  facet normal 0.865849 -0.286951 -0.409836
    outer loop
      vertex 14.0393 24.2795 25.5662
      vertex 14.1224 25.6727 24.7663
      vertex 14.1224 24.362 25.684
    endloop
  endfacet
  facet normal 0.866006 -0.286821 -0.409594
    outer loop
      vertex 14.1224 25.6727 24.7663
      vertex 14.0393 24.2795 25.5662
      vertex 13.9729 25.5242 24.5542
    endloop
  endfacet
  facet normal 0.98482 0.0995778 0.142178
    outer loop
      vertex 13.9025 23.8345 24.9306
      vertex 13.9313 25.0513 23.8789
      vertex 13.8794 25.2202 24.1201
    endloop
  endfacet
  facet normal 0.98485 0.0994623 0.142046
    outer loop
      vertex 13.9313 25.0513 23.8789
      vertex 13.9025 23.8345 24.9306
      vertex 13.9313 23.7407 24.7966
    endloop
  endfacet
  facet normal 0.642926 0.439323 0.627408
    outer loop
      vertex 14.2878 23.4713 24.4119
      vertex 14.415 24.7207 23.4067
      vertex 14.186 24.8309 23.5642
    endloop
  endfacet
  facet normal 0.642658 0.439482 0.627572
    outer loop
      vertex 14.415 24.7207 23.4067
      vertex 14.2878 23.4713 24.4119
      vertex 14.415 23.4101 24.3245
    endloop
  endfacet
  facet normal 0.98482 -0.0995778 -0.142178
    outer loop
      vertex 13.8938 24.0503 25.2388
      vertex 13.865 25.2671 24.1871
      vertex 13.9169 25.436 24.4283
    endloop
  endfacet
  facet normal 0.98485 -0.0994623 -0.142046
    outer loop
      vertex 13.865 25.2671 24.1871
      vertex 13.8938 24.0503 25.2388
      vertex 13.865 23.9565 25.1048
    endloop
  endfacet
  facet normal -0.866006 0.286836 0.409584
    outer loop
      vertex 15.9156 23.6582 24.6788
      vertex 15.9987 25.0513 23.8789
      vertex 15.8492 24.9028 23.6668
    endloop
  endfacet
  facet normal -0.865849 0.286965 0.409825
    outer loop
      vertex 15.9987 25.0513 23.8789
      vertex 15.9156 23.6582 24.6788
      vertex 15.9987 23.7407 24.7966
    endloop
  endfacet
  facet normal 0.98485 0.0994623 0.142046
    outer loop
      vertex 13.865 23.9565 25.1048
      vertex 13.8794 25.2202 24.1201
      vertex 13.865 25.2671 24.1871
    endloop
  endfacet
  facet normal 0.984808 0.0996118 0.142237
    outer loop
      vertex 13.8794 25.2202 24.1201
      vertex 13.865 23.9565 25.1048
      vertex 13.9025 23.8345 24.9306
    endloop
  endfacet
  facet normal 0.643063 0.439232 0.627331
    outer loop
      vertex 14.1224 23.5509 24.5256
      vertex 14.186 24.8309 23.5642
      vertex 14.1224 24.8616 23.6079
    endloop
  endfacet
  facet normal 0.642807 0.43937 0.627497
    outer loop
      vertex 14.186 24.8309 23.5642
      vertex 14.1224 23.5509 24.5256
      vertex 14.2878 23.4713 24.4119
    endloop
  endfacet
  facet normal 0.642742 -0.439442 -0.627514
    outer loop
      vertex 14.415 24.5029 25.8852
      vertex 14.1224 25.6727 24.7663
      vertex 14.415 25.8135 24.9674
    endloop
  endfacet
  facet normal 0.642956 -0.439284 -0.627405
    outer loop
      vertex 14.1224 25.6727 24.7663
      vertex 14.415 24.5029 25.8852
      vertex 14.1224 24.362 25.684
    endloop
  endfacet
  facet normal -0.341879 -0.539058 -0.769763
    outer loop
      vertex 15.3589 24.5355 25.9317
      vertex 15.515 25.8135 24.9674
      vertex 15.515 24.5029 25.8852
    endloop
  endfacet
  facet normal -0.342241 -0.538949 -0.769679
    outer loop
      vertex 15.515 25.8135 24.9674
      vertex 15.3589 24.5355 25.9317
      vertex 15.2341 25.8722 25.0512
    endloop
  endfacet
  facet normal -0.642742 -0.439442 -0.627514
    outer loop
      vertex 15.8076 25.6727 24.7663
      vertex 15.515 24.5029 25.8852
      vertex 15.515 25.8135 24.9674
    endloop
  endfacet
  facet normal -0.642956 -0.439284 -0.627405
    outer loop
      vertex 15.515 24.5029 25.8852
      vertex 15.8076 25.6727 24.7663
      vertex 15.8076 24.362 25.684
    endloop
  endfacet
  facet normal -0.865675 -0.287138 -0.410072
    outer loop
      vertex 15.9987 24.1723 25.413
      vertex 15.9571 25.5242 24.5542
      vertex 15.9987 25.4829 24.4953
    endloop
  endfacet
  facet normal -0.865933 -0.286904 -0.409691
    outer loop
      vertex 15.9571 25.5242 24.5542
      vertex 15.9987 24.1723 25.413
      vertex 15.8907 24.2795 25.5662
    endloop
  endfacet
  facet normal 0.341893 0.539055 0.769759
    outer loop
      vertex 14.415 23.4101 24.3245
      vertex 14.774 24.6458 23.2997
      vertex 14.415 24.7207 23.4067
    endloop
  endfacet
  facet normal 0.342215 0.538921 0.76971
    outer loop
      vertex 14.774 24.6458 23.2997
      vertex 14.415 23.4101 24.3245
      vertex 14.774 23.3351 24.2174
    endloop
  endfacet
  facet normal -0.642926 0.439323 0.627408
    outer loop
      vertex 15.515 24.7207 23.4067
      vertex 15.6422 23.4713 24.4119
      vertex 15.744 24.8309 23.5642
    endloop
  endfacet
  facet normal -0.642658 0.439482 0.627572
    outer loop
      vertex 15.6422 23.4713 24.4119
      vertex 15.515 24.7207 23.4067
      vertex 15.515 23.4101 24.3245
    endloop
  endfacet
  facet normal 0.865933 -0.286904 -0.409691
    outer loop
      vertex 13.9313 24.1723 25.413
      vertex 13.9729 25.5242 24.5542
      vertex 14.0393 24.2795 25.5662
    endloop
  endfacet
  facet normal 0.865675 -0.287138 -0.410072
    outer loop
      vertex 13.9729 25.5242 24.5542
      vertex 13.9313 24.1723 25.413
      vertex 13.9313 25.4829 24.4953
    endloop
  endfacet
  facet normal 0.865999 0.286844 0.409593
    outer loop
      vertex 14.1224 23.5509 24.5256
      vertex 14.0808 24.9028 23.6668
      vertex 14.0144 23.6582 24.6788
    endloop
  endfacet
  facet normal 0.865501 0.287295 0.410328
    outer loop
      vertex 14.0808 24.9028 23.6668
      vertex 14.1224 23.5509 24.5256
      vertex 14.1224 24.8616 23.6079
    endloop
  endfacet
  facet normal 0.865849 0.286965 0.409825
    outer loop
      vertex 14.0144 23.6582 24.6788
      vertex 13.9313 25.0513 23.8789
      vertex 13.9313 23.7407 24.7966
    endloop
  endfacet
  facet normal 0.866006 0.286836 0.409584
    outer loop
      vertex 13.9313 25.0513 23.8789
      vertex 14.0144 23.6582 24.6788
      vertex 14.0808 24.9028 23.6668
    endloop
  endfacet
  facet normal -0.341893 0.539055 0.769759
    outer loop
      vertex 15.156 24.6458 23.2997
      vertex 15.515 23.4101 24.3245
      vertex 15.515 24.7207 23.4067
    endloop
  endfacet
  facet normal -0.342215 0.538921 0.76971
    outer loop
      vertex 15.515 23.4101 24.3245
      vertex 15.156 24.6458 23.2997
      vertex 15.156 23.3351 24.2174
    endloop
  endfacet
  facet normal -0.643063 0.439232 0.627331
    outer loop
      vertex 15.744 24.8309 23.5642
      vertex 15.8076 23.5509 24.5256
      vertex 15.8076 24.8616 23.6079
    endloop
  endfacet
  facet normal -0.642807 0.43937 0.627497
    outer loop
      vertex 15.8076 23.5509 24.5256
      vertex 15.744 24.8309 23.5642
      vertex 15.6422 23.4713 24.4119
    endloop
  endfacet
  facet normal 0.98485 -0.0994623 -0.142046
    outer loop
      vertex 13.9313 24.1723 25.413
      vertex 13.9169 25.436 24.4283
      vertex 13.9313 25.4829 24.4953
    endloop
  endfacet
  facet normal 0.984808 -0.0996118 -0.142237
    outer loop
      vertex 13.9169 25.436 24.4283
      vertex 13.9313 24.1723 25.413
      vertex 13.8938 24.0503 25.2388
    endloop
  endfacet
  facet normal -0.996913 -0.0450351 -0.0643168
    outer loop
      vertex -12.465 20.4603 0
      vertex -12.4958 18.2858 2
      vertex -12.4958 21.1421 0
    endloop
  endfacet
  facet normal -0.996913 -0.0450351 -0.0643168
    outer loop
      vertex -12.4958 18.2858 2
      vertex -12.465 20.4603 0
      vertex -12.465 17.604 2
    endloop
  endfacet
  facet normal -0.852436 0.299887 0.428276
    outer loop
      vertex -12.9425 17.8983 0
      vertex -12.9189 15.6804 1.59999
      vertex -12.9044 18.0066 0
    endloop
  endfacet
  facet normal -0.852492 0.299833 0.428202
    outer loop
      vertex -12.9189 15.6804 1.59999
      vertex -12.9425 17.8983 0
      vertex -12.9425 15.6133 1.59999
    endloop
  endfacet
  facet normal 0.0785183 -0.571809 -0.81662
    outer loop
      vertex -15.3561 24.7652 0
      vertex -15.0648 22.5202 1.59999
      vertex -15.3561 22.4802 1.59999
    endloop
  endfacet
  facet normal 0.0785927 -0.5718 -0.81662
    outer loop
      vertex -15.0648 22.5202 1.59999
      vertex -15.3561 24.7652 0
      vertex -15.092 24.8015 0
    endloop
  endfacet
  facet normal -0.234087 -0.557627 -0.796401
    outer loop
      vertex -14.2885 22.3608 1.59999
      vertex -14.1925 24.6056 0
      vertex -14.1925 22.3205 1.59999
    endloop
  endfacet
  facet normal -0.233202 -0.557776 -0.796557
    outer loop
      vertex -14.1925 24.6056 0
      vertex -14.2885 22.3608 1.59999
      vertex -14.3152 24.6569 0
    endloop
  endfacet
  facet normal -0.649488 0.436121 0.622867
    outer loop
      vertex -13.2483 17.3022 0
      vertex -13.1972 15.0932 1.59999
      vertex -13.1972 17.3783 0
    endloop
  endfacet
  facet normal -0.648503 0.43663 0.623537
    outer loop
      vertex -13.1972 15.0932 1.59999
      vertex -13.2483 17.3022 0
      vertex -13.2277 15.0479 1.59999
    endloop
  endfacet
  facet normal 0.0784942 -0.571805 -0.816626
    outer loop
      vertex -15.092 24.8015 0
      vertex -14.965 22.5339 1.59999
      vertex -15.0648 22.5202 1.59999
    endloop
  endfacet
  facet normal 0.0783435 -0.571817 -0.816632
    outer loop
      vertex -14.965 22.5339 1.59999
      vertex -15.092 24.8015 0
      vertex -14.965 24.8189 0
    endloop
  endfacet
  facet normal 0.996905 0.0450909 0.0643987
    outer loop
      vertex -17.465 18.1752 1.59999
      vertex -17.4411 19.9319 0
      vertex -17.465 20.4603 0
    endloop
  endfacet
  facet normal 0.996921 0.0449531 0.0642476
    outer loop
      vertex -17.4411 19.9319 0
      vertex -17.465 18.1752 1.59999
      vertex -17.439 17.5986 1.59999
    endloop
  endfacet
  facet normal 0.233579 0.557698 0.796501
    outer loop
      vertex -15.7066 14.017 1.59999
      vertex -15.3561 16.1553 0
      vertex -15.6801 16.291 0
    endloop
  endfacet
  facet normal 0.233436 0.557733 0.796518
    outer loop
      vertex -15.3561 16.1553 0
      vertex -15.7066 14.017 1.59999
      vertex -15.3561 13.8703 1.59999
    endloop
  endfacet
  facet normal 0.972315 0.134035 0.191412
    outer loop
      vertex -17.4205 17.3936 1.59999
      vertex -17.3426 19.1134 0
      vertex -17.4142 19.6328 0
    endloop
  endfacet
  facet normal 0.972323 0.134013 0.191388
    outer loop
      vertex -17.3426 19.1134 0
      vertex -17.4205 17.3936 1.59999
      vertex -17.3426 16.8284 1.59999
    endloop
  endfacet
  facet normal -0.522528 0.489047 0.698425
    outer loop
      vertex -13.83 16.5767 0
      vertex -13.4955 14.6491 1.59999
      vertex -13.4955 16.9341 0
    endloop
  endfacet
  facet normal -0.522528 0.489047 0.698425
    outer loop
      vertex -13.4955 14.6491 1.59999
      vertex -13.83 16.5767 0
      vertex -13.83 14.2917 1.59999
    endloop
  endfacet
  facet normal -0.852884 -0.29945 -0.42769
    outer loop
      vertex -12.7375 22.439 0
      vertex -12.7804 20.276 1.59999
      vertex -12.7948 22.6022 0
    endloop
  endfacet
  facet normal -0.852406 -0.299921 -0.428313
    outer loop
      vertex -12.7375 22.439 0
      vertex -12.75 20.1896 1.59999
      vertex -12.7804 20.276 1.59999
    endloop
  endfacet
  facet normal -0.853049 -0.299309 -0.427459
    outer loop
      vertex -12.7375 19.5827 2
      vertex -12.75 20.1896 1.59999
      vertex -12.7375 22.439 0
    endloop
  endfacet
  facet normal -0.853553 -0.298863 -0.426766
    outer loop
      vertex -12.75 20.1896 1.59999
      vertex -12.7375 19.5827 2
      vertex -12.75 19.6184 2
    endloop
  endfacet
  facet normal 0.233212 0.557764 0.796562
    outer loop
      vertex -15.7375 14.03 1.59999
      vertex -15.6801 16.291 0
      vertex -15.7375 16.315 0
    endloop
  endfacet
  facet normal 0.234569 0.557553 0.796312
    outer loop
      vertex -15.6801 16.291 0
      vertex -15.7375 14.03 1.59999
      vertex -15.7066 14.017 1.59999
    endloop
  endfacet
  facet normal 0.649238 -0.436262 -0.623029
    outer loop
      vertex -16.5049 21.5965 1.59999
      vertex -16.7328 23.5423 0
      vertex -16.5255 23.8508 0
    endloop
  endfacet
  facet normal 0.649281 -0.436236 -0.623003
    outer loop
      vertex -16.7328 23.5423 0
      vertex -16.5049 21.5965 1.59999
      vertex -16.7328 21.2573 1.59999
    endloop
  endfacet
  facet normal -0.760517 -0.372436 -0.531888
    outer loop
      vertex -12.9425 23.0222 0
      vertex -13.1972 21.2573 1.59999
      vertex -13.1972 23.5423 0
    endloop
  endfacet
  facet normal -0.760517 -0.372436 -0.531888
    outer loop
      vertex -13.1972 21.2573 1.59999
      vertex -12.9425 23.0222 0
      vertex -12.9425 20.7372 1.59999
    endloop
  endfacet
  facet normal -0.382582 -0.529943 -0.75683
    outer loop
      vertex -14.1925 22.3205 1.59999
      vertex -13.83 24.3438 0
      vertex -13.83 22.0588 1.59999
    endloop
  endfacet
  facet normal -0.382698 -0.5299 -0.756801
    outer loop
      vertex -13.83 24.3438 0
      vertex -14.1925 22.3205 1.59999
      vertex -14.1925 24.6056 0
    endloop
  endfacet
  facet normal -0.923884 -0.219492 -0.313467
    outer loop
      vertex -12.5874 21.8072 0
      vertex -12.7375 19.5827 2
      vertex -12.7375 22.439 0
    endloop
  endfacet
  facet normal -0.923884 -0.219492 -0.313467
    outer loop
      vertex -12.7375 19.5827 2
      vertex -12.5874 21.8072 0
      vertex -12.5874 18.9509 2
    endloop
  endfacet
  facet normal -0.972501 0.133585 0.19078
    outer loop
      vertex -12.5158 19.6328 0
      vertex -12.4958 16.9221 2
      vertex -12.4958 19.7784 0
    endloop
  endfacet
  facet normal -0.972261 0.134181 0.191585
    outer loop
      vertex -12.4958 16.9221 2
      vertex -12.5158 19.6328 0
      vertex -12.508 16.8337 2
    endloop
  endfacet
  facet normal -0.382698 0.529916 0.756791
    outer loop
      vertex -14.1374 16.3547 0
      vertex -13.83 14.2917 1.59999
      vertex -13.83 16.5767 0
    endloop
  endfacet
  facet normal -0.382769 0.52989 0.756772
    outer loop
      vertex -13.83 14.2917 1.59999
      vertex -14.1374 16.3547 0
      vertex -14.1628 14.0513 1.59999
    endloop
  endfacet
  facet normal -0.972321 0.134036 0.191382
    outer loop
      vertex -12.5874 19.1134 0
      vertex -12.508 16.8337 2
      vertex -12.5158 19.6328 0
    endloop
  endfacet
  facet normal -0.97237 0.133899 0.191228
    outer loop
      vertex -12.508 16.8337 2
      vertex -12.5874 19.1134 0
      vertex -12.5874 16.2571 2
    endloop
  endfacet
  facet normal -0.923905 0.219462 0.313425
    outer loop
      vertex -12.7375 18.4815 0
      vertex -12.5874 16.2571 2
      vertex -12.5874 19.1134 0
    endloop
  endfacet
  facet normal -0.923905 0.219462 0.313425
    outer loop
      vertex -12.5874 16.2571 2
      vertex -12.7375 18.4815 0
      vertex -12.7375 15.6252 2
    endloop
  endfacet
  facet normal -0.0784942 -0.571805 -0.816626
    outer loop
      vertex -14.965 22.5339 1.59999
      vertex -14.838 24.8015 0
      vertex -14.8652 22.5202 1.59999
    endloop
  endfacet
  facet normal -0.0783435 -0.571817 -0.816632
    outer loop
      vertex -14.838 24.8015 0
      vertex -14.965 22.5339 1.59999
      vertex -14.965 24.8189 0
    endloop
  endfacet
  facet normal -0.233344 -0.557758 -0.796528
    outer loop
      vertex -14.5739 22.4802 1.59999
      vertex -14.3152 24.6569 0
      vertex -14.2885 22.3608 1.59999
    endloop
  endfacet
  facet normal -0.233482 -0.557727 -0.796509
    outer loop
      vertex -14.3152 24.6569 0
      vertex -14.5739 22.4802 1.59999
      vertex -14.5739 24.7652 0
    endloop
  endfacet
  facet normal 0.380426 0.530453 0.757559
    outer loop
      vertex -15.7375 16.315 0
      vertex -15.7672 14.0513 1.59999
      vertex -15.7375 14.03 1.59999
    endloop
  endfacet
  facet normal 0.381929 0.530083 0.757062
    outer loop
      vertex -15.7672 14.0513 1.59999
      vertex -15.7375 16.315 0
      vertex -15.7926 16.3547 0
    endloop
  endfacet
  facet normal -0.0783796 0.571811 0.816633
    outer loop
      vertex -14.965 16.1017 0
      vertex -14.6044 13.8661 1.59999
      vertex -14.6316 16.1474 0
    endloop
  endfacet
  facet normal -0.0784908 0.571794 0.816634
    outer loop
      vertex -14.6044 13.8661 1.59999
      vertex -14.965 16.1017 0
      vertex -14.965 13.8166 1.59999
    endloop
  endfacet
  facet normal 0.522517 -0.489037 -0.698441
    outer loop
      vertex -16.4345 23.9865 0
      vertex -16.1 22.0588 1.59999
      vertex -16.4345 21.7014 1.59999
    endloop
  endfacet
  facet normal 0.522421 -0.489085 -0.698478
    outer loop
      vertex -16.1 22.0588 1.59999
      vertex -16.4345 23.9865 0
      vertex -16.1 24.3438 0
    endloop
  endfacet
  facet normal -0.649238 -0.436262 -0.623029
    outer loop
      vertex -13.1972 23.5423 0
      vertex -13.4251 21.5965 1.59999
      vertex -13.4045 23.8508 0
    endloop
  endfacet
  facet normal -0.649281 -0.436236 -0.623003
    outer loop
      vertex -13.4251 21.5965 1.59999
      vertex -13.1972 23.5423 0
      vertex -13.1972 21.2573 1.59999
    endloop
  endfacet
  facet normal -0.649985 -0.435878 -0.622519
    outer loop
      vertex -13.4045 23.8508 0
      vertex -13.4955 21.7014 1.59999
      vertex -13.4955 23.9865 0
    endloop
  endfacet
  facet normal -0.649706 -0.436028 -0.622705
    outer loop
      vertex -13.4955 21.7014 1.59999
      vertex -13.4045 23.8508 0
      vertex -13.4251 21.5965 1.59999
    endloop
  endfacet
  facet normal -0.522517 -0.489037 -0.698441
    outer loop
      vertex -13.83 22.0588 1.59999
      vertex -13.4955 23.9865 0
      vertex -13.4955 21.7014 1.59999
    endloop
  endfacet
  facet normal -0.522421 -0.489085 -0.698478
    outer loop
      vertex -13.4955 23.9865 0
      vertex -13.83 22.0588 1.59999
      vertex -13.83 24.3438 0
    endloop
  endfacet
  facet normal -0.852523 -0.299804 -0.42816
    outer loop
      vertex -12.7948 22.6022 0
      vertex -12.9425 20.7372 1.59999
      vertex -12.9425 23.0222 0
    endloop
  endfacet
  facet normal -0.852635 -0.299679 -0.428025
    outer loop
      vertex -12.9425 20.7372 1.59999
      vertex -12.7948 22.6022 0
      vertex -12.7804 20.276 1.59999
    endloop
  endfacet
  facet normal -0.233579 0.557698 0.796501
    outer loop
      vertex -14.5739 16.1553 0
      vertex -14.2234 14.017 1.59999
      vertex -14.2499 16.291 0
    endloop
  endfacet
  facet normal -0.233436 0.557733 0.796518
    outer loop
      vertex -14.2234 14.017 1.59999
      vertex -14.5739 16.1553 0
      vertex -14.5739 13.8703 1.59999
    endloop
  endfacet
  facet normal -0.649462 0.43615 0.622874
    outer loop
      vertex -13.4955 16.9341 0
      vertex -13.2277 15.0479 1.59999
      vertex -13.2483 17.3022 0
    endloop
  endfacet
  facet normal -0.649483 0.436137 0.622862
    outer loop
      vertex -13.2277 15.0479 1.59999
      vertex -13.4955 16.9341 0
      vertex -13.4955 14.6491 1.59999
    endloop
  endfacet
  facet normal -0.760456 0.372477 0.531947
    outer loop
      vertex -13.1972 17.3783 0
      vertex -12.9425 15.6133 1.59999
      vertex -12.9425 17.8983 0
    endloop
  endfacet
  facet normal -0.760508 0.372431 0.531905
    outer loop
      vertex -12.9425 15.6133 1.59999
      vertex -13.1972 17.3783 0
      vertex -13.1972 15.0932 1.59999
    endloop
  endfacet
  facet normal -0.996943 0.0448137 0.064006
    outer loop
      vertex -12.4958 19.7784 0
      vertex -12.4916 17.0153 2
      vertex -12.4889 19.9319 0
    endloop
  endfacet
  facet normal -0.996928 0.0449259 0.064161
    outer loop
      vertex -12.4916 17.0153 2
      vertex -12.4958 19.7784 0
      vertex -12.4958 16.9221 2
    endloop
  endfacet
  facet normal -0.996905 0.0450909 0.0643966
    outer loop
      vertex -12.4889 19.9319 0
      vertex -12.465 17.604 2
      vertex -12.465 20.4603 0
    endloop
  endfacet
  facet normal -0.996911 0.0450447 0.0643429
    outer loop
      vertex -12.465 17.604 2
      vertex -12.4889 19.9319 0
      vertex -12.4916 17.0153 2
    endloop
  endfacet
  facet normal -0.972362 -0.133917 -0.191254
    outer loop
      vertex -12.4958 21.1421 0
      vertex -12.5874 18.9509 2
      vertex -12.5874 21.8072 0
    endloop
  endfacet
  facet normal -0.972362 -0.133917 -0.191254
    outer loop
      vertex -12.5874 18.9509 2
      vertex -12.4958 21.1421 0
      vertex -12.4958 18.2858 2
    endloop
  endfacet
  facet normal -0.0785183 -0.571809 -0.81662
    outer loop
      vertex -14.8652 22.5202 1.59999
      vertex -14.5739 24.7652 0
      vertex -14.5739 22.4802 1.59999
    endloop
  endfacet
  facet normal -0.0785927 -0.5718 -0.81662
    outer loop
      vertex -14.5739 24.7652 0
      vertex -14.8652 22.5202 1.59999
      vertex -14.838 24.8015 0
    endloop
  endfacet
  facet normal 0.234087 -0.557627 -0.796401
    outer loop
      vertex -15.7375 24.6056 0
      vertex -15.6415 22.3608 1.59999
      vertex -15.7375 22.3205 1.59999
    endloop
  endfacet
  facet normal 0.233202 -0.557776 -0.796557
    outer loop
      vertex -15.6415 22.3608 1.59999
      vertex -15.7375 24.6056 0
      vertex -15.6148 24.6569 0
    endloop
  endfacet
  facet normal 0.972361 -0.133917 -0.19126
    outer loop
      vertex -17.3426 19.5221 1.59999
      vertex -17.4342 21.1421 0
      vertex -17.3426 21.8072 0
    endloop
  endfacet
  facet normal 0.972355 -0.133936 -0.191279
    outer loop
      vertex -17.4342 21.1421 0
      vertex -17.3426 19.5221 1.59999
      vertex -17.4342 18.8571 1.59999
    endloop
  endfacet
  facet normal -0.0782907 0.57182 0.816635
    outer loop
      vertex -14.6316 16.1474 0
      vertex -14.5739 13.8703 1.59999
      vertex -14.5739 16.1553 0
    endloop
  endfacet
  facet normal -0.0787385 0.571792 0.816612
    outer loop
      vertex -14.5739 13.8703 1.59999
      vertex -14.6316 16.1474 0
      vertex -14.6044 13.8661 1.59999
    endloop
  endfacet
  facet normal 0.649985 -0.435878 -0.622519
    outer loop
      vertex -16.4345 21.7014 1.59999
      vertex -16.5255 23.8508 0
      vertex -16.4345 23.9865 0
    endloop
  endfacet
  facet normal 0.649706 -0.436028 -0.622705
    outer loop
      vertex -16.5255 23.8508 0
      vertex -16.4345 21.7014 1.59999
      vertex -16.5049 21.5965 1.59999
    endloop
  endfacet
  facet normal -0.852631 0.299707 0.428013
    outer loop
      vertex -12.9044 18.0066 0
      vertex -12.9189 15.6804 1.59999
      vertex -12.75 16.1609 1.59999
    endloop
  endfacet
  facet normal -0.85267 0.299664 0.427967
    outer loop
      vertex -12.75 16.1609 1.59999
      vertex -12.7375 18.4815 0
      vertex -12.9044 18.0066 0
    endloop
  endfacet
  facet normal -0.852713 0.299624 0.427908
    outer loop
      vertex -12.75 16.1609 1.59999
      vertex -12.7375 15.6252 2
      vertex -12.7375 18.4815 0
    endloop
  endfacet
  facet normal -0.852874 0.299464 0.427699
    outer loop
      vertex -12.7375 15.6252 2
      vertex -12.75 16.1609 1.59999
      vertex -12.75 15.5896 2
    endloop
  endfacet
  facet normal 0.382582 -0.529943 -0.75683
    outer loop
      vertex -16.1 24.3438 0
      vertex -15.7375 22.3205 1.59999
      vertex -16.1 22.0588 1.59999
    endloop
  endfacet
  facet normal 0.382698 -0.5299 -0.756801
    outer loop
      vertex -15.7375 22.3205 1.59999
      vertex -16.1 24.3438 0
      vertex -15.7375 24.6056 0
    endloop
  endfacet
  facet normal 0.233482 -0.557727 -0.796509
    outer loop
      vertex -15.3561 22.4802 1.59999
      vertex -15.6148 24.6569 0
      vertex -15.3561 24.7652 0
    endloop
  endfacet
  facet normal 0.233344 -0.557758 -0.796528
    outer loop
      vertex -15.6148 24.6569 0
      vertex -15.3561 22.4802 1.59999
      vertex -15.6415 22.3608 1.59999
    endloop
  endfacet
  facet normal 0.852436 0.299887 0.428276
    outer loop
      vertex -17.0111 15.6804 1.59999
      vertex -16.9875 17.8983 0
      vertex -17.0256 18.0066 0
    endloop
  endfacet
  facet normal 0.852492 0.299833 0.428202
    outer loop
      vertex -16.9875 17.8983 0
      vertex -17.0111 15.6804 1.59999
      vertex -16.9875 15.6133 1.59999
    endloop
  endfacet
  facet normal 0.923906 0.219462 0.313422
    outer loop
      vertex -17.3426 16.8284 1.59999
      vertex -17.1925 18.4815 0
      vertex -17.3426 19.1134 0
    endloop
  endfacet
  facet normal 0.923906 0.219462 0.313422
    outer loop
      vertex -17.1925 18.4815 0
      vertex -17.3426 16.8284 1.59999
      vertex -17.1925 16.1965 1.59999
    endloop
  endfacet
  facet normal 0.972501 0.133585 0.190778
    outer loop
      vertex -17.4342 17.4934 1.59999
      vertex -17.4142 19.6328 0
      vertex -17.4342 19.7784 0
    endloop
  endfacet
  facet normal 0.972534 0.133504 0.19067
    outer loop
      vertex -17.4142 19.6328 0
      vertex -17.4342 17.4934 1.59999
      vertex -17.4205 17.3936 1.59999
    endloop
  endfacet
  facet normal 0.852884 -0.29945 -0.42769
    outer loop
      vertex -17.1496 20.276 1.59999
      vertex -17.1925 22.439 0
      vertex -17.1352 22.6022 0
    endloop
  endfacet
  facet normal 0.852542 -0.299787 -0.428136
    outer loop
      vertex -17.1925 22.439 0
      vertex -17.1496 20.276 1.59999
      vertex -17.1925 20.154 1.59999
    endloop
  endfacet
  facet normal 0.852523 -0.299804 -0.42816
    outer loop
      vertex -16.9875 20.7372 1.59999
      vertex -17.1352 22.6022 0
      vertex -16.9875 23.0222 0
    endloop
  endfacet
  facet normal 0.852635 -0.299679 -0.428025
    outer loop
      vertex -17.1352 22.6022 0
      vertex -16.9875 20.7372 1.59999
      vertex -17.1496 20.276 1.59999
    endloop
  endfacet
  facet normal 0.649462 0.43615 0.622874
    outer loop
      vertex -16.7023 15.0479 1.59999
      vertex -16.4345 16.9341 0
      vertex -16.6817 17.3022 0
    endloop
  endfacet
  facet normal 0.649483 0.436137 0.622862
    outer loop
      vertex -16.4345 16.9341 0
      vertex -16.7023 15.0479 1.59999
      vertex -16.4345 14.6491 1.59999
    endloop
  endfacet
  facet normal 0.0782907 0.57182 0.816635
    outer loop
      vertex -15.3561 13.8703 1.59999
      vertex -15.2984 16.1474 0
      vertex -15.3561 16.1553 0
    endloop
  endfacet
  facet normal 0.0787385 0.571792 0.816612
    outer loop
      vertex -15.2984 16.1474 0
      vertex -15.3561 13.8703 1.59999
      vertex -15.3256 13.8661 1.59999
    endloop
  endfacet
  facet normal 0.0783796 0.571811 0.816633
    outer loop
      vertex -15.3256 13.8661 1.59999
      vertex -14.965 16.1017 0
      vertex -15.2984 16.1474 0
    endloop
  endfacet
  facet normal 0.0784908 0.571794 0.816634
    outer loop
      vertex -14.965 16.1017 0
      vertex -15.3256 13.8661 1.59999
      vertex -14.965 13.8166 1.59999
    endloop
  endfacet
  facet normal -0.233212 0.557764 0.796562
    outer loop
      vertex -14.2499 16.291 0
      vertex -14.1925 14.03 1.59999
      vertex -14.1925 16.315 0
    endloop
  endfacet
  facet normal -0.234569 0.557553 0.796312
    outer loop
      vertex -14.1925 14.03 1.59999
      vertex -14.2499 16.291 0
      vertex -14.2234 14.017 1.59999
    endloop
  endfacet
  facet normal 0.760517 -0.372436 -0.531888
    outer loop
      vertex -16.7328 21.2573 1.59999
      vertex -16.9875 23.0222 0
      vertex -16.7328 23.5423 0
    endloop
  endfacet
  facet normal 0.760517 -0.372436 -0.531888
    outer loop
      vertex -16.9875 23.0222 0
      vertex -16.7328 21.2573 1.59999
      vertex -16.9875 20.7372 1.59999
    endloop
  endfacet
  facet normal 0.382698 0.529916 0.756791
    outer loop
      vertex -16.1 14.2917 1.59999
      vertex -15.7926 16.3547 0
      vertex -16.1 16.5767 0
    endloop
  endfacet
  facet normal 0.382769 0.52989 0.756772
    outer loop
      vertex -15.7926 16.3547 0
      vertex -16.1 14.2917 1.59999
      vertex -15.7672 14.0513 1.59999
    endloop
  endfacet
  facet normal 0.522528 0.489047 0.698425
    outer loop
      vertex -16.4345 14.6491 1.59999
      vertex -16.1 16.5767 0
      vertex -16.4345 16.9341 0
    endloop
  endfacet
  facet normal 0.522528 0.489047 0.698425
    outer loop
      vertex -16.1 16.5767 0
      vertex -16.4345 14.6491 1.59999
      vertex -16.1 14.2917 1.59999
    endloop
  endfacet
  facet normal 0.852672 0.299665 0.427962
    outer loop
      vertex -17.1925 16.1965 1.59999
      vertex -17.0256 18.0066 0
      vertex -17.1925 18.4815 0
    endloop
  endfacet
  facet normal 0.852649 0.299691 0.427989
    outer loop
      vertex -17.0256 18.0066 0
      vertex -17.1925 16.1965 1.59999
      vertex -17.0111 15.6804 1.59999
    endloop
  endfacet
  facet normal 0.99694 0.0448136 0.0640442
    outer loop
      vertex -17.439 17.5986 1.59999
      vertex -17.4342 19.7784 0
      vertex -17.4411 19.9319 0
    endloop
  endfacet
  facet normal 0.996851 0.0454837 0.0649568
    outer loop
      vertex -17.4342 19.7784 0
      vertex -17.439 17.5986 1.59999
      vertex -17.4342 17.4934 1.59999
    endloop
  endfacet
  facet normal 0.923885 -0.219492 -0.313464
    outer loop
      vertex -17.1925 20.154 1.59999
      vertex -17.3426 21.8072 0
      vertex -17.1925 22.439 0
    endloop
  endfacet
  facet normal 0.923902 -0.219462 -0.313434
    outer loop
      vertex -17.3426 21.8072 0
      vertex -17.1925 20.154 1.59999
      vertex -17.3426 19.5221 1.59999
    endloop
  endfacet
  facet normal -0.381929 0.530083 0.757062
    outer loop
      vertex -14.1925 16.315 0
      vertex -14.1628 14.0513 1.59999
      vertex -14.1374 16.3547 0
    endloop
  endfacet
  facet normal -0.380426 0.530453 0.757559
    outer loop
      vertex -14.1628 14.0513 1.59999
      vertex -14.1925 16.315 0
      vertex -14.1925 14.03 1.59999
    endloop
  endfacet
  facet normal 0.649488 0.436121 0.622867
    outer loop
      vertex -16.7328 15.0932 1.59999
      vertex -16.6817 17.3022 0
      vertex -16.7328 17.3783 0
    endloop
  endfacet
  facet normal 0.648503 0.43663 0.623537
    outer loop
      vertex -16.6817 17.3022 0
      vertex -16.7328 15.0932 1.59999
      vertex -16.7023 15.0479 1.59999
    endloop
  endfacet
  facet normal 0.760456 0.372477 0.531947
    outer loop
      vertex -16.9875 15.6133 1.59999
      vertex -16.7328 17.3783 0
      vertex -16.9875 17.8983 0
    endloop
  endfacet
  facet normal 0.760508 0.372431 0.531905
    outer loop
      vertex -16.7328 17.3783 0
      vertex -16.9875 15.6133 1.59999
      vertex -16.7328 15.0932 1.59999
    endloop
  endfacet
  facet normal 0.996913 -0.0450351 -0.0643161
    outer loop
      vertex -17.4342 18.8571 1.59999
      vertex -17.465 20.4603 0
      vertex -17.4342 21.1421 0
    endloop
  endfacet
  facet normal 0.996914 -0.0450285 -0.0643096
    outer loop
      vertex -17.465 20.4603 0
      vertex -17.4342 18.8571 1.59999
      vertex -17.465 18.1752 1.59999
    endloop
  endfacet
  facet normal -0.852436 0.299887 0.428276
    outer loop
      vertex 16.9875 17.8983 0
      vertex 17.0111 15.6804 1.59999
      vertex 17.0256 18.0066 0
    endloop
  endfacet
  facet normal -0.852492 0.299833 0.428202
    outer loop
      vertex 17.0111 15.6804 1.59999
      vertex 16.9875 17.8983 0
      vertex 16.9875 15.6133 1.59999
    endloop
  endfacet
  facet normal -0.972501 0.133585 0.190778
    outer loop
      vertex 17.4142 19.6328 0
      vertex 17.4342 17.4934 1.59999
      vertex 17.4342 19.7784 0
    endloop
  endfacet
  facet normal -0.972534 0.133504 0.19067
    outer loop
      vertex 17.4342 17.4934 1.59999
      vertex 17.4142 19.6328 0
      vertex 17.4205 17.3936 1.59999
    endloop
  endfacet
  facet normal -0.996913 -0.0450351 -0.0643161
    outer loop
      vertex 17.465 20.4603 0
      vertex 17.4342 18.8571 1.59999
      vertex 17.4342 21.1421 0
    endloop
  endfacet
  facet normal -0.996914 -0.0450285 -0.0643096
    outer loop
      vertex 17.4342 18.8571 1.59999
      vertex 17.465 20.4603 0
      vertex 17.465 18.1752 1.59999
    endloop
  endfacet
  facet normal -0.972315 0.134035 0.191412
    outer loop
      vertex 17.3426 19.1134 0
      vertex 17.4205 17.3936 1.59999
      vertex 17.4142 19.6328 0
    endloop
  endfacet
  facet normal -0.972323 0.134013 0.191388
    outer loop
      vertex 17.4205 17.3936 1.59999
      vertex 17.3426 19.1134 0
      vertex 17.3426 16.8284 1.59999
    endloop
  endfacet
  facet normal 0.972362 -0.133917 -0.191254
    outer loop
      vertex 12.5874 18.9509 2
      vertex 12.4958 21.1421 0
      vertex 12.5874 21.8072 0
    endloop
  endfacet
  facet normal 0.972362 -0.133917 -0.191254
    outer loop
      vertex 12.4958 21.1421 0
      vertex 12.5874 18.9509 2
      vertex 12.4958 18.2858 2
    endloop
  endfacet
  facet normal -0.382698 0.529916 0.756791
    outer loop
      vertex 15.7926 16.3547 0
      vertex 16.1 14.2917 1.59999
      vertex 16.1 16.5767 0
    endloop
  endfacet
  facet normal -0.382769 0.52989 0.756772
    outer loop
      vertex 16.1 14.2917 1.59999
      vertex 15.7926 16.3547 0
      vertex 15.7672 14.0513 1.59999
    endloop
  endfacet
  facet normal 0.649985 -0.435878 -0.622519
    outer loop
      vertex 13.4955 21.7014 1.59999
      vertex 13.4045 23.8508 0
      vertex 13.4955 23.9865 0
    endloop
  endfacet
  facet normal 0.649706 -0.436028 -0.622705
    outer loop
      vertex 13.4045 23.8508 0
      vertex 13.4955 21.7014 1.59999
      vertex 13.4251 21.5965 1.59999
    endloop
  endfacet
  facet normal 0.0784942 -0.571805 -0.816626
    outer loop
      vertex 14.838 24.8015 0
      vertex 14.965 22.5339 1.59999
      vertex 14.8652 22.5202 1.59999
    endloop
  endfacet
  facet normal 0.0783435 -0.571817 -0.816632
    outer loop
      vertex 14.965 22.5339 1.59999
      vertex 14.838 24.8015 0
      vertex 14.965 24.8189 0
    endloop
  endfacet
  facet normal -0.0784942 -0.571805 -0.816626
    outer loop
      vertex 14.965 22.5339 1.59999
      vertex 15.092 24.8015 0
      vertex 15.0648 22.5202 1.59999
    endloop
  endfacet
  facet normal -0.0783435 -0.571817 -0.816632
    outer loop
      vertex 15.092 24.8015 0
      vertex 14.965 22.5339 1.59999
      vertex 14.965 24.8189 0
    endloop
  endfacet
  facet normal 0.234087 -0.557627 -0.796401
    outer loop
      vertex 14.1925 24.6056 0
      vertex 14.2885 22.3608 1.59999
      vertex 14.1925 22.3205 1.59999
    endloop
  endfacet
  facet normal 0.233202 -0.557776 -0.796557
    outer loop
      vertex 14.2885 22.3608 1.59999
      vertex 14.1925 24.6056 0
      vertex 14.3152 24.6569 0
    endloop
  endfacet
  facet normal -0.0783796 0.571811 0.816633
    outer loop
      vertex 14.965 16.1017 0
      vertex 15.3256 13.8661 1.59999
      vertex 15.2984 16.1474 0
    endloop
  endfacet
  facet normal -0.0784908 0.571794 0.816634
    outer loop
      vertex 15.3256 13.8661 1.59999
      vertex 14.965 16.1017 0
      vertex 14.965 13.8166 1.59999
    endloop
  endfacet
  facet normal -0.649985 -0.435878 -0.622519
    outer loop
      vertex 16.5255 23.8508 0
      vertex 16.4345 21.7014 1.59999
      vertex 16.4345 23.9865 0
    endloop
  endfacet
  facet normal -0.649706 -0.436028 -0.622705
    outer loop
      vertex 16.4345 21.7014 1.59999
      vertex 16.5255 23.8508 0
      vertex 16.5049 21.5965 1.59999
    endloop
  endfacet
  facet normal -0.649238 -0.436262 -0.623029
    outer loop
      vertex 16.7328 23.5423 0
      vertex 16.5049 21.5965 1.59999
      vertex 16.5255 23.8508 0
    endloop
  endfacet
  facet normal -0.649281 -0.436236 -0.623003
    outer loop
      vertex 16.5049 21.5965 1.59999
      vertex 16.7328 23.5423 0
      vertex 16.7328 21.2573 1.59999
    endloop
  endfacet
  facet normal 0.0783796 0.571811 0.816633
    outer loop
      vertex 14.6044 13.8661 1.59999
      vertex 14.965 16.1017 0
      vertex 14.6316 16.1474 0
    endloop
  endfacet
  facet normal 0.0784908 0.571794 0.816634
    outer loop
      vertex 14.965 16.1017 0
      vertex 14.6044 13.8661 1.59999
      vertex 14.965 13.8166 1.59999
    endloop
  endfacet
  facet normal -0.0782907 0.57182 0.816635
    outer loop
      vertex 15.2984 16.1474 0
      vertex 15.3561 13.8703 1.59999
      vertex 15.3561 16.1553 0
    endloop
  endfacet
  facet normal -0.0787385 0.571792 0.816612
    outer loop
      vertex 15.3561 13.8703 1.59999
      vertex 15.2984 16.1474 0
      vertex 15.3256 13.8661 1.59999
    endloop
  endfacet
  facet normal -0.852884 -0.29945 -0.42769
    outer loop
      vertex 17.1925 22.439 0
      vertex 17.1496 20.276 1.59999
      vertex 17.1352 22.6022 0
    endloop
  endfacet
  facet normal -0.852542 -0.299787 -0.428136
    outer loop
      vertex 17.1496 20.276 1.59999
      vertex 17.1925 22.439 0
      vertex 17.1925 20.154 1.59999
    endloop
  endfacet
  facet normal -0.852523 -0.299804 -0.42816
    outer loop
      vertex 17.1352 22.6022 0
      vertex 16.9875 20.7372 1.59999
      vertex 16.9875 23.0222 0
    endloop
  endfacet
  facet normal -0.852635 -0.299679 -0.428025
    outer loop
      vertex 16.9875 20.7372 1.59999
      vertex 17.1352 22.6022 0
      vertex 17.1496 20.276 1.59999
    endloop
  endfacet
  facet normal -0.760517 -0.372436 -0.531888
    outer loop
      vertex 16.9875 23.0222 0
      vertex 16.7328 21.2573 1.59999
      vertex 16.7328 23.5423 0
    endloop
  endfacet
  facet normal -0.760517 -0.372436 -0.531888
    outer loop
      vertex 16.7328 21.2573 1.59999
      vertex 16.9875 23.0222 0
      vertex 16.9875 20.7372 1.59999
    endloop
  endfacet
  facet normal -0.234087 -0.557627 -0.796401
    outer loop
      vertex 15.6415 22.3608 1.59999
      vertex 15.7375 24.6056 0
      vertex 15.7375 22.3205 1.59999
    endloop
  endfacet
  facet normal -0.233202 -0.557776 -0.796557
    outer loop
      vertex 15.7375 24.6056 0
      vertex 15.6415 22.3608 1.59999
      vertex 15.6148 24.6569 0
    endloop
  endfacet
  facet normal -0.923885 -0.219492 -0.313464
    outer loop
      vertex 17.3426 21.8072 0
      vertex 17.1925 20.154 1.59999
      vertex 17.1925 22.439 0
    endloop
  endfacet
  facet normal -0.923902 -0.219462 -0.313434
    outer loop
      vertex 17.1925 20.154 1.59999
      vertex 17.3426 21.8072 0
      vertex 17.3426 19.5221 1.59999
    endloop
  endfacet
  facet normal -0.923906 0.219462 0.313422
    outer loop
      vertex 17.1925 18.4815 0
      vertex 17.3426 16.8284 1.59999
      vertex 17.3426 19.1134 0
    endloop
  endfacet
  facet normal -0.923906 0.219462 0.313422
    outer loop
      vertex 17.3426 16.8284 1.59999
      vertex 17.1925 18.4815 0
      vertex 17.1925 16.1965 1.59999
    endloop
  endfacet
  facet normal -0.649488 0.436121 0.622867
    outer loop
      vertex 16.6817 17.3022 0
      vertex 16.7328 15.0932 1.59999
      vertex 16.7328 17.3783 0
    endloop
  endfacet
  facet normal -0.648503 0.43663 0.623537
    outer loop
      vertex 16.7328 15.0932 1.59999
      vertex 16.6817 17.3022 0
      vertex 16.7023 15.0479 1.59999
    endloop
  endfacet
  facet normal 0.649238 -0.436262 -0.623029
    outer loop
      vertex 13.4251 21.5965 1.59999
      vertex 13.1972 23.5423 0
      vertex 13.4045 23.8508 0
    endloop
  endfacet
  facet normal 0.649281 -0.436236 -0.623003
    outer loop
      vertex 13.1972 23.5423 0
      vertex 13.4251 21.5965 1.59999
      vertex 13.1972 21.2573 1.59999
    endloop
  endfacet
  facet normal 0.852523 -0.299804 -0.42816
    outer loop
      vertex 12.9425 20.7372 1.59999
      vertex 12.7948 22.6022 0
      vertex 12.9425 23.0222 0
    endloop
  endfacet
  facet normal 0.852635 -0.299679 -0.428025
    outer loop
      vertex 12.7948 22.6022 0
      vertex 12.9425 20.7372 1.59999
      vertex 12.7804 20.276 1.59999
    endloop
  endfacet
  facet normal 0.852884 -0.29945 -0.42769
    outer loop
      vertex 12.7804 20.276 1.59999
      vertex 12.7375 22.439 0
      vertex 12.7948 22.6022 0
    endloop
  endfacet
  facet normal 0.852406 -0.299921 -0.428313
    outer loop
      vertex 12.75 20.1896 1.59999
      vertex 12.7375 22.439 0
      vertex 12.7804 20.276 1.59999
    endloop
  endfacet
  facet normal 0.853553 -0.298863 -0.426766
    outer loop
      vertex 12.7375 19.5827 2
      vertex 12.75 20.1896 1.59999
      vertex 12.75 19.6184 2
    endloop
  endfacet
  facet normal 0.853049 -0.299309 -0.427459
    outer loop
      vertex 12.75 20.1896 1.59999
      vertex 12.7375 19.5827 2
      vertex 12.7375 22.439 0
    endloop
  endfacet
  facet normal -0.522517 -0.489037 -0.698441
    outer loop
      vertex 16.1 22.0588 1.59999
      vertex 16.4345 23.9865 0
      vertex 16.4345 21.7014 1.59999
    endloop
  endfacet
  facet normal -0.522421 -0.489085 -0.698478
    outer loop
      vertex 16.4345 23.9865 0
      vertex 16.1 22.0588 1.59999
      vertex 16.1 24.3438 0
    endloop
  endfacet
  facet normal -0.233344 -0.557758 -0.796528
    outer loop
      vertex 15.3561 22.4802 1.59999
      vertex 15.6148 24.6569 0
      vertex 15.6415 22.3608 1.59999
    endloop
  endfacet
  facet normal -0.233482 -0.557727 -0.796509
    outer loop
      vertex 15.6148 24.6569 0
      vertex 15.3561 22.4802 1.59999
      vertex 15.3561 24.7652 0
    endloop
  endfacet
  facet normal -0.0785183 -0.571809 -0.81662
    outer loop
      vertex 15.0648 22.5202 1.59999
      vertex 15.3561 24.7652 0
      vertex 15.3561 22.4802 1.59999
    endloop
  endfacet
  facet normal -0.0785927 -0.5718 -0.81662
    outer loop
      vertex 15.3561 24.7652 0
      vertex 15.0648 22.5202 1.59999
      vertex 15.092 24.8015 0
    endloop
  endfacet
  facet normal -0.99694 0.0448136 0.0640442
    outer loop
      vertex 17.4342 19.7784 0
      vertex 17.439 17.5986 1.59999
      vertex 17.4411 19.9319 0
    endloop
  endfacet
  facet normal -0.996851 0.0454837 0.0649568
    outer loop
      vertex 17.439 17.5986 1.59999
      vertex 17.4342 19.7784 0
      vertex 17.4342 17.4934 1.59999
    endloop
  endfacet
  facet normal -0.996905 0.0450909 0.0643987
    outer loop
      vertex 17.4411 19.9319 0
      vertex 17.465 18.1752 1.59999
      vertex 17.465 20.4603 0
    endloop
  endfacet
  facet normal -0.996921 0.0449531 0.0642476
    outer loop
      vertex 17.465 18.1752 1.59999
      vertex 17.4411 19.9319 0
      vertex 17.439 17.5986 1.59999
    endloop
  endfacet
  facet normal -0.972361 -0.133917 -0.19126
    outer loop
      vertex 17.4342 21.1421 0
      vertex 17.3426 19.5221 1.59999
      vertex 17.3426 21.8072 0
    endloop
  endfacet
  facet normal -0.972355 -0.133936 -0.191279
    outer loop
      vertex 17.3426 19.5221 1.59999
      vertex 17.4342 21.1421 0
      vertex 17.4342 18.8571 1.59999
    endloop
  endfacet
  facet normal 0.996905 0.0450909 0.0643966
    outer loop
      vertex 12.465 17.604 2
      vertex 12.4889 19.9319 0
      vertex 12.465 20.4603 0
    endloop
  endfacet
  facet normal 0.996911 0.0450447 0.0643429
    outer loop
      vertex 12.4889 19.9319 0
      vertex 12.465 17.604 2
      vertex 12.4916 17.0153 2
    endloop
  endfacet
  facet normal -0.649462 0.43615 0.622874
    outer loop
      vertex 16.4345 16.9341 0
      vertex 16.7023 15.0479 1.59999
      vertex 16.6817 17.3022 0
    endloop
  endfacet
  facet normal -0.649483 0.436137 0.622862
    outer loop
      vertex 16.7023 15.0479 1.59999
      vertex 16.4345 16.9341 0
      vertex 16.4345 14.6491 1.59999
    endloop
  endfacet
  facet normal 0.649488 0.436121 0.622867
    outer loop
      vertex 13.1972 15.0932 1.59999
      vertex 13.2483 17.3022 0
      vertex 13.1972 17.3783 0
    endloop
  endfacet
  facet normal 0.648503 0.43663 0.623537
    outer loop
      vertex 13.2483 17.3022 0
      vertex 13.1972 15.0932 1.59999
      vertex 13.2277 15.0479 1.59999
    endloop
  endfacet
  facet normal -0.233579 0.557698 0.796501
    outer loop
      vertex 15.3561 16.1553 0
      vertex 15.7066 14.017 1.59999
      vertex 15.6801 16.291 0
    endloop
  endfacet
  facet normal -0.233436 0.557733 0.796518
    outer loop
      vertex 15.7066 14.017 1.59999
      vertex 15.3561 16.1553 0
      vertex 15.3561 13.8703 1.59999
    endloop
  endfacet
  facet normal 0.0782907 0.57182 0.816635
    outer loop
      vertex 14.5739 13.8703 1.59999
      vertex 14.6316 16.1474 0
      vertex 14.5739 16.1553 0
    endloop
  endfacet
  facet normal 0.0787385 0.571792 0.816612
    outer loop
      vertex 14.6316 16.1474 0
      vertex 14.5739 13.8703 1.59999
      vertex 14.6044 13.8661 1.59999
    endloop
  endfacet
  facet normal 0.972321 0.134036 0.191382
    outer loop
      vertex 12.508 16.8337 2
      vertex 12.5874 19.1134 0
      vertex 12.5158 19.6328 0
    endloop
  endfacet
  facet normal 0.97237 0.133899 0.191228
    outer loop
      vertex 12.5874 19.1134 0
      vertex 12.508 16.8337 2
      vertex 12.5874 16.2571 2
    endloop
  endfacet
  facet normal 0.996913 -0.0450351 -0.0643168
    outer loop
      vertex 12.4958 18.2858 2
      vertex 12.465 20.4603 0
      vertex 12.4958 21.1421 0
    endloop
  endfacet
  facet normal 0.996913 -0.0450351 -0.0643168
    outer loop
      vertex 12.465 20.4603 0
      vertex 12.4958 18.2858 2
      vertex 12.465 17.604 2
    endloop
  endfacet
  facet normal 0.923884 -0.219492 -0.313467
    outer loop
      vertex 12.7375 19.5827 2
      vertex 12.5874 21.8072 0
      vertex 12.7375 22.439 0
    endloop
  endfacet
  facet normal 0.923884 -0.219492 -0.313467
    outer loop
      vertex 12.5874 21.8072 0
      vertex 12.7375 19.5827 2
      vertex 12.5874 18.9509 2
    endloop
  endfacet
  facet normal 0.382582 -0.529943 -0.75683
    outer loop
      vertex 13.83 24.3438 0
      vertex 14.1925 22.3205 1.59999
      vertex 13.83 22.0588 1.59999
    endloop
  endfacet
  facet normal 0.382698 -0.5299 -0.756801
    outer loop
      vertex 14.1925 22.3205 1.59999
      vertex 13.83 24.3438 0
      vertex 14.1925 24.6056 0
    endloop
  endfacet
  facet normal -0.382582 -0.529943 -0.75683
    outer loop
      vertex 15.7375 22.3205 1.59999
      vertex 16.1 24.3438 0
      vertex 16.1 22.0588 1.59999
    endloop
  endfacet
  facet normal -0.382698 -0.5299 -0.756801
    outer loop
      vertex 16.1 24.3438 0
      vertex 15.7375 22.3205 1.59999
      vertex 15.7375 24.6056 0
    endloop
  endfacet
  facet normal 0.972501 0.133585 0.19078
    outer loop
      vertex 12.4958 16.9221 2
      vertex 12.5158 19.6328 0
      vertex 12.4958 19.7784 0
    endloop
  endfacet
  facet normal 0.972261 0.134181 0.191585
    outer loop
      vertex 12.5158 19.6328 0
      vertex 12.4958 16.9221 2
      vertex 12.508 16.8337 2
    endloop
  endfacet
  facet normal 0.996943 0.0448137 0.064006
    outer loop
      vertex 12.4916 17.0153 2
      vertex 12.4958 19.7784 0
      vertex 12.4889 19.9319 0
    endloop
  endfacet
  facet normal 0.996928 0.0449259 0.064161
    outer loop
      vertex 12.4958 19.7784 0
      vertex 12.4916 17.0153 2
      vertex 12.4958 16.9221 2
    endloop
  endfacet
  facet normal 0.522528 0.489047 0.698425
    outer loop
      vertex 13.4955 14.6491 1.59999
      vertex 13.83 16.5767 0
      vertex 13.4955 16.9341 0
    endloop
  endfacet
  facet normal 0.522528 0.489047 0.698425
    outer loop
      vertex 13.83 16.5767 0
      vertex 13.4955 14.6491 1.59999
      vertex 13.83 14.2917 1.59999
    endloop
  endfacet
  facet normal 0.760456 0.372477 0.531947
    outer loop
      vertex 12.9425 15.6133 1.59999
      vertex 13.1972 17.3783 0
      vertex 12.9425 17.8983 0
    endloop
  endfacet
  facet normal 0.760508 0.372431 0.531905
    outer loop
      vertex 13.1972 17.3783 0
      vertex 12.9425 15.6133 1.59999
      vertex 13.1972 15.0932 1.59999
    endloop
  endfacet
  facet normal 0.649462 0.43615 0.622874
    outer loop
      vertex 13.2277 15.0479 1.59999
      vertex 13.4955 16.9341 0
      vertex 13.2483 17.3022 0
    endloop
  endfacet
  facet normal 0.649483 0.436137 0.622862
    outer loop
      vertex 13.4955 16.9341 0
      vertex 13.2277 15.0479 1.59999
      vertex 13.4955 14.6491 1.59999
    endloop
  endfacet
  facet normal 0.85267 0.299664 0.427967
    outer loop
      vertex 12.7375 18.4815 0
      vertex 12.75 16.1609 1.59999
      vertex 12.9044 18.0066 0
    endloop
  endfacet
  facet normal 0.852713 0.299624 0.427908
    outer loop
      vertex 12.7375 15.6252 2
      vertex 12.75 16.1609 1.59999
      vertex 12.7375 18.4815 0
    endloop
  endfacet
  facet normal 0.852874 0.299464 0.427699
    outer loop
      vertex 12.75 16.1609 1.59999
      vertex 12.7375 15.6252 2
      vertex 12.75 15.5896 2
    endloop
  endfacet
  facet normal 0.852631 0.299707 0.428013
    outer loop
      vertex 12.9044 18.0066 0
      vertex 12.75 16.1609 1.59999
      vertex 12.9189 15.6804 1.59999
    endloop
  endfacet
  facet normal 0.233482 -0.557727 -0.796509
    outer loop
      vertex 14.5739 22.4802 1.59999
      vertex 14.3152 24.6569 0
      vertex 14.5739 24.7652 0
    endloop
  endfacet
  facet normal 0.233344 -0.557758 -0.796528
    outer loop
      vertex 14.3152 24.6569 0
      vertex 14.5739 22.4802 1.59999
      vertex 14.2885 22.3608 1.59999
    endloop
  endfacet
  facet normal 0.522517 -0.489037 -0.698441
    outer loop
      vertex 13.4955 23.9865 0
      vertex 13.83 22.0588 1.59999
      vertex 13.4955 21.7014 1.59999
    endloop
  endfacet
  facet normal 0.522421 -0.489085 -0.698478
    outer loop
      vertex 13.83 22.0588 1.59999
      vertex 13.4955 23.9865 0
      vertex 13.83 24.3438 0
    endloop
  endfacet
  facet normal -0.760456 0.372477 0.531947
    outer loop
      vertex 16.7328 17.3783 0
      vertex 16.9875 15.6133 1.59999
      vertex 16.9875 17.8983 0
    endloop
  endfacet
  facet normal -0.760508 0.372431 0.531905
    outer loop
      vertex 16.9875 15.6133 1.59999
      vertex 16.7328 17.3783 0
      vertex 16.7328 15.0932 1.59999
    endloop
  endfacet
  facet normal 0.923905 0.219462 0.313425
    outer loop
      vertex 12.5874 16.2571 2
      vertex 12.7375 18.4815 0
      vertex 12.5874 19.1134 0
    endloop
  endfacet
  facet normal 0.923905 0.219462 0.313425
    outer loop
      vertex 12.7375 18.4815 0
      vertex 12.5874 16.2571 2
      vertex 12.7375 15.6252 2
    endloop
  endfacet
  facet normal 0.233579 0.557698 0.796501
    outer loop
      vertex 14.2234 14.017 1.59999
      vertex 14.5739 16.1553 0
      vertex 14.2499 16.291 0
    endloop
  endfacet
  facet normal 0.233436 0.557733 0.796518
    outer loop
      vertex 14.5739 16.1553 0
      vertex 14.2234 14.017 1.59999
      vertex 14.5739 13.8703 1.59999
    endloop
  endfacet
  facet normal 0.233212 0.557764 0.796562
    outer loop
      vertex 14.1925 14.03 1.59999
      vertex 14.2499 16.291 0
      vertex 14.1925 16.315 0
    endloop
  endfacet
  facet normal 0.234569 0.557553 0.796312
    outer loop
      vertex 14.2499 16.291 0
      vertex 14.1925 14.03 1.59999
      vertex 14.2234 14.017 1.59999
    endloop
  endfacet
  facet normal 0.852436 0.299887 0.428276
    outer loop
      vertex 12.9189 15.6804 1.59999
      vertex 12.9425 17.8983 0
      vertex 12.9044 18.0066 0
    endloop
  endfacet
  facet normal 0.852492 0.299833 0.428202
    outer loop
      vertex 12.9425 17.8983 0
      vertex 12.9189 15.6804 1.59999
      vertex 12.9425 15.6133 1.59999
    endloop
  endfacet
  facet normal -0.522528 0.489047 0.698425
    outer loop
      vertex 16.1 16.5767 0
      vertex 16.4345 14.6491 1.59999
      vertex 16.4345 16.9341 0
    endloop
  endfacet
  facet normal -0.522528 0.489047 0.698425
    outer loop
      vertex 16.4345 14.6491 1.59999
      vertex 16.1 16.5767 0
      vertex 16.1 14.2917 1.59999
    endloop
  endfacet
  facet normal -0.381929 0.530083 0.757062
    outer loop
      vertex 15.7375 16.315 0
      vertex 15.7672 14.0513 1.59999
      vertex 15.7926 16.3547 0
    endloop
  endfacet
  facet normal -0.380426 0.530453 0.757559
    outer loop
      vertex 15.7672 14.0513 1.59999
      vertex 15.7375 16.315 0
      vertex 15.7375 14.03 1.59999
    endloop
  endfacet
  facet normal -0.233212 0.557764 0.796562
    outer loop
      vertex 15.6801 16.291 0
      vertex 15.7375 14.03 1.59999
      vertex 15.7375 16.315 0
    endloop
  endfacet
  facet normal -0.234569 0.557553 0.796312
    outer loop
      vertex 15.7375 14.03 1.59999
      vertex 15.6801 16.291 0
      vertex 15.7066 14.017 1.59999
    endloop
  endfacet
  facet normal 0.760517 -0.372436 -0.531888
    outer loop
      vertex 13.1972 21.2573 1.59999
      vertex 12.9425 23.0222 0
      vertex 13.1972 23.5423 0
    endloop
  endfacet
  facet normal 0.760517 -0.372436 -0.531888
    outer loop
      vertex 12.9425 23.0222 0
      vertex 13.1972 21.2573 1.59999
      vertex 12.9425 20.7372 1.59999
    endloop
  endfacet
  facet normal 0.0785183 -0.571809 -0.81662
    outer loop
      vertex 14.5739 24.7652 0
      vertex 14.8652 22.5202 1.59999
      vertex 14.5739 22.4802 1.59999
    endloop
  endfacet
  facet normal 0.0785927 -0.5718 -0.81662
    outer loop
      vertex 14.8652 22.5202 1.59999
      vertex 14.5739 24.7652 0
      vertex 14.838 24.8015 0
    endloop
  endfacet
  facet normal -0.852672 0.299665 0.427962
    outer loop
      vertex 17.0256 18.0066 0
      vertex 17.1925 16.1965 1.59999
      vertex 17.1925 18.4815 0
    endloop
  endfacet
  facet normal -0.852649 0.299691 0.427989
    outer loop
      vertex 17.1925 16.1965 1.59999
      vertex 17.0256 18.0066 0
      vertex 17.0111 15.6804 1.59999
    endloop
  endfacet
  facet normal 0.380426 0.530453 0.757559
    outer loop
      vertex 14.1925 16.315 0
      vertex 14.1628 14.0513 1.59999
      vertex 14.1925 14.03 1.59999
    endloop
  endfacet
  facet normal 0.381929 0.530083 0.757062
    outer loop
      vertex 14.1628 14.0513 1.59999
      vertex 14.1925 16.315 0
      vertex 14.1374 16.3547 0
    endloop
  endfacet
  facet normal 0.382698 0.529916 0.756791
    outer loop
      vertex 13.83 14.2917 1.59999
      vertex 14.1374 16.3547 0
      vertex 13.83 16.5767 0
    endloop
  endfacet
  facet normal 0.382769 0.52989 0.756772
    outer loop
      vertex 14.1374 16.3547 0
      vertex 13.83 14.2917 1.59999
      vertex 14.1628 14.0513 1.59999
    endloop
  endfacet
  facet normal 0.433801 0 -0.901009
    outer loop
      vertex -16.53 35.4 7.66456
      vertex -16.1891 40.4 7.82869
      vertex -16.1891 35.4 7.82869
    endloop
  endfacet
  facet normal 0.433801 0 -0.901009
    outer loop
      vertex -16.1891 40.4 7.82869
      vertex -16.53 35.4 7.66456
      vertex -16.53 40.4 7.66456
    endloop
  endfacet
  facet normal -0.78191 0 0.623392
    outer loop
      vertex -15.47 35.4 6.33544
      vertex -15.2342 40.4 6.6312
      vertex -15.47 40.4 6.33544
    endloop
  endfacet
  facet normal -0.78191 0 0.623392
    outer loop
      vertex -15.2342 40.4 6.6312
      vertex -15.47 35.4 6.33544
      vertex -15.2342 35.4 6.6312
    endloop
  endfacet
  facet normal -0.974914 0 0.222581
    outer loop
      vertex -15.2342 35.4 6.6312
      vertex -15.15 40.4 7
      vertex -15.2342 40.4 6.6312
    endloop
  endfacet
  facet normal -0.974914 0 0.222581
    outer loop
      vertex -15.15 40.4 7
      vertex -15.2342 35.4 6.6312
      vertex -15.15 35.4 7
    endloop
  endfacet
  facet normal -0.433801 0 0.901009
    outer loop
      vertex -15.8109 40.4 6.17131
      vertex -15.47 35.4 6.33544
      vertex -15.47 40.4 6.33544
    endloop
  endfacet
  facet normal -0.433801 0 0.901009
    outer loop
      vertex -15.47 35.4 6.33544
      vertex -15.8109 40.4 6.17131
      vertex -15.8109 35.4 6.17131
    endloop
  endfacet
  facet normal -0.78191 0 -0.623392
    outer loop
      vertex -15.2342 35.4 7.3688
      vertex -15.47 40.4 7.66456
      vertex -15.2342 40.4 7.3688
    endloop
  endfacet
  facet normal -0.78191 -0 -0.623392
    outer loop
      vertex -15.47 40.4 7.66456
      vertex -15.2342 35.4 7.3688
      vertex -15.47 35.4 7.66456
    endloop
  endfacet
  facet normal -0 0 1
    outer loop
      vertex -16.1891 40.4 6.17131
      vertex -15.8109 35.4 6.17131
      vertex -15.8109 40.4 6.17131
    endloop
  endfacet
  facet normal 0 0 1
    outer loop
      vertex -15.8109 35.4 6.17131
      vertex -16.1891 40.4 6.17131
      vertex -16.1891 35.4 6.17131
    endloop
  endfacet
  facet normal -0.433801 0 -0.901009
    outer loop
      vertex -15.8109 35.4 7.82869
      vertex -15.47 40.4 7.66456
      vertex -15.47 35.4 7.66456
    endloop
  endfacet
  facet normal -0.433801 0 -0.901009
    outer loop
      vertex -15.47 40.4 7.66456
      vertex -15.8109 35.4 7.82869
      vertex -15.8109 40.4 7.82869
    endloop
  endfacet
  facet normal 0.974914 -0 0.222581
    outer loop
      vertex -16.85 35.4 7
      vertex -16.7658 40.4 6.6312
      vertex -16.85 40.4 7
    endloop
  endfacet
  facet normal 0.974914 0 0.222581
    outer loop
      vertex -16.7658 40.4 6.6312
      vertex -16.85 35.4 7
      vertex -16.7658 35.4 6.6312
    endloop
  endfacet
  facet normal 0 0 -1
    outer loop
      vertex -16.1891 35.4 7.82869
      vertex -15.8109 40.4 7.82869
      vertex -15.8109 35.4 7.82869
    endloop
  endfacet
  facet normal -0 0 -1
    outer loop
      vertex -15.8109 40.4 7.82869
      vertex -16.1891 35.4 7.82869
      vertex -16.1891 40.4 7.82869
    endloop
  endfacet
  facet normal 0.433801 0 0.901009
    outer loop
      vertex -16.53 40.4 6.33544
      vertex -16.1891 35.4 6.17131
      vertex -16.1891 40.4 6.17131
    endloop
  endfacet
  facet normal 0.433801 0 0.901009
    outer loop
      vertex -16.1891 35.4 6.17131
      vertex -16.53 40.4 6.33544
      vertex -16.53 35.4 6.33544
    endloop
  endfacet
  facet normal -0.974914 0 -0.222581
    outer loop
      vertex -15.15 35.4 7
      vertex -15.2342 40.4 7.3688
      vertex -15.15 40.4 7
    endloop
  endfacet
  facet normal -0.974914 -0 -0.222581
    outer loop
      vertex -15.2342 40.4 7.3688
      vertex -15.15 35.4 7
      vertex -15.2342 35.4 7.3688
    endloop
  endfacet
  facet normal 0.78191 0 -0.623392
    outer loop
      vertex -16.53 35.4 7.66456
      vertex -16.7658 40.4 7.3688
      vertex -16.53 40.4 7.66456
    endloop
  endfacet
  facet normal 0.78191 0 -0.623392
    outer loop
      vertex -16.7658 40.4 7.3688
      vertex -16.53 35.4 7.66456
      vertex -16.7658 35.4 7.3688
    endloop
  endfacet
  facet normal 0 1 0
    outer loop
      vertex -15.8109 40.4 7.82869
      vertex -15.809 40.4 8.08329
      vertex -15.45 40.4 7.95263
    endloop
  endfacet
  facet normal 0 1 0
    outer loop
      vertex -15.809 40.4 8.08329
      vertex -15.8109 40.4 7.82869
      vertex -16.191 40.4 8.08329
    endloop
  endfacet
  facet normal 0 1 -0
    outer loop
      vertex -16.1891 40.4 7.82869
      vertex -16.191 40.4 8.08329
      vertex -15.8109 40.4 7.82869
    endloop
  endfacet
  facet normal 0 1 0
    outer loop
      vertex -15.47 40.4 7.66456
      vertex -15.45 40.4 7.95263
      vertex -15.1574 40.4 7.70707
    endloop
  endfacet
  facet normal 0 1 0
    outer loop
      vertex -15.45 40.4 7.95263
      vertex -15.47 40.4 7.66456
      vertex -15.8109 40.4 7.82869
    endloop
  endfacet
  facet normal 0 1 0
    outer loop
      vertex -15.2342 40.4 7.3688
      vertex -15.1574 40.4 7.70707
      vertex -14.9663 40.4 7.37622
    endloop
  endfacet
  facet normal 0 1 0
    outer loop
      vertex -15.1574 40.4 7.70707
      vertex -15.2342 40.4 7.3688
      vertex -15.47 40.4 7.66456
    endloop
  endfacet
  facet normal 0 1 0
    outer loop
      vertex -15.15 40.4 7
      vertex -14.9663 40.4 7.37622
      vertex -14.9 40.4 7
    endloop
  endfacet
  facet normal 0 1 0
    outer loop
      vertex -14.9663 40.4 7.37622
      vertex -15.15 40.4 7
      vertex -15.2342 40.4 7.3688
    endloop
  endfacet
  facet normal 0 1 -0
    outer loop
      vertex -14.9663 40.4 6.62378
      vertex -15.15 40.4 7
      vertex -14.9 40.4 7
    endloop
  endfacet
  facet normal 0 1 0
    outer loop
      vertex -15.15 40.4 7
      vertex -14.9663 40.4 6.62378
      vertex -15.2342 40.4 6.6312
    endloop
  endfacet
  facet normal 0 1 -0
    outer loop
      vertex -15.1574 40.4 6.29293
      vertex -15.2342 40.4 6.6312
      vertex -14.9663 40.4 6.62378
    endloop
  endfacet
  facet normal 0 1 0
    outer loop
      vertex -15.2342 40.4 6.6312
      vertex -15.1574 40.4 6.29293
      vertex -15.47 40.4 6.33544
    endloop
  endfacet
  facet normal 0 1 -0
    outer loop
      vertex -15.45 40.4 6.04737
      vertex -15.47 40.4 6.33544
      vertex -15.1574 40.4 6.29293
    endloop
  endfacet
  facet normal 0 1 -0
    outer loop
      vertex -15.809 40.4 5.91671
      vertex -15.8109 40.4 6.17131
      vertex -15.45 40.4 6.04737
    endloop
  endfacet
  facet normal 0 1 0
    outer loop
      vertex -15.47 40.4 6.33544
      vertex -15.45 40.4 6.04737
      vertex -15.8109 40.4 6.17131
    endloop
  endfacet
  facet normal 0 1 0
    outer loop
      vertex -16.191 40.4 8.08329
      vertex -16.1891 40.4 7.82869
      vertex -16.55 40.4 7.95263
    endloop
  endfacet
  facet normal 0 1 -0
    outer loop
      vertex -16.53 40.4 7.66456
      vertex -16.55 40.4 7.95263
      vertex -16.1891 40.4 7.82869
    endloop
  endfacet
  facet normal 0 1 0
    outer loop
      vertex -16.55 40.4 7.95263
      vertex -16.53 40.4 7.66456
      vertex -16.8426 40.4 7.70707
    endloop
  endfacet
  facet normal 0 1 -0
    outer loop
      vertex -16.7658 40.4 7.3688
      vertex -16.8426 40.4 7.70707
      vertex -16.53 40.4 7.66456
    endloop
  endfacet
  facet normal 0 1 0
    outer loop
      vertex -16.8426 40.4 7.70707
      vertex -16.7658 40.4 7.3688
      vertex -17.0337 40.4 7.37622
    endloop
  endfacet
  facet normal 0 1 -0
    outer loop
      vertex -16.85 40.4 7
      vertex -17.0337 40.4 7.37622
      vertex -16.7658 40.4 7.3688
    endloop
  endfacet
  facet normal 0 1 0
    outer loop
      vertex -16.85 40.4 7
      vertex -17.1 40.4 7
      vertex -17.0337 40.4 7.37622
    endloop
  endfacet
  facet normal 0 1 0
    outer loop
      vertex -17.0337 40.4 6.62378
      vertex -16.85 40.4 7
      vertex -16.7658 40.4 6.6312
    endloop
  endfacet
  facet normal 0 1 0
    outer loop
      vertex -16.85 40.4 7
      vertex -17.0337 40.4 6.62378
      vertex -17.1 40.4 7
    endloop
  endfacet
  facet normal 0 1 0
    outer loop
      vertex -16.8426 40.4 6.29293
      vertex -16.7658 40.4 6.6312
      vertex -16.53 40.4 6.33544
    endloop
  endfacet
  facet normal 0 1 0
    outer loop
      vertex -16.7658 40.4 6.6312
      vertex -16.8426 40.4 6.29293
      vertex -17.0337 40.4 6.62378
    endloop
  endfacet
  facet normal 0 1 0
    outer loop
      vertex -16.55 40.4 6.04737
      vertex -16.53 40.4 6.33544
      vertex -16.1891 40.4 6.17131
    endloop
  endfacet
  facet normal 0 1 0
    outer loop
      vertex -16.53 40.4 6.33544
      vertex -16.55 40.4 6.04737
      vertex -16.8426 40.4 6.29293
    endloop
  endfacet
  facet normal 0 1 0
    outer loop
      vertex -15.8109 40.4 6.17131
      vertex -15.809 40.4 5.91671
      vertex -16.1891 40.4 6.17131
    endloop
  endfacet
  facet normal 0 1 0
    outer loop
      vertex -16.191 40.4 5.91671
      vertex -16.1891 40.4 6.17131
      vertex -15.809 40.4 5.91671
    endloop
  endfacet
  facet normal 0 1 0
    outer loop
      vertex -16.1891 40.4 6.17131
      vertex -16.191 40.4 5.91671
      vertex -16.55 40.4 6.04737
    endloop
  endfacet
  facet normal 0.78191 -0 0.623392
    outer loop
      vertex -16.7658 35.4 6.6312
      vertex -16.53 40.4 6.33544
      vertex -16.7658 40.4 6.6312
    endloop
  endfacet
  facet normal 0.78191 0 0.623392
    outer loop
      vertex -16.53 40.4 6.33544
      vertex -16.7658 35.4 6.6312
      vertex -16.53 35.4 6.33544
    endloop
  endfacet
  facet normal 0.974914 0 -0.222581
    outer loop
      vertex -16.7658 35.4 7.3688
      vertex -16.85 40.4 7
      vertex -16.7658 40.4 7.3688
    endloop
  endfacet
  facet normal 0.974914 0 -0.222581
    outer loop
      vertex -16.85 40.4 7
      vertex -16.7658 35.4 7.3688
      vertex -16.85 35.4 7
    endloop
  endfacet
  facet normal -0.865931 0 0.500164
    outer loop
      vertex -15.1574 40.4 6.29293
      vertex -14.9663 41.4 6.62378
      vertex -15.1574 41.4 6.29293
    endloop
  endfacet
  facet normal -0.865931 0 0.500164
    outer loop
      vertex -14.9663 41.4 6.62378
      vertex -15.1574 40.4 6.29293
      vertex -14.9663 40.4 6.62378
    endloop
  endfacet
  facet normal -0.984825 0 0.173552
    outer loop
      vertex -14.9663 40.4 6.62378
      vertex -14.9 41.4 7
      vertex -14.9663 41.4 6.62378
    endloop
  endfacet
  facet normal -0.984825 0 0.173552
    outer loop
      vertex -14.9 41.4 7
      vertex -14.9663 40.4 6.62378
      vertex -14.9 40.4 7
    endloop
  endfacet
  facet normal -0.642848 0 0.765994
    outer loop
      vertex -15.45 41.4 6.04737
      vertex -15.1574 40.4 6.29293
      vertex -15.1574 41.4 6.29293
    endloop
  endfacet
  facet normal -0.642848 0 0.765994
    outer loop
      vertex -15.1574 40.4 6.29293
      vertex -15.45 41.4 6.04737
      vertex -15.45 40.4 6.04737
    endloop
  endfacet
  facet normal -0.642848 0 -0.765994
    outer loop
      vertex -15.45 40.4 7.95263
      vertex -15.1574 41.4 7.70707
      vertex -15.1574 40.4 7.70707
    endloop
  endfacet
  facet normal -0.642848 0 -0.765994
    outer loop
      vertex -15.1574 41.4 7.70707
      vertex -15.45 40.4 7.95263
      vertex -15.45 41.4 7.95263
    endloop
  endfacet
  facet normal -0.865931 0 -0.500164
    outer loop
      vertex -14.9663 40.4 7.37622
      vertex -15.1574 41.4 7.70707
      vertex -14.9663 41.4 7.37622
    endloop
  endfacet
  facet normal -0.865931 -0 -0.500164
    outer loop
      vertex -15.1574 41.4 7.70707
      vertex -14.9663 40.4 7.37622
      vertex -15.1574 40.4 7.70707
    endloop
  endfacet
  facet normal 0.642848 0 0.765994
    outer loop
      vertex -16.8426 41.4 6.29293
      vertex -16.55 40.4 6.04737
      vertex -16.55 41.4 6.04737
    endloop
  endfacet
  facet normal 0.642848 0 0.765994
    outer loop
      vertex -16.55 40.4 6.04737
      vertex -16.8426 41.4 6.29293
      vertex -16.8426 40.4 6.29293
    endloop
  endfacet
  facet normal 0 0 -1
    outer loop
      vertex -16.191 40.4 8.08329
      vertex -15.809 41.4 8.08329
      vertex -15.809 40.4 8.08329
    endloop
  endfacet
  facet normal -0 0 -1
    outer loop
      vertex -15.809 41.4 8.08329
      vertex -16.191 40.4 8.08329
      vertex -16.191 41.4 8.08329
    endloop
  endfacet
  facet normal 0.342008 0 -0.939697
    outer loop
      vertex -16.55 40.4 7.95263
      vertex -16.191 41.4 8.08329
      vertex -16.191 40.4 8.08329
    endloop
  endfacet
  facet normal 0.342008 0 -0.939697
    outer loop
      vertex -16.191 41.4 8.08329
      vertex -16.55 40.4 7.95263
      vertex -16.55 41.4 7.95263
    endloop
  endfacet
  facet normal -0.984825 0 -0.173552
    outer loop
      vertex -14.9 40.4 7
      vertex -14.9663 41.4 7.37622
      vertex -14.9 41.4 7
    endloop
  endfacet
  facet normal -0.984825 -0 -0.173552
    outer loop
      vertex -14.9663 41.4 7.37622
      vertex -14.9 40.4 7
      vertex -14.9663 40.4 7.37622
    endloop
  endfacet
  facet normal -0 0 1
    outer loop
      vertex -16.191 41.4 5.91671
      vertex -15.809 40.4 5.91671
      vertex -15.809 41.4 5.91671
    endloop
  endfacet
  facet normal 0 0 1
    outer loop
      vertex -15.809 40.4 5.91671
      vertex -16.191 41.4 5.91671
      vertex -16.191 40.4 5.91671
    endloop
  endfacet
  facet normal 0.342008 0 0.939697
    outer loop
      vertex -16.55 41.4 6.04737
      vertex -16.191 40.4 5.91671
      vertex -16.191 41.4 5.91671
    endloop
  endfacet
  facet normal 0.342008 0 0.939697
    outer loop
      vertex -16.191 40.4 5.91671
      vertex -16.55 41.4 6.04737
      vertex -16.55 40.4 6.04737
    endloop
  endfacet
  facet normal -0.342008 0 -0.939697
    outer loop
      vertex -15.809 40.4 8.08329
      vertex -15.45 41.4 7.95263
      vertex -15.45 40.4 7.95263
    endloop
  endfacet
  facet normal -0.342008 0 -0.939697
    outer loop
      vertex -15.45 41.4 7.95263
      vertex -15.809 40.4 8.08329
      vertex -15.809 41.4 8.08329
    endloop
  endfacet
  facet normal 0.984825 0 -0.173552
    outer loop
      vertex -17.0337 40.4 7.37622
      vertex -17.1 41.4 7
      vertex -17.0337 41.4 7.37622
    endloop
  endfacet
  facet normal 0.984825 0 -0.173552
    outer loop
      vertex -17.1 41.4 7
      vertex -17.0337 40.4 7.37622
      vertex -17.1 40.4 7
    endloop
  endfacet
  facet normal 0.984825 -0 0.173552
    outer loop
      vertex -17.1 40.4 7
      vertex -17.0337 41.4 6.62378
      vertex -17.1 41.4 7
    endloop
  endfacet
  facet normal 0.984825 0 0.173552
    outer loop
      vertex -17.0337 41.4 6.62378
      vertex -17.1 40.4 7
      vertex -17.0337 40.4 6.62378
    endloop
  endfacet
  facet normal -0.342008 0 0.939697
    outer loop
      vertex -15.809 41.4 5.91671
      vertex -15.45 40.4 6.04737
      vertex -15.45 41.4 6.04737
    endloop
  endfacet
  facet normal -0.342008 0 0.939697
    outer loop
      vertex -15.45 40.4 6.04737
      vertex -15.809 41.4 5.91671
      vertex -15.809 40.4 5.91671
    endloop
  endfacet
  facet normal 0.865931 -0 0.500164
    outer loop
      vertex -17.0337 40.4 6.62378
      vertex -16.8426 41.4 6.29293
      vertex -17.0337 41.4 6.62378
    endloop
  endfacet
  facet normal 0.865931 0 0.500164
    outer loop
      vertex -16.8426 41.4 6.29293
      vertex -17.0337 40.4 6.62378
      vertex -16.8426 40.4 6.29293
    endloop
  endfacet
  facet normal 0.642848 0 -0.765994
    outer loop
      vertex -16.8426 40.4 7.70707
      vertex -16.55 41.4 7.95263
      vertex -16.55 40.4 7.95263
    endloop
  endfacet
  facet normal 0.642848 0 -0.765994
    outer loop
      vertex -16.55 41.4 7.95263
      vertex -16.8426 40.4 7.70707
      vertex -16.8426 41.4 7.70707
    endloop
  endfacet
  facet normal 0.865931 0 -0.500164
    outer loop
      vertex -16.8426 40.4 7.70707
      vertex -17.0337 41.4 7.37622
      vertex -16.8426 41.4 7.70707
    endloop
  endfacet
  facet normal 0.865931 0 -0.500164
    outer loop
      vertex -17.0337 41.4 7.37622
      vertex -16.8426 40.4 7.70707
      vertex -17.0337 40.4 7.37622
    endloop
  endfacet
  facet normal 0.433801 0 -0.901009
    outer loop
      vertex 15.47 35.4 7.66456
      vertex 15.8109 40.4 7.82869
      vertex 15.8109 35.4 7.82869
    endloop
  endfacet
  facet normal 0.433801 0 -0.901009
    outer loop
      vertex 15.8109 40.4 7.82869
      vertex 15.47 35.4 7.66456
      vertex 15.47 40.4 7.66456
    endloop
  endfacet
  facet normal -0.78191 0 0.623392
    outer loop
      vertex 16.53 35.4 6.33544
      vertex 16.7658 40.4 6.6312
      vertex 16.53 40.4 6.33544
    endloop
  endfacet
  facet normal -0.78191 0 0.623392
    outer loop
      vertex 16.7658 40.4 6.6312
      vertex 16.53 35.4 6.33544
      vertex 16.7658 35.4 6.6312
    endloop
  endfacet
  facet normal -0.974914 0 0.222581
    outer loop
      vertex 16.7658 35.4 6.6312
      vertex 16.85 40.4 7
      vertex 16.7658 40.4 6.6312
    endloop
  endfacet
  facet normal -0.974914 0 0.222581
    outer loop
      vertex 16.85 40.4 7
      vertex 16.7658 35.4 6.6312
      vertex 16.85 35.4 7
    endloop
  endfacet
  facet normal -0.433801 0 0.901009
    outer loop
      vertex 16.1891 40.4 6.17131
      vertex 16.53 35.4 6.33544
      vertex 16.53 40.4 6.33544
    endloop
  endfacet
  facet normal -0.433801 0 0.901009
    outer loop
      vertex 16.53 35.4 6.33544
      vertex 16.1891 40.4 6.17131
      vertex 16.1891 35.4 6.17131
    endloop
  endfacet
  facet normal -0.78191 0 -0.623392
    outer loop
      vertex 16.7658 35.4 7.3688
      vertex 16.53 40.4 7.66456
      vertex 16.7658 40.4 7.3688
    endloop
  endfacet
  facet normal -0.78191 -0 -0.623392
    outer loop
      vertex 16.53 40.4 7.66456
      vertex 16.7658 35.4 7.3688
      vertex 16.53 35.4 7.66456
    endloop
  endfacet
  facet normal -0 0 1
    outer loop
      vertex 15.8109 40.4 6.17131
      vertex 16.1891 35.4 6.17131
      vertex 16.1891 40.4 6.17131
    endloop
  endfacet
  facet normal 0 0 1
    outer loop
      vertex 16.1891 35.4 6.17131
      vertex 15.8109 40.4 6.17131
      vertex 15.8109 35.4 6.17131
    endloop
  endfacet
  facet normal -0.433801 0 -0.901009
    outer loop
      vertex 16.1891 35.4 7.82869
      vertex 16.53 40.4 7.66456
      vertex 16.53 35.4 7.66456
    endloop
  endfacet
  facet normal -0.433801 0 -0.901009
    outer loop
      vertex 16.53 40.4 7.66456
      vertex 16.1891 35.4 7.82869
      vertex 16.1891 40.4 7.82869
    endloop
  endfacet
  facet normal 0.974914 -0 0.222581
    outer loop
      vertex 15.15 35.4 7
      vertex 15.2342 40.4 6.6312
      vertex 15.15 40.4 7
    endloop
  endfacet
  facet normal 0.974914 0 0.222581
    outer loop
      vertex 15.2342 40.4 6.6312
      vertex 15.15 35.4 7
      vertex 15.2342 35.4 6.6312
    endloop
  endfacet
  facet normal 0 0 -1
    outer loop
      vertex 15.8109 35.4 7.82869
      vertex 16.1891 40.4 7.82869
      vertex 16.1891 35.4 7.82869
    endloop
  endfacet
  facet normal -0 0 -1
    outer loop
      vertex 16.1891 40.4 7.82869
      vertex 15.8109 35.4 7.82869
      vertex 15.8109 40.4 7.82869
    endloop
  endfacet
  facet normal 0.433801 0 0.901009
    outer loop
      vertex 15.47 40.4 6.33544
      vertex 15.8109 35.4 6.17131
      vertex 15.8109 40.4 6.17131
    endloop
  endfacet
  facet normal 0.433801 0 0.901009
    outer loop
      vertex 15.8109 35.4 6.17131
      vertex 15.47 40.4 6.33544
      vertex 15.47 35.4 6.33544
    endloop
  endfacet
  facet normal -0.974914 0 -0.222581
    outer loop
      vertex 16.85 35.4 7
      vertex 16.7658 40.4 7.3688
      vertex 16.85 40.4 7
    endloop
  endfacet
  facet normal -0.974914 -0 -0.222581
    outer loop
      vertex 16.7658 40.4 7.3688
      vertex 16.85 35.4 7
      vertex 16.7658 35.4 7.3688
    endloop
  endfacet
  facet normal 0.78191 0 -0.623392
    outer loop
      vertex 15.47 35.4 7.66456
      vertex 15.2342 40.4 7.3688
      vertex 15.47 40.4 7.66456
    endloop
  endfacet
  facet normal 0.78191 0 -0.623392
    outer loop
      vertex 15.2342 40.4 7.3688
      vertex 15.47 35.4 7.66456
      vertex 15.2342 35.4 7.3688
    endloop
  endfacet
  facet normal 0 1 0
    outer loop
      vertex 16.1891 40.4 7.82869
      vertex 16.191 40.4 8.08329
      vertex 16.55 40.4 7.95263
    endloop
  endfacet
  facet normal 0 1 0
    outer loop
      vertex 16.191 40.4 8.08329
      vertex 16.1891 40.4 7.82869
      vertex 15.809 40.4 8.08329
    endloop
  endfacet
  facet normal 0 1 -0
    outer loop
      vertex 15.8109 40.4 7.82869
      vertex 15.809 40.4 8.08329
      vertex 16.1891 40.4 7.82869
    endloop
  endfacet
  facet normal 0 1 0
    outer loop
      vertex 16.53 40.4 7.66456
      vertex 16.55 40.4 7.95263
      vertex 16.8426 40.4 7.70707
    endloop
  endfacet
  facet normal 0 1 0
    outer loop
      vertex 16.55 40.4 7.95263
      vertex 16.53 40.4 7.66456
      vertex 16.1891 40.4 7.82869
    endloop
  endfacet
  facet normal 0 1 0
    outer loop
      vertex 16.7658 40.4 7.3688
      vertex 16.8426 40.4 7.70707
      vertex 17.0337 40.4 7.37622
    endloop
  endfacet
  facet normal 0 1 0
    outer loop
      vertex 16.8426 40.4 7.70707
      vertex 16.7658 40.4 7.3688
      vertex 16.53 40.4 7.66456
    endloop
  endfacet
  facet normal 0 1 0
    outer loop
      vertex 16.85 40.4 7
      vertex 17.0337 40.4 7.37622
      vertex 17.1 40.4 7
    endloop
  endfacet
  facet normal 0 1 0
    outer loop
      vertex 17.0337 40.4 7.37622
      vertex 16.85 40.4 7
      vertex 16.7658 40.4 7.3688
    endloop
  endfacet
  facet normal 0 1 -0
    outer loop
      vertex 17.0337 40.4 6.62378
      vertex 16.85 40.4 7
      vertex 17.1 40.4 7
    endloop
  endfacet
  facet normal 0 1 0
    outer loop
      vertex 16.85 40.4 7
      vertex 17.0337 40.4 6.62378
      vertex 16.7658 40.4 6.6312
    endloop
  endfacet
  facet normal 0 1 -0
    outer loop
      vertex 16.8426 40.4 6.29293
      vertex 16.7658 40.4 6.6312
      vertex 17.0337 40.4 6.62378
    endloop
  endfacet
  facet normal 0 1 0
    outer loop
      vertex 16.7658 40.4 6.6312
      vertex 16.8426 40.4 6.29293
      vertex 16.53 40.4 6.33544
    endloop
  endfacet
  facet normal 0 1 -0
    outer loop
      vertex 16.55 40.4 6.04737
      vertex 16.53 40.4 6.33544
      vertex 16.8426 40.4 6.29293
    endloop
  endfacet
  facet normal 0 1 -0
    outer loop
      vertex 16.191 40.4 5.91671
      vertex 16.1891 40.4 6.17131
      vertex 16.55 40.4 6.04737
    endloop
  endfacet
  facet normal 0 1 0
    outer loop
      vertex 16.53 40.4 6.33544
      vertex 16.55 40.4 6.04737
      vertex 16.1891 40.4 6.17131
    endloop
  endfacet
  facet normal 0 1 0
    outer loop
      vertex 15.809 40.4 8.08329
      vertex 15.8109 40.4 7.82869
      vertex 15.45 40.4 7.95263
    endloop
  endfacet
  facet normal 0 1 -0
    outer loop
      vertex 15.47 40.4 7.66456
      vertex 15.45 40.4 7.95263
      vertex 15.8109 40.4 7.82869
    endloop
  endfacet
  facet normal 0 1 0
    outer loop
      vertex 15.45 40.4 7.95263
      vertex 15.47 40.4 7.66456
      vertex 15.1574 40.4 7.70707
    endloop
  endfacet
  facet normal 0 1 -0
    outer loop
      vertex 15.2342 40.4 7.3688
      vertex 15.1574 40.4 7.70707
      vertex 15.47 40.4 7.66456
    endloop
  endfacet
  facet normal 0 1 0
    outer loop
      vertex 15.1574 40.4 7.70707
      vertex 15.2342 40.4 7.3688
      vertex 14.9663 40.4 7.37622
    endloop
  endfacet
  facet normal 0 1 -0
    outer loop
      vertex 15.15 40.4 7
      vertex 14.9663 40.4 7.37622
      vertex 15.2342 40.4 7.3688
    endloop
  endfacet
  facet normal 0 1 0
    outer loop
      vertex 15.15 40.4 7
      vertex 14.9 40.4 7
      vertex 14.9663 40.4 7.37622
    endloop
  endfacet
  facet normal 0 1 0
    outer loop
      vertex 14.9663 40.4 6.62378
      vertex 15.15 40.4 7
      vertex 15.2342 40.4 6.6312
    endloop
  endfacet
  facet normal 0 1 0
    outer loop
      vertex 15.15 40.4 7
      vertex 14.9663 40.4 6.62378
      vertex 14.9 40.4 7
    endloop
  endfacet
  facet normal 0 1 0
    outer loop
      vertex 15.1574 40.4 6.29293
      vertex 15.2342 40.4 6.6312
      vertex 15.47 40.4 6.33544
    endloop
  endfacet
  facet normal 0 1 0
    outer loop
      vertex 15.2342 40.4 6.6312
      vertex 15.1574 40.4 6.29293
      vertex 14.9663 40.4 6.62378
    endloop
  endfacet
  facet normal 0 1 0
    outer loop
      vertex 15.45 40.4 6.04737
      vertex 15.47 40.4 6.33544
      vertex 15.8109 40.4 6.17131
    endloop
  endfacet
  facet normal 0 1 0
    outer loop
      vertex 15.47 40.4 6.33544
      vertex 15.45 40.4 6.04737
      vertex 15.1574 40.4 6.29293
    endloop
  endfacet
  facet normal 0 1 0
    outer loop
      vertex 16.1891 40.4 6.17131
      vertex 16.191 40.4 5.91671
      vertex 15.8109 40.4 6.17131
    endloop
  endfacet
  facet normal 0 1 0
    outer loop
      vertex 15.809 40.4 5.91671
      vertex 15.8109 40.4 6.17131
      vertex 16.191 40.4 5.91671
    endloop
  endfacet
  facet normal 0 1 0
    outer loop
      vertex 15.8109 40.4 6.17131
      vertex 15.809 40.4 5.91671
      vertex 15.45 40.4 6.04737
    endloop
  endfacet
  facet normal 0.78191 -0 0.623392
    outer loop
      vertex 15.2342 35.4 6.6312
      vertex 15.47 40.4 6.33544
      vertex 15.2342 40.4 6.6312
    endloop
  endfacet
  facet normal 0.78191 0 0.623392
    outer loop
      vertex 15.47 40.4 6.33544
      vertex 15.2342 35.4 6.6312
      vertex 15.47 35.4 6.33544
    endloop
  endfacet
  facet normal 0.974914 0 -0.222581
    outer loop
      vertex 15.2342 35.4 7.3688
      vertex 15.15 40.4 7
      vertex 15.2342 40.4 7.3688
    endloop
  endfacet
  facet normal 0.974914 0 -0.222581
    outer loop
      vertex 15.15 40.4 7
      vertex 15.2342 35.4 7.3688
      vertex 15.15 35.4 7
    endloop
  endfacet
  facet normal -0.865931 0 0.500164
    outer loop
      vertex 16.8426 40.4 6.29293
      vertex 17.0337 41.4 6.62378
      vertex 16.8426 41.4 6.29293
    endloop
  endfacet
  facet normal -0.865931 0 0.500164
    outer loop
      vertex 17.0337 41.4 6.62378
      vertex 16.8426 40.4 6.29293
      vertex 17.0337 40.4 6.62378
    endloop
  endfacet
  facet normal -0.984825 0 0.173552
    outer loop
      vertex 17.0337 40.4 6.62378
      vertex 17.1 41.4 7
      vertex 17.0337 41.4 6.62378
    endloop
  endfacet
  facet normal -0.984825 0 0.173552
    outer loop
      vertex 17.1 41.4 7
      vertex 17.0337 40.4 6.62378
      vertex 17.1 40.4 7
    endloop
  endfacet
  facet normal -0.642848 0 0.765994
    outer loop
      vertex 16.55 41.4 6.04737
      vertex 16.8426 40.4 6.29293
      vertex 16.8426 41.4 6.29293
    endloop
  endfacet
  facet normal -0.642848 0 0.765994
    outer loop
      vertex 16.8426 40.4 6.29293
      vertex 16.55 41.4 6.04737
      vertex 16.55 40.4 6.04737
    endloop
  endfacet
  facet normal -0.642848 0 -0.765994
    outer loop
      vertex 16.55 40.4 7.95263
      vertex 16.8426 41.4 7.70707
      vertex 16.8426 40.4 7.70707
    endloop
  endfacet
  facet normal -0.642848 0 -0.765994
    outer loop
      vertex 16.8426 41.4 7.70707
      vertex 16.55 40.4 7.95263
      vertex 16.55 41.4 7.95263
    endloop
  endfacet
  facet normal -0.865931 0 -0.500164
    outer loop
      vertex 17.0337 40.4 7.37622
      vertex 16.8426 41.4 7.70707
      vertex 17.0337 41.4 7.37622
    endloop
  endfacet
  facet normal -0.865931 -0 -0.500164
    outer loop
      vertex 16.8426 41.4 7.70707
      vertex 17.0337 40.4 7.37622
      vertex 16.8426 40.4 7.70707
    endloop
  endfacet
  facet normal 0.642848 0 0.765994
    outer loop
      vertex 15.1574 41.4 6.29293
      vertex 15.45 40.4 6.04737
      vertex 15.45 41.4 6.04737
    endloop
  endfacet
  facet normal 0.642848 0 0.765994
    outer loop
      vertex 15.45 40.4 6.04737
      vertex 15.1574 41.4 6.29293
      vertex 15.1574 40.4 6.29293
    endloop
  endfacet
  facet normal 0 0 -1
    outer loop
      vertex 15.809 40.4 8.08329
      vertex 16.191 41.4 8.08329
      vertex 16.191 40.4 8.08329
    endloop
  endfacet
  facet normal -0 0 -1
    outer loop
      vertex 16.191 41.4 8.08329
      vertex 15.809 40.4 8.08329
      vertex 15.809 41.4 8.08329
    endloop
  endfacet
  facet normal 0.342008 0 -0.939697
    outer loop
      vertex 15.45 40.4 7.95263
      vertex 15.809 41.4 8.08329
      vertex 15.809 40.4 8.08329
    endloop
  endfacet
  facet normal 0.342008 0 -0.939697
    outer loop
      vertex 15.809 41.4 8.08329
      vertex 15.45 40.4 7.95263
      vertex 15.45 41.4 7.95263
    endloop
  endfacet
  facet normal -0.984825 0 -0.173552
    outer loop
      vertex 17.1 40.4 7
      vertex 17.0337 41.4 7.37622
      vertex 17.1 41.4 7
    endloop
  endfacet
  facet normal -0.984825 -0 -0.173552
    outer loop
      vertex 17.0337 41.4 7.37622
      vertex 17.1 40.4 7
      vertex 17.0337 40.4 7.37622
    endloop
  endfacet
  facet normal -0 0 1
    outer loop
      vertex 15.809 41.4 5.91671
      vertex 16.191 40.4 5.91671
      vertex 16.191 41.4 5.91671
    endloop
  endfacet
  facet normal 0 0 1
    outer loop
      vertex 16.191 40.4 5.91671
      vertex 15.809 41.4 5.91671
      vertex 15.809 40.4 5.91671
    endloop
  endfacet
  facet normal 0.342008 0 0.939697
    outer loop
      vertex 15.45 41.4 6.04737
      vertex 15.809 40.4 5.91671
      vertex 15.809 41.4 5.91671
    endloop
  endfacet
  facet normal 0.342008 0 0.939697
    outer loop
      vertex 15.809 40.4 5.91671
      vertex 15.45 41.4 6.04737
      vertex 15.45 40.4 6.04737
    endloop
  endfacet
  facet normal -0.342008 0 -0.939697
    outer loop
      vertex 16.191 40.4 8.08329
      vertex 16.55 41.4 7.95263
      vertex 16.55 40.4 7.95263
    endloop
  endfacet
  facet normal -0.342008 0 -0.939697
    outer loop
      vertex 16.55 41.4 7.95263
      vertex 16.191 40.4 8.08329
      vertex 16.191 41.4 8.08329
    endloop
  endfacet
  facet normal 0.984825 0 -0.173552
    outer loop
      vertex 14.9663 40.4 7.37622
      vertex 14.9 41.4 7
      vertex 14.9663 41.4 7.37622
    endloop
  endfacet
  facet normal 0.984825 0 -0.173552
    outer loop
      vertex 14.9 41.4 7
      vertex 14.9663 40.4 7.37622
      vertex 14.9 40.4 7
    endloop
  endfacet
  facet normal 0.984825 -0 0.173552
    outer loop
      vertex 14.9 40.4 7
      vertex 14.9663 41.4 6.62378
      vertex 14.9 41.4 7
    endloop
  endfacet
  facet normal 0.984825 0 0.173552
    outer loop
      vertex 14.9663 41.4 6.62378
      vertex 14.9 40.4 7
      vertex 14.9663 40.4 6.62378
    endloop
  endfacet
  facet normal -0.342008 0 0.939697
    outer loop
      vertex 16.191 41.4 5.91671
      vertex 16.55 40.4 6.04737
      vertex 16.55 41.4 6.04737
    endloop
  endfacet
  facet normal -0.342008 0 0.939697
    outer loop
      vertex 16.55 40.4 6.04737
      vertex 16.191 41.4 5.91671
      vertex 16.191 40.4 5.91671
    endloop
  endfacet
  facet normal 0.865931 -0 0.500164
    outer loop
      vertex 14.9663 40.4 6.62378
      vertex 15.1574 41.4 6.29293
      vertex 14.9663 41.4 6.62378
    endloop
  endfacet
  facet normal 0.865931 0 0.500164
    outer loop
      vertex 15.1574 41.4 6.29293
      vertex 14.9663 40.4 6.62378
      vertex 15.1574 40.4 6.29293
    endloop
  endfacet
  facet normal 0.642848 0 -0.765994
    outer loop
      vertex 15.1574 40.4 7.70707
      vertex 15.45 41.4 7.95263
      vertex 15.45 40.4 7.95263
    endloop
  endfacet
  facet normal 0.642848 0 -0.765994
    outer loop
      vertex 15.45 41.4 7.95263
      vertex 15.1574 40.4 7.70707
      vertex 15.1574 41.4 7.70707
    endloop
  endfacet
  facet normal 0.865931 0 -0.500164
    outer loop
      vertex 15.1574 40.4 7.70707
      vertex 14.9663 41.4 7.37622
      vertex 15.1574 41.4 7.70707
    endloop
  endfacet
  facet normal 0.865931 0 -0.500164
    outer loop
      vertex 14.9663 41.4 7.37622
      vertex 15.1574 40.4 7.70707
      vertex 14.9663 40.4 7.37622
    endloop
  endfacet
  facet normal 0 0.321523 -0.946902
    outer loop
      vertex -21.4 39.1765 0.102219
      vertex -9 39.548 0.228363
      vertex -9 39.1765 0.102219
    endloop
  endfacet
  facet normal 0 0.321523 -0.946902
    outer loop
      vertex -9 39.548 0.228363
      vertex -21.4 39.1765 0.102219
      vertex -21.4 39.548 0.228363
    endloop
  endfacet
  facet normal 0 0.321523 -0.946902
    outer loop
      vertex 9 39.1765 0.102219
      vertex 21.4 39.548 0.228363
      vertex 21.4 39.1765 0.102219
    endloop
  endfacet
  facet normal 0 0.321523 -0.946902
    outer loop
      vertex 21.4 39.548 0.228363
      vertex 9 39.1765 0.102219
      vertex 9 39.548 0.228363
    endloop
  endfacet
  facet normal 0 0.195072 -0.980789
    outer loop
      vertex -21.4 38.7916 0.0256653
      vertex -9 39.1765 0.102219
      vertex -9 38.7916 0.0256653
    endloop
  endfacet
  facet normal 0 0.195072 -0.980789
    outer loop
      vertex -9 39.1765 0.102219
      vertex -21.4 38.7916 0.0256653
      vertex -21.4 39.1765 0.102219
    endloop
  endfacet
  facet normal 0 0.195072 -0.980789
    outer loop
      vertex 9 38.7916 0.0256653
      vertex 21.4 39.1765 0.102219
      vertex 21.4 38.7916 0.0256653
    endloop
  endfacet
  facet normal 0 0.195072 -0.980789
    outer loop
      vertex 21.4 39.1765 0.102219
      vertex 9 38.7916 0.0256653
      vertex 9 39.1765 0.102219
    endloop
  endfacet
  facet normal 0 0.946885 0.321574
    outer loop
      vertex -19.8 41.2978 12.7821
      vertex -21.4 41.1716 13.1537
      vertex -19.8 41.1716 13.1537
    endloop
  endfacet
  facet normal 0 0.946885 0.321574
    outer loop
      vertex -21.4 41.1716 13.1537
      vertex -19.8 41.2978 12.7821
      vertex -21.4 41.2978 12.7821
    endloop
  endfacet
  facet normal 0 0.946885 0.321574
    outer loop
      vertex 21.4 41.2978 12.7821
      vertex 19.8 41.1716 13.1537
      vertex 21.4 41.1716 13.1537
    endloop
  endfacet
  facet normal 0 0.946885 0.321574
    outer loop
      vertex 19.8 41.1716 13.1537
      vertex 21.4 41.2978 12.7821
      vertex 19.8 41.2978 12.7821
    endloop
  endfacet
  facet normal 0 0.980815 0.19494
    outer loop
      vertex -19.8 41.3743 12.3972
      vertex -21.4 41.2978 12.7821
      vertex -19.8 41.2978 12.7821
    endloop
  endfacet
  facet normal 0 0.980815 0.19494
    outer loop
      vertex -21.4 41.2978 12.7821
      vertex -19.8 41.3743 12.3972
      vertex -21.4 41.3743 12.3972
    endloop
  endfacet
  facet normal 0 0.980815 0.19494
    outer loop
      vertex 21.4 41.3743 12.3972
      vertex 19.8 41.2978 12.7821
      vertex 21.4 41.2978 12.7821
    endloop
  endfacet
  facet normal 0 0.980815 0.19494
    outer loop
      vertex 19.8 41.2978 12.7821
      vertex 21.4 41.3743 12.3972
      vertex 19.8 41.3743 12.3972
    endloop
  endfacet
  facet normal 0 0.0653993 -0.997859
    outer loop
      vertex -21.4 38.4 0
      vertex -9 38.7916 0.0256653
      vertex -9 38.4 0
    endloop
  endfacet
  facet normal 0 0.0653993 -0.997859
    outer loop
      vertex -9 38.7916 0.0256653
      vertex -21.4 38.4 0
      vertex -21.4 38.7916 0.0256653
    endloop
  endfacet
  facet normal 0 0.0653993 -0.997859
    outer loop
      vertex 9 38.4 0
      vertex 21.4 38.7916 0.0256653
      vertex 21.4 38.4 0
    endloop
  endfacet
  facet normal 0 0.0653993 -0.997859
    outer loop
      vertex 21.4 38.7916 0.0256653
      vertex 9 38.4 0
      vertex 9 38.7916 0.0256653
    endloop
  endfacet
  facet normal 0 1 -0
    outer loop
      vertex -19.8 41.4 3
      vertex -21.4 41.4 12.0056
      vertex -19.8 41.4 12.0056
    endloop
  endfacet
  facet normal 0 1 0
    outer loop
      vertex -21.4 41.4 12.0056
      vertex -19.8 41.4 3
      vertex -21.4 41.4 3
    endloop
  endfacet
  facet normal 0 1 -0
    outer loop
      vertex 21.4 41.4 3
      vertex 19.8 41.4 12.0056
      vertex 21.4 41.4 12.0056
    endloop
  endfacet
  facet normal 0 1 0
    outer loop
      vertex 19.8 41.4 12.0056
      vertex 21.4 41.4 3
      vertex 19.8 41.4 3
    endloop
  endfacet
  facet normal 0 1 -0
    outer loop
      vertex -15.809 41.4 8.08329
      vertex -16 41.4 10
      vertex -15.6084 41.4 9.97433
    endloop
  endfacet
  facet normal 0 1 0
    outer loop
      vertex -15.809 41.4 8.08329
      vertex -15.6084 41.4 9.97433
      vertex -15.2235 41.4 9.89778
    endloop
  endfacet
  facet normal 0 1 0
    outer loop
      vertex -16.191 41.4 8.08329
      vertex -16 41.4 10
      vertex -15.809 41.4 8.08329
    endloop
  endfacet
  facet normal 0 1 0
    outer loop
      vertex -15.809 41.4 8.08329
      vertex -15.2235 41.4 9.89778
      vertex -14.8519 41.4 9.77164
    endloop
  endfacet
  facet normal 0 1 0
    outer loop
      vertex -16 41.4 10
      vertex -16.191 41.4 8.08329
      vertex -16.3916 41.4 9.97433
    endloop
  endfacet
  facet normal 0 1 0
    outer loop
      vertex -15.45 41.4 7.95263
      vertex -14.8519 41.4 9.77164
      vertex -14.5 41.4 9.59808
    endloop
  endfacet
  facet normal 0 1 0
    outer loop
      vertex -16.3916 41.4 9.97433
      vertex -16.191 41.4 8.08329
      vertex -16.7765 41.4 9.89778
    endloop
  endfacet
  facet normal 0 1 0
    outer loop
      vertex -15.45 41.4 7.95263
      vertex -14.5 41.4 9.59808
      vertex -14.1737 41.4 9.38006
    endloop
  endfacet
  facet normal 0 1 0
    outer loop
      vertex -16.7765 41.4 9.89778
      vertex -16.191 41.4 8.08329
      vertex -17.148 41.4 9.77164
    endloop
  endfacet
  facet normal 0 1 0
    outer loop
      vertex -15.1574 41.4 7.70707
      vertex -14.1737 41.4 9.38006
      vertex -13.8787 41.4 9.12132
    endloop
  endfacet
  facet normal 0 1 -0
    outer loop
      vertex -16.55 41.4 7.95263
      vertex -17.148 41.4 9.77164
      vertex -16.191 41.4 8.08329
    endloop
  endfacet
  facet normal 0 1 0
    outer loop
      vertex -15.1574 41.4 7.70707
      vertex -13.8787 41.4 9.12132
      vertex -13.6199 41.4 8.82628
    endloop
  endfacet
  facet normal 0 1 0
    outer loop
      vertex -17.148 41.4 9.77164
      vertex -16.55 41.4 7.95263
      vertex -17.5 41.4 9.59808
    endloop
  endfacet
  facet normal 0 1 0
    outer loop
      vertex -15.1574 41.4 7.70707
      vertex -13.6199 41.4 8.82628
      vertex -13.4019 41.4 8.5
    endloop
  endfacet
  facet normal 0 1 0
    outer loop
      vertex -17.5 41.4 9.59808
      vertex -16.55 41.4 7.95263
      vertex -17.8263 41.4 9.38006
    endloop
  endfacet
  facet normal 0 1 0
    outer loop
      vertex -14.9663 41.4 7.37622
      vertex -13.4019 41.4 8.5
      vertex -13.2284 41.4 8.14805
    endloop
  endfacet
  facet normal 0 1 -0
    outer loop
      vertex -16.8426 41.4 7.70707
      vertex -17.8263 41.4 9.38006
      vertex -16.55 41.4 7.95263
    endloop
  endfacet
  facet normal 0 1 0
    outer loop
      vertex -17.8263 41.4 9.38006
      vertex -16.8426 41.4 7.70707
      vertex -18.1213 41.4 9.12132
    endloop
  endfacet
  facet normal 0 1 0
    outer loop
      vertex -14.8519 41.4 9.77164
      vertex -15.45 41.4 7.95263
      vertex -15.809 41.4 8.08329
    endloop
  endfacet
  facet normal 0 1 0
    outer loop
      vertex -14.9663 41.4 7.37622
      vertex -13.2284 41.4 8.14805
      vertex -13.1022 41.4 7.77646
    endloop
  endfacet
  facet normal 0 1 0
    outer loop
      vertex -14.1737 41.4 9.38006
      vertex -15.1574 41.4 7.70707
      vertex -15.45 41.4 7.95263
    endloop
  endfacet
  facet normal 0 1 0
    outer loop
      vertex -14.9663 41.4 7.37622
      vertex -13.1022 41.4 7.77646
      vertex -13.0257 41.4 7.39158
    endloop
  endfacet
  facet normal 0 1 0
    outer loop
      vertex -13.4019 41.4 8.5
      vertex -14.9663 41.4 7.37622
      vertex -15.1574 41.4 7.70707
    endloop
  endfacet
  facet normal 0 1 0
    outer loop
      vertex -14.9 41.4 7
      vertex -13.0257 41.4 7.39158
      vertex -13 41.4 7
    endloop
  endfacet
  facet normal 0 1 0
    outer loop
      vertex -13.0257 41.4 7.39158
      vertex -14.9 41.4 7
      vertex -14.9663 41.4 7.37622
    endloop
  endfacet
  facet normal 0 1 0
    outer loop
      vertex -13 41.4 7
      vertex -14.9663 41.4 6.62378
      vertex -14.9 41.4 7
    endloop
  endfacet
  facet normal 0 1 0
    outer loop
      vertex -13 41.4 7
      vertex -15.1574 41.4 6.29293
      vertex -14.9663 41.4 6.62378
    endloop
  endfacet
  facet normal 0 1 -0
    outer loop
      vertex -13 41.4 3
      vertex -15.1574 41.4 6.29293
      vertex -13 41.4 7
    endloop
  endfacet
  facet normal 0 1 0
    outer loop
      vertex -15.809 41.4 5.91671
      vertex -13 41.4 3
      vertex -16.191 41.4 5.91671
    endloop
  endfacet
  facet normal 0 1 0
    outer loop
      vertex -15.45 41.4 6.04737
      vertex -13 41.4 3
      vertex -15.809 41.4 5.91671
    endloop
  endfacet
  facet normal 0 1 0
    outer loop
      vertex -15.1574 41.4 6.29293
      vertex -13 41.4 3
      vertex -15.45 41.4 6.04737
    endloop
  endfacet
  facet normal 0 1 0
    outer loop
      vertex -18.1213 41.4 9.12132
      vertex -16.8426 41.4 7.70707
      vertex -18.3801 41.4 8.82628
    endloop
  endfacet
  facet normal 0 1 0
    outer loop
      vertex -18.3801 41.4 8.82628
      vertex -16.8426 41.4 7.70707
      vertex -18.5981 41.4 8.5
    endloop
  endfacet
  facet normal 0 1 -0
    outer loop
      vertex -17.0337 41.4 7.37622
      vertex -18.5981 41.4 8.5
      vertex -16.8426 41.4 7.70707
    endloop
  endfacet
  facet normal 0 1 0
    outer loop
      vertex -18.5981 41.4 8.5
      vertex -17.0337 41.4 7.37622
      vertex -18.7716 41.4 8.14805
    endloop
  endfacet
  facet normal 0 1 0
    outer loop
      vertex -18.7716 41.4 8.14805
      vertex -17.0337 41.4 7.37622
      vertex -18.8978 41.4 7.77646
    endloop
  endfacet
  facet normal 0 1 0
    outer loop
      vertex -18.8978 41.4 7.77646
      vertex -17.0337 41.4 7.37622
      vertex -18.9743 41.4 7.39158
    endloop
  endfacet
  facet normal 0 1 -0
    outer loop
      vertex -17.1 41.4 7
      vertex -18.9743 41.4 7.39158
      vertex -17.0337 41.4 7.37622
    endloop
  endfacet
  facet normal 0 1 0
    outer loop
      vertex -17.1 41.4 7
      vertex -19 41.4 7
      vertex -18.9743 41.4 7.39158
    endloop
  endfacet
  facet normal 0 1 0
    outer loop
      vertex -17.0337 41.4 6.62378
      vertex -19 41.4 7
      vertex -17.1 41.4 7
    endloop
  endfacet
  facet normal 0 1 0
    outer loop
      vertex -16.8426 41.4 6.29293
      vertex -19 41.4 7
      vertex -17.0337 41.4 6.62378
    endloop
  endfacet
  facet normal 0 1 0
    outer loop
      vertex -19 41.4 3
      vertex -16.8426 41.4 6.29293
      vertex -16.55 41.4 6.04737
    endloop
  endfacet
  facet normal 0 1 0
    outer loop
      vertex -19 41.4 3
      vertex -16.191 41.4 5.91671
      vertex -13 41.4 3
    endloop
  endfacet
  facet normal 0 1 0
    outer loop
      vertex -16.191 41.4 5.91671
      vertex -19 41.4 3
      vertex -16.55 41.4 6.04737
    endloop
  endfacet
  facet normal 0 1 0
    outer loop
      vertex -16.8426 41.4 6.29293
      vertex -19 41.4 3
      vertex -19 41.4 7
    endloop
  endfacet
  facet normal 0 1 -0
    outer loop
      vertex -11.25 41.4 3
      vertex -12.75 41.4 9.4
      vertex -11.25 41.4 9.4
    endloop
  endfacet
  facet normal 0 1 0
    outer loop
      vertex -12.75 41.4 9.4
      vertex -11.25 41.4 3
      vertex -12.75 41.4 3
    endloop
  endfacet
  facet normal 0 1 -0
    outer loop
      vertex 12.75 41.4 3
      vertex 11.25 41.4 9.4
      vertex 12.75 41.4 9.4
    endloop
  endfacet
  facet normal 0 1 0
    outer loop
      vertex 11.25 41.4 9.4
      vertex 12.75 41.4 3
      vertex 11.25 41.4 3
    endloop
  endfacet
  facet normal 0 1 -0
    outer loop
      vertex 16.191 41.4 8.08329
      vertex 16 41.4 10
      vertex 16.3916 41.4 9.97433
    endloop
  endfacet
  facet normal 0 1 0
    outer loop
      vertex 16.191 41.4 8.08329
      vertex 16.3916 41.4 9.97433
      vertex 16.7765 41.4 9.89778
    endloop
  endfacet
  facet normal 0 1 0
    outer loop
      vertex 15.809 41.4 8.08329
      vertex 16 41.4 10
      vertex 16.191 41.4 8.08329
    endloop
  endfacet
  facet normal 0 1 0
    outer loop
      vertex 16.191 41.4 8.08329
      vertex 16.7765 41.4 9.89778
      vertex 17.148 41.4 9.77164
    endloop
  endfacet
  facet normal 0 1 0
    outer loop
      vertex 16 41.4 10
      vertex 15.809 41.4 8.08329
      vertex 15.6084 41.4 9.97433
    endloop
  endfacet
  facet normal 0 1 0
    outer loop
      vertex 16.55 41.4 7.95263
      vertex 17.148 41.4 9.77164
      vertex 17.5 41.4 9.59808
    endloop
  endfacet
  facet normal 0 1 0
    outer loop
      vertex 15.6084 41.4 9.97433
      vertex 15.809 41.4 8.08329
      vertex 15.2235 41.4 9.89778
    endloop
  endfacet
  facet normal 0 1 0
    outer loop
      vertex 16.55 41.4 7.95263
      vertex 17.5 41.4 9.59808
      vertex 17.8263 41.4 9.38006
    endloop
  endfacet
  facet normal 0 1 0
    outer loop
      vertex 15.2235 41.4 9.89778
      vertex 15.809 41.4 8.08329
      vertex 14.8519 41.4 9.77164
    endloop
  endfacet
  facet normal 0 1 0
    outer loop
      vertex 16.8426 41.4 7.70707
      vertex 17.8263 41.4 9.38006
      vertex 18.1213 41.4 9.12132
    endloop
  endfacet
  facet normal 0 1 -0
    outer loop
      vertex 15.45 41.4 7.95263
      vertex 14.8519 41.4 9.77164
      vertex 15.809 41.4 8.08329
    endloop
  endfacet
  facet normal 0 1 0
    outer loop
      vertex 16.8426 41.4 7.70707
      vertex 18.1213 41.4 9.12132
      vertex 18.3801 41.4 8.82628
    endloop
  endfacet
  facet normal 0 1 0
    outer loop
      vertex 14.8519 41.4 9.77164
      vertex 15.45 41.4 7.95263
      vertex 14.5 41.4 9.59808
    endloop
  endfacet
  facet normal 0 1 0
    outer loop
      vertex 16.8426 41.4 7.70707
      vertex 18.3801 41.4 8.82628
      vertex 18.5981 41.4 8.5
    endloop
  endfacet
  facet normal 0 1 0
    outer loop
      vertex 14.5 41.4 9.59808
      vertex 15.45 41.4 7.95263
      vertex 14.1737 41.4 9.38006
    endloop
  endfacet
  facet normal 0 1 0
    outer loop
      vertex 17.0337 41.4 7.37622
      vertex 18.5981 41.4 8.5
      vertex 18.7716 41.4 8.14805
    endloop
  endfacet
  facet normal 0 1 -0
    outer loop
      vertex 15.1574 41.4 7.70707
      vertex 14.1737 41.4 9.38006
      vertex 15.45 41.4 7.95263
    endloop
  endfacet
  facet normal 0 1 0
    outer loop
      vertex 14.1737 41.4 9.38006
      vertex 15.1574 41.4 7.70707
      vertex 13.8787 41.4 9.12132
    endloop
  endfacet
  facet normal 0 1 0
    outer loop
      vertex 17.148 41.4 9.77164
      vertex 16.55 41.4 7.95263
      vertex 16.191 41.4 8.08329
    endloop
  endfacet
  facet normal 0 1 0
    outer loop
      vertex 17.0337 41.4 7.37622
      vertex 18.7716 41.4 8.14805
      vertex 18.8978 41.4 7.77646
    endloop
  endfacet
  facet normal 0 1 0
    outer loop
      vertex 17.8263 41.4 9.38006
      vertex 16.8426 41.4 7.70707
      vertex 16.55 41.4 7.95263
    endloop
  endfacet
  facet normal 0 1 0
    outer loop
      vertex 17.0337 41.4 7.37622
      vertex 18.8978 41.4 7.77646
      vertex 18.9743 41.4 7.39158
    endloop
  endfacet
  facet normal 0 1 0
    outer loop
      vertex 18.5981 41.4 8.5
      vertex 17.0337 41.4 7.37622
      vertex 16.8426 41.4 7.70707
    endloop
  endfacet
  facet normal 0 1 0
    outer loop
      vertex 17.1 41.4 7
      vertex 18.9743 41.4 7.39158
      vertex 19 41.4 7
    endloop
  endfacet
  facet normal 0 1 0
    outer loop
      vertex 18.9743 41.4 7.39158
      vertex 17.1 41.4 7
      vertex 17.0337 41.4 7.37622
    endloop
  endfacet
  facet normal 0 1 0
    outer loop
      vertex 19 41.4 7
      vertex 17.0337 41.4 6.62378
      vertex 17.1 41.4 7
    endloop
  endfacet
  facet normal 0 1 0
    outer loop
      vertex 19 41.4 7
      vertex 16.8426 41.4 6.29293
      vertex 17.0337 41.4 6.62378
    endloop
  endfacet
  facet normal 0 1 -0
    outer loop
      vertex 19 41.4 3
      vertex 16.8426 41.4 6.29293
      vertex 19 41.4 7
    endloop
  endfacet
  facet normal 0 1 0
    outer loop
      vertex 16.191 41.4 5.91671
      vertex 19 41.4 3
      vertex 15.809 41.4 5.91671
    endloop
  endfacet
  facet normal 0 1 0
    outer loop
      vertex 16.55 41.4 6.04737
      vertex 19 41.4 3
      vertex 16.191 41.4 5.91671
    endloop
  endfacet
  facet normal 0 1 0
    outer loop
      vertex 16.8426 41.4 6.29293
      vertex 19 41.4 3
      vertex 16.55 41.4 6.04737
    endloop
  endfacet
  facet normal 0 1 0
    outer loop
      vertex 13.8787 41.4 9.12132
      vertex 15.1574 41.4 7.70707
      vertex 13.6199 41.4 8.82628
    endloop
  endfacet
  facet normal 0 1 0
    outer loop
      vertex 13.6199 41.4 8.82628
      vertex 15.1574 41.4 7.70707
      vertex 13.4019 41.4 8.5
    endloop
  endfacet
  facet normal 0 1 -0
    outer loop
      vertex 14.9663 41.4 7.37622
      vertex 13.4019 41.4 8.5
      vertex 15.1574 41.4 7.70707
    endloop
  endfacet
  facet normal 0 1 0
    outer loop
      vertex 13.4019 41.4 8.5
      vertex 14.9663 41.4 7.37622
      vertex 13.2284 41.4 8.14805
    endloop
  endfacet
  facet normal 0 1 0
    outer loop
      vertex 13.2284 41.4 8.14805
      vertex 14.9663 41.4 7.37622
      vertex 13.1022 41.4 7.77646
    endloop
  endfacet
  facet normal 0 1 0
    outer loop
      vertex 13.1022 41.4 7.77646
      vertex 14.9663 41.4 7.37622
      vertex 13.0257 41.4 7.39158
    endloop
  endfacet
  facet normal 0 1 -0
    outer loop
      vertex 14.9 41.4 7
      vertex 13.0257 41.4 7.39158
      vertex 14.9663 41.4 7.37622
    endloop
  endfacet
  facet normal 0 1 0
    outer loop
      vertex 14.9 41.4 7
      vertex 13 41.4 7
      vertex 13.0257 41.4 7.39158
    endloop
  endfacet
  facet normal 0 1 0
    outer loop
      vertex 14.9663 41.4 6.62378
      vertex 13 41.4 7
      vertex 14.9 41.4 7
    endloop
  endfacet
  facet normal 0 1 0
    outer loop
      vertex 15.1574 41.4 6.29293
      vertex 13 41.4 7
      vertex 14.9663 41.4 6.62378
    endloop
  endfacet
  facet normal 0 1 0
    outer loop
      vertex 13 41.4 3
      vertex 15.1574 41.4 6.29293
      vertex 15.45 41.4 6.04737
    endloop
  endfacet
  facet normal 0 1 0
    outer loop
      vertex 13 41.4 3
      vertex 15.809 41.4 5.91671
      vertex 19 41.4 3
    endloop
  endfacet
  facet normal 0 1 0
    outer loop
      vertex 15.809 41.4 5.91671
      vertex 13 41.4 3
      vertex 15.45 41.4 6.04737
    endloop
  endfacet
  facet normal 0 1 0
    outer loop
      vertex 15.1574 41.4 6.29293
      vertex 13 41.4 3
      vertex 13 41.4 7
    endloop
  endfacet
  facet normal 0 0.946885 -0.321574
    outer loop
      vertex -19.8 41.1716 1.85194
      vertex -21.4 41.2978 2.22354
      vertex -19.8 41.2978 2.22354
    endloop
  endfacet
  facet normal 0 0.946885 -0.321574
    outer loop
      vertex -21.4 41.2978 2.22354
      vertex -19.8 41.1716 1.85194
      vertex -21.4 41.1716 1.85194
    endloop
  endfacet
  facet normal 0 0.946885 -0.321574
    outer loop
      vertex 21.4 41.1716 1.85194
      vertex 19.8 41.2978 2.22354
      vertex 21.4 41.2978 2.22354
    endloop
  endfacet
  facet normal 0 0.946885 -0.321574
    outer loop
      vertex 19.8 41.2978 2.22354
      vertex 21.4 41.1716 1.85194
      vertex 19.8 41.1716 1.85194
    endloop
  endfacet
  facet normal 0 0.946851 -0.321671
    outer loop
      vertex -9 41.2219 2
      vertex -9 41.1716 1.85194
      vertex -11.25 41.2219 2
    endloop
  endfacet
  facet normal 0 0.946906 -0.321509
    outer loop
      vertex -11.25 41.2219 2
      vertex -12.75 41.2978 2.22354
      vertex -11.25 41.2978 2.22354
    endloop
  endfacet
  facet normal -1.07157e-05 0.946885 -0.321574
    outer loop
      vertex -11.25 41.2219 2
      vertex -12.75 41.1716 1.85194
      vertex -12.75 41.2978 2.22354
    endloop
  endfacet
  facet normal 0 0.946851 -0.321671
    outer loop
      vertex -12.75 41.1716 1.85194
      vertex -11.25 41.2219 2
      vertex -9 41.1716 1.85194
    endloop
  endfacet
  facet normal 0 0.946906 -0.321509
    outer loop
      vertex 12.75 41.2978 2.22354
      vertex 11.25 41.2219 2
      vertex 11.25 41.2978 2.22354
    endloop
  endfacet
  facet normal 1.07157e-05 0.946885 -0.321574
    outer loop
      vertex 12.75 41.1716 1.85194
      vertex 11.25 41.2219 2
      vertex 12.75 41.2978 2.22354
    endloop
  endfacet
  facet normal 0 0.946851 -0.321671
    outer loop
      vertex 9 41.1716 1.85194
      vertex 11.25 41.2219 2
      vertex 12.75 41.1716 1.85194
    endloop
  endfacet
  facet normal 0 0.946851 -0.321671
    outer loop
      vertex 11.25 41.2219 2
      vertex 9 41.1716 1.85194
      vertex 9 41.2219 2
    endloop
  endfacet
  facet normal 0 0.946885 -0.321574
    outer loop
      vertex -13 41.1716 1.85194
      vertex -19 41.2978 2.22354
      vertex -13 41.2978 2.22354
    endloop
  endfacet
  facet normal 0 0.946885 -0.321574
    outer loop
      vertex -19 41.2978 2.22354
      vertex -13 41.1716 1.85194
      vertex -19 41.1716 1.85194
    endloop
  endfacet
  facet normal 0 0.946885 -0.321574
    outer loop
      vertex 19 41.1716 1.85194
      vertex 13 41.2978 2.22354
      vertex 19 41.2978 2.22354
    endloop
  endfacet
  facet normal 0 0.946885 -0.321574
    outer loop
      vertex 13 41.2978 2.22354
      vertex 19 41.1716 1.85194
      vertex 13 41.1716 1.85194
    endloop
  endfacet
  facet normal 0 0.997853 -0.0654923
    outer loop
      vertex -19.8 41.3743 2.60843
      vertex -21.4 41.4 3
      vertex -19.8 41.4 3
    endloop
  endfacet
  facet normal 0 0.997853 -0.0654923
    outer loop
      vertex -21.4 41.4 3
      vertex -19.8 41.3743 2.60843
      vertex -21.4 41.3743 2.60843
    endloop
  endfacet
  facet normal 0 0.997853 -0.0654923
    outer loop
      vertex 21.4 41.3743 2.60843
      vertex 19.8 41.4 3
      vertex 21.4 41.4 3
    endloop
  endfacet
  facet normal 0 0.997853 -0.0654923
    outer loop
      vertex 19.8 41.4 3
      vertex 21.4 41.3743 2.60843
      vertex 19.8 41.3743 2.60843
    endloop
  endfacet
  facet normal 0 0.997853 -0.0654923
    outer loop
      vertex -13 41.3743 2.60843
      vertex -19 41.4 3
      vertex -13 41.4 3
    endloop
  endfacet
  facet normal 0 0.997853 -0.0654923
    outer loop
      vertex -19 41.4 3
      vertex -13 41.3743 2.60843
      vertex -19 41.3743 2.60843
    endloop
  endfacet
  facet normal 0 0.997853 -0.0654923
    outer loop
      vertex -11.25 41.3743 2.60843
      vertex -12.75 41.4 3
      vertex -11.25 41.4 3
    endloop
  endfacet
  facet normal 0 0.997853 -0.0654923
    outer loop
      vertex -12.75 41.4 3
      vertex -11.25 41.3743 2.60843
      vertex -12.75 41.3743 2.60843
    endloop
  endfacet
  facet normal 0 0.997853 -0.0654923
    outer loop
      vertex 12.75 41.3743 2.60843
      vertex 11.25 41.4 3
      vertex 12.75 41.4 3
    endloop
  endfacet
  facet normal 0 0.997853 -0.0654923
    outer loop
      vertex 11.25 41.4 3
      vertex 12.75 41.3743 2.60843
      vertex 11.25 41.3743 2.60843
    endloop
  endfacet
  facet normal 0 0.997853 -0.0654923
    outer loop
      vertex 19 41.3743 2.60843
      vertex 13 41.4 3
      vertex 19 41.4 3
    endloop
  endfacet
  facet normal 0 0.997853 -0.0654923
    outer loop
      vertex 13 41.4 3
      vertex 19 41.3743 2.60843
      vertex 13 41.3743 2.60843
    endloop
  endfacet
  facet normal -0 0.704746 0.70946
    outer loop
      vertex -21.4 37.5798 17.0489
      vertex -19.8 37.5798 17.0489
      vertex -19.8 40.5142 14.134
    endloop
  endfacet
  facet normal -0.000347503 0.704773 0.709433
    outer loop
      vertex -19.8 37.5798 17.0489
      vertex -21.1083 30.6441 23.9384
      vertex -21.0451 30 24.5783
    endloop
  endfacet
  facet normal 4.51161e-05 0.704736 0.70947
    outer loop
      vertex -19.8 37.5798 17.0489
      vertex -21.2287 32.2314 22.3617
      vertex -21.1083 30.6441 23.9384
    endloop
  endfacet
  facet normal -3.179e-06 0.704742 0.709464
    outer loop
      vertex -19.8 37.5798 17.0489
      vertex -21.3176 33.8543 20.7496
      vertex -21.2287 32.2314 22.3617
    endloop
  endfacet
  facet normal 5.67353e-05 0.70473 0.709476
    outer loop
      vertex -19.8 37.5798 17.0489
      vertex -21.3501 34.7957 19.8145
      vertex -21.3176 33.8543 20.7496
    endloop
  endfacet
  facet normal 1.02919e-05 0.704743 0.709463
    outer loop
      vertex -19.8 37.5798 17.0489
      vertex -21.3745 35.5021 19.1128
      vertex -21.3501 34.7957 19.8145
    endloop
  endfacet
  facet normal 0 0.704746 0.70946
    outer loop
      vertex -21.4 37.5798 17.0489
      vertex -19.8 40.5142 14.134
      vertex -21.4 40.5142 14.134
    endloop
  endfacet
  facet normal 0 0.704747 0.709459
    outer loop
      vertex -19.8 37.5798 17.0489
      vertex -21.4 37.5798 17.0489
      vertex -21.3745 35.5021 19.1128
    endloop
  endfacet
  facet normal 0 0.704741 0.709464
    outer loop
      vertex -19.3949 31.0065 23.5785
      vertex -21.0451 30 24.5783
      vertex -19.2488 30 24.5783
    endloop
  endfacet
  facet normal -9.25178e-05 0.704818 0.709388
    outer loop
      vertex -19.422 31.1933 23.3929
      vertex -21.0451 30 24.5783
      vertex -19.3949 31.0065 23.5785
    endloop
  endfacet
  facet normal 2.60245e-05 0.704737 0.709469
    outer loop
      vertex -19.5856 32.7066 21.8897
      vertex -21.0451 30 24.5783
      vertex -19.422 31.1933 23.3929
    endloop
  endfacet
  facet normal 4.60092e-05 0.704731 0.709474
    outer loop
      vertex -19.7041 34.291 20.3159
      vertex -21.0451 30 24.5783
      vertex -19.5856 32.7066 21.8897
    endloop
  endfacet
  facet normal -9.76868e-05 0.704754 0.709452
    outer loop
      vertex -19.7759 35.9234 18.6943
      vertex -21.0451 30 24.5783
      vertex -19.7041 34.291 20.3159
    endloop
  endfacet
  facet normal 6.01682e-05 0.704737 0.709469
    outer loop
      vertex -19.7916 37.0027 17.6222
      vertex -21.0451 30 24.5783
      vertex -19.7759 35.9234 18.6943
    endloop
  endfacet
  facet normal -0.000256307 0.704765 0.70944
    outer loop
      vertex -21.0451 30 24.5783
      vertex -19.7916 37.0027 17.6222
      vertex -19.8 37.5798 17.0489
    endloop
  endfacet
  facet normal -0 0.704746 0.70946
    outer loop
      vertex 19.8 37.5798 17.0489
      vertex 21.4 37.5798 17.0489
      vertex 21.4 40.5142 14.134
    endloop
  endfacet
  facet normal 0 0.704767 0.709439
    outer loop
      vertex 19.7916 37.0027 17.6222
      vertex 21.4 37.5798 17.0489
      vertex 19.8 37.5798 17.0489
    endloop
  endfacet
  facet normal 7.43599e-06 0.704757 0.709449
    outer loop
      vertex 21.4 37.5798 17.0489
      vertex 19.7916 37.0027 17.6222
      vertex 21.3837 35.9166 18.7011
    endloop
  endfacet
  facet normal -1.99748e-05 0.704741 0.709464
    outer loop
      vertex 21.3837 35.9166 18.7011
      vertex 19.7759 35.9234 18.6943
      vertex 21.3349 34.2644 20.3423
    endloop
  endfacet
  facet normal 9.62611e-06 0.704731 0.709475
    outer loop
      vertex 21.3349 34.2644 20.3423
      vertex 19.7041 34.291 20.3159
      vertex 21.2539 32.6342 21.9616
    endloop
  endfacet
  facet normal 0 0.704746 0.70946
    outer loop
      vertex 19.8 37.5798 17.0489
      vertex 21.4 40.5142 14.134
      vertex 19.8 40.5142 14.134
    endloop
  endfacet
  facet normal -2.00158e-05 0.704737 0.709469
    outer loop
      vertex 19.7759 35.9234 18.6943
      vertex 21.3837 35.9166 18.7011
      vertex 19.7916 37.0027 17.6222
    endloop
  endfacet
  facet normal 1.04392e-05 0.704756 0.70945
    outer loop
      vertex 19.7041 34.291 20.3159
      vertex 21.3349 34.2644 20.3423
      vertex 19.7759 35.9234 18.6943
    endloop
  endfacet
  facet normal 6.62433e-06 0.704729 0.709476
    outer loop
      vertex 19.5856 32.7066 21.8897
      vertex 21.2539 32.6342 21.9616
      vertex 19.7041 34.291 20.3159
    endloop
  endfacet
  facet normal 8.27111e-06 0.704748 0.709457
    outer loop
      vertex 21.2539 32.6342 21.9616
      vertex 19.5856 32.7066 21.8897
      vertex 21.1413 31.037 23.5482
    endloop
  endfacet
  facet normal -1.7641e-05 0.704736 0.709469
    outer loop
      vertex 19.422 31.1933 23.3929
      vertex 21.1413 31.037 23.5482
      vertex 19.5856 32.7066 21.8897
    endloop
  endfacet
  facet normal -1.65682e-06 0.704825 0.709382
    outer loop
      vertex 19.3949 31.0065 23.5785
      vertex 21.1413 31.037 23.5482
      vertex 19.422 31.1933 23.3929
    endloop
  endfacet
  facet normal 1.19676e-06 0.704742 0.709463
    outer loop
      vertex 21.1413 31.037 23.5482
      vertex 19.3949 31.0065 23.5785
      vertex 21.0455 30 24.5783
    endloop
  endfacet
  facet normal 0 0.704741 0.709464
    outer loop
      vertex 21.0455 30 24.5783
      vertex 19.3949 31.0065 23.5785
      vertex 19.2488 30 24.5783
    endloop
  endfacet
  facet normal 0 0.750649 0.660701
    outer loop
      vertex -19.8 40.7801 13.8319
      vertex -21.4 40.5142 14.134
      vertex -19.8 40.5142 14.134
    endloop
  endfacet
  facet normal 0 0.750649 0.660701
    outer loop
      vertex -21.4 40.5142 14.134
      vertex -19.8 40.7801 13.8319
      vertex -21.4 40.7801 13.8319
    endloop
  endfacet
  facet normal 0 0.750649 0.660701
    outer loop
      vertex 21.4 40.7801 13.8319
      vertex 19.8 40.5142 14.134
      vertex 21.4 40.5142 14.134
    endloop
  endfacet
  facet normal 0 0.750649 0.660701
    outer loop
      vertex 19.8 40.5142 14.134
      vertex 21.4 40.7801 13.8319
      vertex 19.8 40.7801 13.8319
    endloop
  endfacet
  facet normal 0 0.997853 0.0654873
    outer loop
      vertex -19.8 41.4 12.0056
      vertex -21.4 41.3743 12.3972
      vertex -19.8 41.3743 12.3972
    endloop
  endfacet
  facet normal 0 0.997853 0.0654873
    outer loop
      vertex -21.4 41.3743 12.3972
      vertex -19.8 41.4 12.0056
      vertex -21.4 41.4 12.0056
    endloop
  endfacet
  facet normal 0 0.997853 0.0654873
    outer loop
      vertex 21.4 41.4 12.0056
      vertex 19.8 41.3743 12.3972
      vertex 21.4 41.3743 12.3972
    endloop
  endfacet
  facet normal 0 0.997853 0.0654873
    outer loop
      vertex 19.8 41.3743 12.3972
      vertex 21.4 41.4 12.0056
      vertex 19.8 41.4 12.0056
    endloop
  endfacet
  facet normal 0 0.751771 -0.659424
    outer loop
      vertex -9 40.5213 0.878677
      vertex -21.4 40.7801 1.17372
      vertex -9 40.7801 1.17372
    endloop
  endfacet
  facet normal 0 0.751771 -0.659424
    outer loop
      vertex -21.4 40.7801 1.17372
      vertex -9 40.5213 0.878677
      vertex -21.4 40.5213 0.878677
    endloop
  endfacet
  facet normal 0 0.751771 -0.659424
    outer loop
      vertex 21.4 40.5213 0.878677
      vertex 9 40.7801 1.17372
      vertex 21.4 40.7801 1.17372
    endloop
  endfacet
  facet normal 0 0.751771 -0.659424
    outer loop
      vertex 9 40.7801 1.17372
      vertex 21.4 40.5213 0.878677
      vertex 9 40.5213 0.878677
    endloop
  endfacet
  facet normal 0 0.831485 -0.555547
    outer loop
      vertex -9 40.7801 1.17372
      vertex -21.4 40.9981 1.5
      vertex -9 40.9981 1.5
    endloop
  endfacet
  facet normal 0 0.831485 -0.555547
    outer loop
      vertex -21.4 40.9981 1.5
      vertex -9 40.7801 1.17372
      vertex -21.4 40.7801 1.17372
    endloop
  endfacet
  facet normal 0 0.831485 -0.555547
    outer loop
      vertex 21.4 40.7801 1.17372
      vertex 9 40.9981 1.5
      vertex 21.4 40.9981 1.5
    endloop
  endfacet
  facet normal 0 0.831485 -0.555547
    outer loop
      vertex 9 40.9981 1.5
      vertex 21.4 40.7801 1.17372
      vertex 9 40.7801 1.17372
    endloop
  endfacet
  facet normal 0 0.555553 -0.831481
    outer loop
      vertex -21.4 39.9 0.401917
      vertex -9 40.2263 0.619934
      vertex -9 39.9 0.401917
    endloop
  endfacet
  facet normal 0 0.555553 -0.831481
    outer loop
      vertex -9 40.2263 0.619934
      vertex -21.4 39.9 0.401917
      vertex -21.4 40.2263 0.619934
    endloop
  endfacet
  facet normal 0 0.555553 -0.831481
    outer loop
      vertex 9 39.9 0.401917
      vertex 21.4 40.2263 0.619934
      vertex 21.4 39.9 0.401917
    endloop
  endfacet
  facet normal 0 0.555553 -0.831481
    outer loop
      vertex 21.4 40.2263 0.619934
      vertex 9 39.9 0.401917
      vertex 9 40.2263 0.619934
    endloop
  endfacet
  facet normal 0 0.831501 0.555523
    outer loop
      vertex -19.8 40.9981 13.5056
      vertex -21.4 40.7801 13.8319
      vertex -19.8 40.7801 13.8319
    endloop
  endfacet
  facet normal 0 0.831501 0.555523
    outer loop
      vertex -21.4 40.7801 13.8319
      vertex -19.8 40.9981 13.5056
      vertex -21.4 40.9981 13.5056
    endloop
  endfacet
  facet normal 0 0.831501 0.555523
    outer loop
      vertex 21.4 40.9981 13.5056
      vertex 19.8 40.7801 13.8319
      vertex 21.4 40.7801 13.8319
    endloop
  endfacet
  facet normal 0 0.831501 0.555523
    outer loop
      vertex 19.8 40.7801 13.8319
      vertex 21.4 40.9981 13.5056
      vertex 19.8 40.9981 13.5056
    endloop
  endfacet
  facet normal 0 0.659396 -0.751796
    outer loop
      vertex -21.4 40.2263 0.619934
      vertex -9 40.5213 0.878677
      vertex -9 40.2263 0.619934
    endloop
  endfacet
  facet normal 0 0.659396 -0.751796
    outer loop
      vertex -9 40.5213 0.878677
      vertex -21.4 40.2263 0.619934
      vertex -21.4 40.5213 0.878677
    endloop
  endfacet
  facet normal 0 0.659396 -0.751796
    outer loop
      vertex 9 40.2263 0.619934
      vertex 21.4 40.5213 0.878677
      vertex 21.4 40.2263 0.619934
    endloop
  endfacet
  facet normal 0 0.659396 -0.751796
    outer loop
      vertex 21.4 40.5213 0.878677
      vertex 9 40.2263 0.619934
      vertex 9 40.5213 0.878677
    endloop
  endfacet
  facet normal 0 0.896941 -0.442151
    outer loop
      vertex -9 41.1716 1.85194
      vertex -12.75 41.0474 1.59999
      vertex -12.75 41.1716 1.85194
    endloop
  endfacet
  facet normal 0 0.896907 -0.442219
    outer loop
      vertex -9 40.9981 1.5
      vertex -13 41.0474 1.59999
      vertex -12.75 41.0474 1.59999
    endloop
  endfacet
  facet normal 0 0.896907 -0.442219
    outer loop
      vertex -13 41.0474 1.59999
      vertex -21.4 40.9981 1.5
      vertex -19 41.0474 1.59999
    endloop
  endfacet
  facet normal 0 0.896907 -0.442219
    outer loop
      vertex -13 41.0474 1.59999
      vertex -9 40.9981 1.5
      vertex -21.4 40.9981 1.5
    endloop
  endfacet
  facet normal 1.61543e-06 0.896931 -0.442171
    outer loop
      vertex -9 40.9981 1.5
      vertex -12.75 41.0474 1.59999
      vertex -9 41.1716 1.85194
    endloop
  endfacet
  facet normal 0 0.896941 -0.442151
    outer loop
      vertex -13 41.0474 1.59999
      vertex -19 41.1716 1.85194
      vertex -13 41.1716 1.85194
    endloop
  endfacet
  facet normal 0 0.896941 -0.442151
    outer loop
      vertex -19 41.1716 1.85194
      vertex -13 41.0474 1.59999
      vertex -19 41.0474 1.59999
    endloop
  endfacet
  facet normal 0 0.896941 -0.442151
    outer loop
      vertex -19.8 41.0474 1.59999
      vertex -21.4 41.1716 1.85194
      vertex -19.8 41.1716 1.85194
    endloop
  endfacet
  facet normal -3.78617e-06 0.896931 -0.442171
    outer loop
      vertex -19.8 41.0474 1.59999
      vertex -21.4 40.9981 1.5
      vertex -21.4 41.1716 1.85194
    endloop
  endfacet
  facet normal 0 0.896907 -0.442219
    outer loop
      vertex -19 41.0474 1.59999
      vertex -21.4 40.9981 1.5
      vertex -19.8 41.0474 1.59999
    endloop
  endfacet
  facet normal 0 0.896941 -0.442151
    outer loop
      vertex 21.4 41.1716 1.85194
      vertex 19.8 41.0474 1.59999
      vertex 19.8 41.1716 1.85194
    endloop
  endfacet
  facet normal 0 0.896907 -0.442219
    outer loop
      vertex 21.4 40.9981 1.5
      vertex 19 41.0474 1.59999
      vertex 19.8 41.0474 1.59999
    endloop
  endfacet
  facet normal 0 0.896907 -0.442219
    outer loop
      vertex 19 41.0474 1.59999
      vertex 21.4 40.9981 1.5
      vertex 13 41.0474 1.59999
    endloop
  endfacet
  facet normal 0 0.896907 -0.442219
    outer loop
      vertex 9 40.9981 1.5
      vertex 13 41.0474 1.59999
      vertex 21.4 40.9981 1.5
    endloop
  endfacet
  facet normal 3.78617e-06 0.896931 -0.442171
    outer loop
      vertex 21.4 40.9981 1.5
      vertex 19.8 41.0474 1.59999
      vertex 21.4 41.1716 1.85194
    endloop
  endfacet
  facet normal 0 0.896941 -0.442151
    outer loop
      vertex 19 41.0474 1.59999
      vertex 13 41.1716 1.85194
      vertex 19 41.1716 1.85194
    endloop
  endfacet
  facet normal 0 0.896941 -0.442151
    outer loop
      vertex 13 41.1716 1.85194
      vertex 19 41.0474 1.59999
      vertex 13 41.0474 1.59999
    endloop
  endfacet
  facet normal 0 0.896941 -0.442151
    outer loop
      vertex 12.75 41.0474 1.59999
      vertex 9 41.1716 1.85194
      vertex 12.75 41.1716 1.85194
    endloop
  endfacet
  facet normal -1.61543e-06 0.896931 -0.442171
    outer loop
      vertex 12.75 41.0474 1.59999
      vertex 9 40.9981 1.5
      vertex 9 41.1716 1.85194
    endloop
  endfacet
  facet normal 0 0.896907 -0.442219
    outer loop
      vertex 13 41.0474 1.59999
      vertex 9 40.9981 1.5
      vertex 12.75 41.0474 1.59999
    endloop
  endfacet
  facet normal 0 0.896911 0.442211
    outer loop
      vertex -19.8 41.1716 13.1537
      vertex -21.4 40.9981 13.5056
      vertex -19.8 40.9981 13.5056
    endloop
  endfacet
  facet normal 0 0.896911 0.442211
    outer loop
      vertex -21.4 40.9981 13.5056
      vertex -19.8 41.1716 13.1537
      vertex -21.4 41.1716 13.1537
    endloop
  endfacet
  facet normal 0 0.896911 0.442211
    outer loop
      vertex 21.4 41.1716 13.1537
      vertex 19.8 40.9981 13.5056
      vertex 21.4 40.9981 13.5056
    endloop
  endfacet
  facet normal 0 0.896911 0.442211
    outer loop
      vertex 19.8 40.9981 13.5056
      vertex 21.4 41.1716 13.1537
      vertex 19.8 41.1716 13.1537
    endloop
  endfacet
  facet normal 0 0.980814 -0.194945
    outer loop
      vertex -19.8 41.2978 2.22354
      vertex -21.4 41.3743 2.60843
      vertex -19.8 41.3743 2.60843
    endloop
  endfacet
  facet normal 0 0.980814 -0.194945
    outer loop
      vertex -21.4 41.3743 2.60843
      vertex -19.8 41.2978 2.22354
      vertex -21.4 41.2978 2.22354
    endloop
  endfacet
  facet normal 0 0.980814 -0.194945
    outer loop
      vertex 21.4 41.2978 2.22354
      vertex 19.8 41.3743 2.60843
      vertex 21.4 41.3743 2.60843
    endloop
  endfacet
  facet normal 0 0.980814 -0.194945
    outer loop
      vertex 19.8 41.3743 2.60843
      vertex 21.4 41.2978 2.22354
      vertex 19.8 41.2978 2.22354
    endloop
  endfacet
  facet normal 0 0.980814 -0.194945
    outer loop
      vertex -13 41.2978 2.22354
      vertex -19 41.3743 2.60843
      vertex -13 41.3743 2.60843
    endloop
  endfacet
  facet normal 0 0.980814 -0.194945
    outer loop
      vertex -19 41.3743 2.60843
      vertex -13 41.2978 2.22354
      vertex -19 41.2978 2.22354
    endloop
  endfacet
  facet normal 0 0.980814 -0.194945
    outer loop
      vertex -11.25 41.2978 2.22354
      vertex -12.75 41.3743 2.60843
      vertex -11.25 41.3743 2.60843
    endloop
  endfacet
  facet normal 0 0.980814 -0.194945
    outer loop
      vertex -12.75 41.3743 2.60843
      vertex -11.25 41.2978 2.22354
      vertex -12.75 41.2978 2.22354
    endloop
  endfacet
  facet normal 0 0.980814 -0.194945
    outer loop
      vertex 12.75 41.2978 2.22354
      vertex 11.25 41.3743 2.60843
      vertex 12.75 41.3743 2.60843
    endloop
  endfacet
  facet normal 0 0.980814 -0.194945
    outer loop
      vertex 11.25 41.3743 2.60843
      vertex 12.75 41.2978 2.22354
      vertex 11.25 41.2978 2.22354
    endloop
  endfacet
  facet normal 0 0.980814 -0.194945
    outer loop
      vertex 19 41.2978 2.22354
      vertex 13 41.3743 2.60843
      vertex 19 41.3743 2.60843
    endloop
  endfacet
  facet normal 0 0.980814 -0.194945
    outer loop
      vertex 13 41.3743 2.60843
      vertex 19 41.2978 2.22354
      vertex 13 41.2978 2.22354
    endloop
  endfacet
  facet normal 0 0.442221 -0.896906
    outer loop
      vertex -21.4 39.548 0.228363
      vertex -9 39.9 0.401917
      vertex -9 39.548 0.228363
    endloop
  endfacet
  facet normal 0 0.442221 -0.896906
    outer loop
      vertex -9 39.9 0.401917
      vertex -21.4 39.548 0.228363
      vertex -21.4 39.9 0.401917
    endloop
  endfacet
  facet normal 0 0.442221 -0.896906
    outer loop
      vertex 9 39.548 0.228363
      vertex 21.4 39.9 0.401917
      vertex 21.4 39.548 0.228363
    endloop
  endfacet
  facet normal 0 0.442221 -0.896906
    outer loop
      vertex 21.4 39.9 0.401917
      vertex 9 39.548 0.228363
      vertex 9 39.9 0.401917
    endloop
  endfacet
  facet normal 6.50572e-06 -0.70468 -0.709525
    outer loop
      vertex -20.7764 31.4649 24.2508
      vertex -18.7235 31.2864 24.4281
      vertex -18.6883 31.1399 24.5736
    endloop
  endfacet
  facet normal 0 -0.704666 -0.709539
    outer loop
      vertex -20.5591 30 25.7059
      vertex -18.3746 30.1165 25.5902
      vertex -18.3283 30 25.7059
    endloop
  endfacet
  facet normal 1.50472e-05 -0.704808 -0.709398
    outer loop
      vertex -20.5672 30.0464 25.6598
      vertex -18.3746 30.1165 25.5902
      vertex -20.5591 30 25.7059
    endloop
  endfacet
  facet normal 1.09649e-05 -0.704744 -0.709462
    outer loop
      vertex -18.3746 30.1165 25.5902
      vertex -20.5672 30.0464 25.6598
      vertex -18.6883 31.1399 24.5736
    endloop
  endfacet
  facet normal -8.1392e-06 -0.704728 -0.709478
    outer loop
      vertex -20.7764 31.4649 24.2508
      vertex -18.6883 31.1399 24.5736
      vertex -20.5672 30.0464 25.6598
    endloop
  endfacet
  facet normal -8.59117e-06 -0.704768 -0.709438
    outer loop
      vertex -18.7235 31.2864 24.4281
      vertex -20.7764 31.4649 24.2508
      vertex -18.8948 32 23.7192
    endloop
  endfacet
  facet normal -0 -0.704783 -0.709423
    outer loop
      vertex -18.8948 32 23.7192
      vertex -20.7764 31.4649 24.2508
      vertex -20.8416 32 23.7192
    endloop
  endfacet
  facet normal 4.70503e-06 -0.704778 -0.709428
    outer loop
      vertex 18.8948 32 23.7192
      vertex 20.8244 31.8302 23.8879
      vertex 20.7599 31.3725 24.3426
    endloop
  endfacet
  facet normal 6.68598e-06 -0.70471 -0.709496
    outer loop
      vertex 18.7235 31.2864 24.4281
      vertex 20.7599 31.3725 24.3426
      vertex 20.6221 30.3943 25.3142
    endloop
  endfacet
  facet normal -2.87795e-05 -0.704761 -0.709444
    outer loop
      vertex 18.6883 31.1399 24.5736
      vertex 20.6221 30.3943 25.3142
      vertex 20.5557 30 25.7059
    endloop
  endfacet
  facet normal 1.15854e-05 -0.704768 -0.709438
    outer loop
      vertex 18.8948 32 23.7192
      vertex 20.7599 31.3725 24.3426
      vertex 18.7235 31.2864 24.4281
    endloop
  endfacet
  facet normal 0 -0.704805 -0.709401
    outer loop
      vertex 20.8244 31.8302 23.8879
      vertex 18.8948 32 23.7192
      vertex 20.844 32 23.7192
    endloop
  endfacet
  facet normal 3.00269e-05 -0.704685 -0.709521
    outer loop
      vertex 20.6221 30.3943 25.3142
      vertex 18.6883 31.1399 24.5736
      vertex 18.7235 31.2864 24.4281
    endloop
  endfacet
  facet normal -8.29331e-06 -0.704745 -0.709461
    outer loop
      vertex 20.5557 30 25.7059
      vertex 18.3746 30.1165 25.5902
      vertex 18.6883 31.1399 24.5736
    endloop
  endfacet
  facet normal 0 -0.704666 -0.709539
    outer loop
      vertex 18.3746 30.1165 25.5902
      vertex 20.5557 30 25.7059
      vertex 18.3283 30 25.7059
    endloop
  endfacet
  facet normal 0 1 -0
    outer loop
      vertex -17.6702 32 24.7227
      vertex -20.2165 32 24.8468
      vertex -17.3438 32 24.8468
    endloop
  endfacet
  facet normal 0 1 -0
    outer loop
      vertex -18.0336 32 24.523
      vertex -20.2165 32 24.8468
      vertex -17.6702 32 24.7227
    endloop
  endfacet
  facet normal 0 1 -0
    outer loop
      vertex -18.3746 32 24.2714
      vertex -20.2165 32 24.8468
      vertex -18.0336 32 24.523
    endloop
  endfacet
  facet normal 0 1 -0
    outer loop
      vertex -18.6883 32 23.9713
      vertex -20.2165 32 24.8468
      vertex -18.3746 32 24.2714
    endloop
  endfacet
  facet normal 0 1 -0
    outer loop
      vertex -18.7299 32 23.9206
      vertex -20.2165 32 24.8468
      vertex -18.6883 32 23.9713
    endloop
  endfacet
  facet normal 0 1 -0
    outer loop
      vertex -18.8948 32 23.7192
      vertex -20.2165 32 24.8468
      vertex -18.7299 32 23.9206
    endloop
  endfacet
  facet normal 0 1 0
    outer loop
      vertex -20.2165 32 24.8468
      vertex -18.8948 32 23.7192
      vertex -20.331 32 24.6855
    endloop
  endfacet
  facet normal 0 1 0
    outer loop
      vertex -20.331 32 24.6855
      vertex -18.8948 32 23.7192
      vertex -20.4897 32 24.4211
    endloop
  endfacet
  facet normal 0 1 0
    outer loop
      vertex -20.4897 32 24.4211
      vertex -18.8948 32 23.7192
      vertex -20.5672 32 24.2919
    endloop
  endfacet
  facet normal 0 1 0
    outer loop
      vertex -20.5672 32 24.2919
      vertex -18.8948 32 23.7192
      vertex -20.7764 32 23.8761
    endloop
  endfacet
  facet normal 0 1 0
    outer loop
      vertex -20.7764 32 23.8761
      vertex -18.8948 32 23.7192
      vertex -20.8416 32 23.7192
    endloop
  endfacet
  facet normal 0 1 0
    outer loop
      vertex 20.2171 32 24.8468
      vertex 17.6702 32 24.7227
      vertex 17.3438 32 24.8468
    endloop
  endfacet
  facet normal 0 1 0
    outer loop
      vertex 18.8948 32 23.7192
      vertex 20.2171 32 24.8468
      vertex 20.3925 32 24.5893
    endloop
  endfacet
  facet normal 0 1 0
    outer loop
      vertex 20.2171 32 24.8468
      vertex 18.0336 32 24.523
      vertex 17.6702 32 24.7227
    endloop
  endfacet
  facet normal 0 1 0
    outer loop
      vertex 20.2171 32 24.8468
      vertex 18.3746 32 24.2714
      vertex 18.0336 32 24.523
    endloop
  endfacet
  facet normal 0 1 0
    outer loop
      vertex 18.8948 32 23.7192
      vertex 20.3925 32 24.5893
      vertex 20.6221 32 24.1899
    endloop
  endfacet
  facet normal 0 1 0
    outer loop
      vertex 20.2171 32 24.8468
      vertex 18.6883 32 23.9713
      vertex 18.3746 32 24.2714
    endloop
  endfacet
  facet normal 0 1 0
    outer loop
      vertex 20.2171 32 24.8468
      vertex 18.7299 32 23.9206
      vertex 18.6883 32 23.9713
    endloop
  endfacet
  facet normal 0 1 0
    outer loop
      vertex 18.8948 32 23.7192
      vertex 20.6221 32 24.1899
      vertex 20.7568 32 23.9097
    endloop
  endfacet
  facet normal 0 1 0
    outer loop
      vertex 18.8948 32 23.7192
      vertex 20.7568 32 23.9097
      vertex 20.8244 32 23.769
    endloop
  endfacet
  facet normal 0 1 0
    outer loop
      vertex 18.8948 32 23.7192
      vertex 20.8244 32 23.769
      vertex 20.844 32 23.7192
    endloop
  endfacet
  facet normal 0 1 0
    outer loop
      vertex 20.2171 32 24.8468
      vertex 18.8948 32 23.7192
      vertex 18.7299 32 23.9206
    endloop
  endfacet
  facet normal -1 0 0
    outer loop
      vertex 11.25 41.2219 2
      vertex 11.25 29.4 8.2
      vertex 11.25 39.4 8.2
    endloop
  endfacet
  facet normal -1 0 0
    outer loop
      vertex 11.25 23.8195 2
      vertex 11.25 29.4 8.2
      vertex 11.25 41.2219 2
    endloop
  endfacet
  facet normal -1 0 0
    outer loop
      vertex 11.25 23.8195 9.4
      vertex 11.25 29.4 8.2
      vertex 11.25 23.8195 2
    endloop
  endfacet
  facet normal -1 0 0
    outer loop
      vertex 11.25 29.4 8.2
      vertex 11.25 23.8195 9.4
      vertex 11.25 29.4 9.4
    endloop
  endfacet
  facet normal -1 0 0
    outer loop
      vertex 11.25 41.2219 2
      vertex 11.25 41.4 3
      vertex 11.25 41.3743 2.60843
    endloop
  endfacet
  facet normal -1 0 0
    outer loop
      vertex 11.25 41.2219 2
      vertex 11.25 41.3743 2.60843
      vertex 11.25 41.2978 2.22354
    endloop
  endfacet
  facet normal -1 -0 0
    outer loop
      vertex 11.25 41.4 3
      vertex 11.25 41.2219 2
      vertex 11.25 39.4 8.2
    endloop
  endfacet
  facet normal -1 0 0
    outer loop
      vertex 11.25 41.4 3
      vertex 11.25 39.4 8.2
      vertex 11.25 41.4 9.4
    endloop
  endfacet
  facet normal -1 -0 0
    outer loop
      vertex 11.25 41.4 9.4
      vertex 11.25 39.4 8.2
      vertex 11.25 39.4 9.4
    endloop
  endfacet
  facet normal -1 0 0
    outer loop
      vertex 11.25 13.8 9.54667
      vertex 11.25 14.6158 8.97544
      vertex 11.25 13.8 7.81036
    endloop
  endfacet
  facet normal 1 0 0
    outer loop
      vertex -11.25 29.4 9.4
      vertex -11.25 23.8195 9.4
      vertex -11.25 29.4 8.2
    endloop
  endfacet
  facet normal 1 -0 0
    outer loop
      vertex -11.25 39.4 8.2
      vertex -11.25 41.4 3
      vertex -11.25 41.4 9.4
    endloop
  endfacet
  facet normal 1 0 -0
    outer loop
      vertex -11.25 41.2219 2
      vertex -11.25 41.4 3
      vertex -11.25 39.4 8.2
    endloop
  endfacet
  facet normal 1 0 0
    outer loop
      vertex -11.25 41.4 3
      vertex -11.25 41.2219 2
      vertex -11.25 41.3743 2.60843
    endloop
  endfacet
  facet normal 1 0 0
    outer loop
      vertex -11.25 39.4 8.2
      vertex -11.25 41.4 9.4
      vertex -11.25 39.4 9.4
    endloop
  endfacet
  facet normal 1 0 0
    outer loop
      vertex -11.25 41.3743 2.60843
      vertex -11.25 41.2219 2
      vertex -11.25 41.2978 2.22354
    endloop
  endfacet
  facet normal 1 -0 0
    outer loop
      vertex -11.25 29.4 8.2
      vertex -11.25 41.2219 2
      vertex -11.25 39.4 8.2
    endloop
  endfacet
  facet normal 1 0 0
    outer loop
      vertex -11.25 23.8195 2
      vertex -11.25 29.4 8.2
      vertex -11.25 23.8195 9.4
    endloop
  endfacet
  facet normal 1 0 0
    outer loop
      vertex -11.25 29.4 8.2
      vertex -11.25 23.8195 2
      vertex -11.25 41.2219 2
    endloop
  endfacet
  facet normal 1 0 0
    outer loop
      vertex -11.25 14.6158 8.97544
      vertex -11.25 13.8 9.54667
      vertex -11.25 13.8 7.81036
    endloop
  endfacet
  facet normal 0 1 -0
    outer loop
      vertex -10.965 13.8 7.81036
      vertex -11.25 13.8 9.54667
      vertex -10.965 13.8 9.54667
    endloop
  endfacet
  facet normal 0 1 0
    outer loop
      vertex -11.25 13.8 9.54667
      vertex -10.965 13.8 7.81036
      vertex -11.25 13.8 7.81036
    endloop
  endfacet
  facet normal 0 1 -0
    outer loop
      vertex 11.25 13.8 7.81036
      vertex 10.965 13.8 9.54667
      vertex 11.25 13.8 9.54667
    endloop
  endfacet
  facet normal 0 1 0
    outer loop
      vertex 10.965 13.8 9.54667
      vertex 11.25 13.8 7.81036
      vertex 10.965 13.8 7.81036
    endloop
  endfacet
  facet normal -0.130497 0.991449 0
    outer loop
      vertex 7.88823 36.6511 0
      vertex 7.5 36.6 2
      vertex 7.88823 36.6511 2
    endloop
  endfacet
  facet normal -0.130497 0.991449 0
    outer loop
      vertex 7.5 36.6 2
      vertex 7.88823 36.6511 0
      vertex 7.5 36.6 0
    endloop
  endfacet
  facet normal 0.991444 0.130532 0
    outer loop
      vertex -8.94889 37.7118 2
      vertex -9 38.1 0
      vertex -9 38.1 2
    endloop
  endfacet
  facet normal 0.991444 0.130532 0
    outer loop
      vertex -9 38.1 0
      vertex -8.94889 37.7118 2
      vertex -8.94889 37.7118 0
    endloop
  endfacet
  facet normal -1 0 0
    outer loop
      vertex 9 38.1 2
      vertex 9 41.1716 1.85194
      vertex 9 40.9981 1.5
    endloop
  endfacet
  facet normal -1 0 0
    outer loop
      vertex 9 38.1 2
      vertex 9 40.9981 1.5
      vertex 9 40.7801 1.17372
    endloop
  endfacet
  facet normal -1 0 0
    outer loop
      vertex 9 38.1 2
      vertex 9 40.7801 1.17372
      vertex 9 40.5213 0.878677
    endloop
  endfacet
  facet normal -1 0 0
    outer loop
      vertex 9 38.1 2
      vertex 9 40.5213 0.878677
      vertex 9 40.2263 0.619934
    endloop
  endfacet
  facet normal -1 0 0
    outer loop
      vertex 9 38.1 2
      vertex 9 40.2263 0.619934
      vertex 9 39.9 0.401917
    endloop
  endfacet
  facet normal -1 0 0
    outer loop
      vertex 9 38.1 2
      vertex 9 39.9 0.401917
      vertex 9 39.548 0.228363
    endloop
  endfacet
  facet normal -1 0 0
    outer loop
      vertex 9 38.1 2
      vertex 9 39.548 0.228363
      vertex 9 39.1765 0.102219
    endloop
  endfacet
  facet normal -1 0 0
    outer loop
      vertex 9 38.1 2
      vertex 9 39.1765 0.102219
      vertex 9 38.7916 0.0256653
    endloop
  endfacet
  facet normal -1 0 0
    outer loop
      vertex 9 38.1 2
      vertex 9 38.7916 0.0256653
      vertex 9 38.4 0
    endloop
  endfacet
  facet normal -1 0 0
    outer loop
      vertex 9 38.1 2
      vertex 9 38.4 0
      vertex 9 38.1 0
    endloop
  endfacet
  facet normal -1 0 0
    outer loop
      vertex 9 41.1716 1.85194
      vertex 9 38.1 2
      vertex 9 41.2219 2
    endloop
  endfacet
  facet normal 0.130497 0.991449 -0
    outer loop
      vertex -7.5 36.6 0
      vertex -7.88823 36.6511 2
      vertex -7.5 36.6 2
    endloop
  endfacet
  facet normal 0.130497 0.991449 0
    outer loop
      vertex -7.88823 36.6511 2
      vertex -7.5 36.6 0
      vertex -7.88823 36.6511 0
    endloop
  endfacet
  facet normal 0.793388 0.608716 0
    outer loop
      vertex -8.56066 37.0393 2
      vertex -8.79904 37.35 0
      vertex -8.79904 37.35 2
    endloop
  endfacet
  facet normal 0.793388 0.608716 0
    outer loop
      vertex -8.79904 37.35 0
      vertex -8.56066 37.0393 2
      vertex -8.56066 37.0393 0
    endloop
  endfacet
  facet normal 1 -0 0
    outer loop
      vertex -9 38.1 2
      vertex -9 41.1716 1.85194
      vertex -9 41.2219 2
    endloop
  endfacet
  facet normal 1 0 0
    outer loop
      vertex -9 41.1716 1.85194
      vertex -9 38.1 2
      vertex -9 40.9981 1.5
    endloop
  endfacet
  facet normal 1 0 0
    outer loop
      vertex -9 40.9981 1.5
      vertex -9 38.1 2
      vertex -9 40.7801 1.17372
    endloop
  endfacet
  facet normal 1 0 0
    outer loop
      vertex -9 40.7801 1.17372
      vertex -9 38.1 2
      vertex -9 40.5213 0.878677
    endloop
  endfacet
  facet normal 1 0 0
    outer loop
      vertex -9 40.5213 0.878677
      vertex -9 38.1 2
      vertex -9 40.2263 0.619934
    endloop
  endfacet
  facet normal 1 0 0
    outer loop
      vertex -9 40.2263 0.619934
      vertex -9 38.1 2
      vertex -9 39.9 0.401917
    endloop
  endfacet
  facet normal 1 0 0
    outer loop
      vertex -9 39.9 0.401917
      vertex -9 38.1 2
      vertex -9 39.548 0.228363
    endloop
  endfacet
  facet normal 1 0 0
    outer loop
      vertex -9 39.548 0.228363
      vertex -9 38.1 2
      vertex -9 39.1765 0.102219
    endloop
  endfacet
  facet normal 1 0 0
    outer loop
      vertex -9 39.1765 0.102219
      vertex -9 38.1 2
      vertex -9 38.7916 0.0256653
    endloop
  endfacet
  facet normal 1 0 0
    outer loop
      vertex -9 38.7916 0.0256653
      vertex -9 38.1 2
      vertex -9 38.4 0
    endloop
  endfacet
  facet normal 1 0 0
    outer loop
      vertex -9 38.4 0
      vertex -9 38.1 2
      vertex -9 38.1 0
    endloop
  endfacet
  facet normal -0.382792 0.923834 0
    outer loop
      vertex 8.25 36.801 0
      vertex 7.88823 36.6511 2
      vertex 8.25 36.801 2
    endloop
  endfacet
  facet normal -0.382792 0.923834 0
    outer loop
      vertex 7.88823 36.6511 2
      vertex 8.25 36.801 0
      vertex 7.88823 36.6511 0
    endloop
  endfacet
  facet normal 0 1 -0
    outer loop
      vertex 7.5 36.6 0
      vertex -7.5 36.6 2
      vertex 7.5 36.6 2
    endloop
  endfacet
  facet normal 0 1 0
    outer loop
      vertex -7.5 36.6 2
      vertex 7.5 36.6 0
      vertex -7.5 36.6 0
    endloop
  endfacet
  facet normal 0.923891 0.382656 0
    outer loop
      vertex -8.79904 37.35 2
      vertex -8.94889 37.7118 0
      vertex -8.94889 37.7118 2
    endloop
  endfacet
  facet normal 0.923891 0.382656 0
    outer loop
      vertex -8.94889 37.7118 0
      vertex -8.79904 37.35 2
      vertex -8.79904 37.35 0
    endloop
  endfacet
  facet normal -0.793388 0.608716 0
    outer loop
      vertex 8.56066 37.0393 0
      vertex 8.79904 37.35 2
      vertex 8.79904 37.35 0
    endloop
  endfacet
  facet normal -0.793388 0.608716 0
    outer loop
      vertex 8.79904 37.35 2
      vertex 8.56066 37.0393 0
      vertex 8.56066 37.0393 2
    endloop
  endfacet
  facet normal -0.608636 0.793449 0
    outer loop
      vertex 8.56066 37.0393 0
      vertex 8.25 36.801 2
      vertex 8.56066 37.0393 2
    endloop
  endfacet
  facet normal -0.608636 0.793449 0
    outer loop
      vertex 8.25 36.801 2
      vertex 8.56066 37.0393 0
      vertex 8.25 36.801 0
    endloop
  endfacet
  facet normal -0.923891 0.382656 0
    outer loop
      vertex 8.79904 37.35 0
      vertex 8.94889 37.7118 2
      vertex 8.94889 37.7118 0
    endloop
  endfacet
  facet normal -0.923891 0.382656 0
    outer loop
      vertex 8.94889 37.7118 2
      vertex 8.79904 37.35 0
      vertex 8.79904 37.35 2
    endloop
  endfacet
  facet normal -0.991444 0.130532 0
    outer loop
      vertex 8.94889 37.7118 0
      vertex 9 38.1 2
      vertex 9 38.1 0
    endloop
  endfacet
  facet normal -0.991444 0.130532 0
    outer loop
      vertex 9 38.1 2
      vertex 8.94889 37.7118 0
      vertex 8.94889 37.7118 2
    endloop
  endfacet
  facet normal 0.608636 0.793449 -0
    outer loop
      vertex -8.25 36.801 0
      vertex -8.56066 37.0393 2
      vertex -8.25 36.801 2
    endloop
  endfacet
  facet normal 0.608636 0.793449 0
    outer loop
      vertex -8.56066 37.0393 2
      vertex -8.25 36.801 0
      vertex -8.56066 37.0393 0
    endloop
  endfacet
  facet normal 0.382792 0.923834 -0
    outer loop
      vertex -7.88823 36.6511 0
      vertex -8.25 36.801 2
      vertex -7.88823 36.6511 2
    endloop
  endfacet
  facet normal 0.382792 0.923834 0
    outer loop
      vertex -8.25 36.801 2
      vertex -7.88823 36.6511 0
      vertex -8.25 36.801 0
    endloop
  endfacet
  facet normal 0.433808 0.901005 -0
    outer loop
      vertex -8.73914 15.9213 0.599999
      vertex -9.07997 16.0854 6.3
      vertex -8.73914 15.9213 6.3
    endloop
  endfacet
  facet normal 0.433808 0.901005 0
    outer loop
      vertex -9.07997 16.0854 6.3
      vertex -8.73914 15.9213 0.599999
      vertex -9.07997 16.0854 0.599999
    endloop
  endfacet
  facet normal -0.781886 -0.623421 0
    outer loop
      vertex -7.78418 17.1188 0.599999
      vertex -8.02003 17.4146 6.3
      vertex -8.02003 17.4146 0.599999
    endloop
  endfacet
  facet normal -0.781886 -0.623421 0
    outer loop
      vertex -8.02003 17.4146 6.3
      vertex -7.78418 17.1188 0.599999
      vertex -7.78418 17.1188 6.3
    endloop
  endfacet
  facet normal -0.974926 -0.22253 0
    outer loop
      vertex -7.7 16.75 0.599999
      vertex -7.78418 17.1188 6.3
      vertex -7.78418 17.1188 0.599999
    endloop
  endfacet
  facet normal -0.974926 -0.22253 0
    outer loop
      vertex -7.78418 17.1188 6.3
      vertex -7.7 16.75 0.599999
      vertex -7.7 16.75 6.3
    endloop
  endfacet
  facet normal -0.974926 0.22253 0
    outer loop
      vertex -7.78418 16.3812 0.599999
      vertex -7.7 16.75 6.3
      vertex -7.7 16.75 0.599999
    endloop
  endfacet
  facet normal -0.974926 0.22253 0
    outer loop
      vertex -7.7 16.75 6.3
      vertex -7.78418 16.3812 0.599999
      vertex -7.78418 16.3812 6.3
    endloop
  endfacet
  facet normal -0.433808 0.901005 0
    outer loop
      vertex -8.02003 16.0854 0.599999
      vertex -8.36086 15.9213 6.3
      vertex -8.02003 16.0854 6.3
    endloop
  endfacet
  facet normal -0.433808 0.901005 0
    outer loop
      vertex -8.36086 15.9213 6.3
      vertex -8.02003 16.0854 0.599999
      vertex -8.36086 15.9213 0.599999
    endloop
  endfacet
  facet normal 0 0 1
    outer loop
      vertex -7.78418 17.1188 0.599999
      vertex -7.78418 16.3812 0.599999
      vertex -7.7 16.75 0.599999
    endloop
  endfacet
  facet normal 0 0 1
    outer loop
      vertex -8.02003 17.4146 0.599999
      vertex -7.78418 16.3812 0.599999
      vertex -7.78418 17.1188 0.599999
    endloop
  endfacet
  facet normal 0 0 1
    outer loop
      vertex -8.02003 17.4146 0.599999
      vertex -8.02003 16.0854 0.599999
      vertex -7.78418 16.3812 0.599999
    endloop
  endfacet
  facet normal 0 0 1
    outer loop
      vertex -8.36086 17.5787 0.599999
      vertex -8.02003 16.0854 0.599999
      vertex -8.02003 17.4146 0.599999
    endloop
  endfacet
  facet normal 0 0 1
    outer loop
      vertex -8.36086 17.5787 0.599999
      vertex -8.36086 15.9213 0.599999
      vertex -8.02003 16.0854 0.599999
    endloop
  endfacet
  facet normal -0 0 1
    outer loop
      vertex -8.73914 17.5787 0.599999
      vertex -8.36086 15.9213 0.599999
      vertex -8.36086 17.5787 0.599999
    endloop
  endfacet
  facet normal 0 0 1
    outer loop
      vertex -8.73914 17.5787 0.599999
      vertex -8.73914 15.9213 0.599999
      vertex -8.36086 15.9213 0.599999
    endloop
  endfacet
  facet normal -0 0 1
    outer loop
      vertex -9.07997 17.4146 0.599999
      vertex -8.73914 15.9213 0.599999
      vertex -8.73914 17.5787 0.599999
    endloop
  endfacet
  facet normal 0 0 1
    outer loop
      vertex -9.07997 17.4146 0.599999
      vertex -9.07997 16.0854 0.599999
      vertex -8.73914 15.9213 0.599999
    endloop
  endfacet
  facet normal -0 0 1
    outer loop
      vertex -9.31582 17.1188 0.599999
      vertex -9.07997 16.0854 0.599999
      vertex -9.07997 17.4146 0.599999
    endloop
  endfacet
  facet normal 0 0 1
    outer loop
      vertex -9.31582 17.1188 0.599999
      vertex -9.31582 16.3812 0.599999
      vertex -9.07997 16.0854 0.599999
    endloop
  endfacet
  facet normal 0 -0 1
    outer loop
      vertex -9.31582 16.3812 0.599999
      vertex -9.31582 17.1188 0.599999
      vertex -9.4 16.75 0.599999
    endloop
  endfacet
  facet normal 0.974926 -0.22253 0
    outer loop
      vertex -9.4 16.75 6.3
      vertex -9.31582 17.1188 0.599999
      vertex -9.31582 17.1188 6.3
    endloop
  endfacet
  facet normal 0.974926 -0.22253 0
    outer loop
      vertex -9.31582 17.1188 0.599999
      vertex -9.4 16.75 6.3
      vertex -9.4 16.75 0.599999
    endloop
  endfacet
  facet normal 0 -1 0
    outer loop
      vertex -8.73914 17.5787 0.599999
      vertex -8.36086 17.5787 6.3
      vertex -8.73914 17.5787 6.3
    endloop
  endfacet
  facet normal 0 -1 -0
    outer loop
      vertex -8.36086 17.5787 6.3
      vertex -8.73914 17.5787 0.599999
      vertex -8.36086 17.5787 0.599999
    endloop
  endfacet
  facet normal 0.433808 -0.901005 0
    outer loop
      vertex -9.07997 17.4146 0.599999
      vertex -8.73914 17.5787 6.3
      vertex -9.07997 17.4146 6.3
    endloop
  endfacet
  facet normal 0.433808 -0.901005 0
    outer loop
      vertex -8.73914 17.5787 6.3
      vertex -9.07997 17.4146 0.599999
      vertex -8.73914 17.5787 0.599999
    endloop
  endfacet
  facet normal 0.781886 0.623421 0
    outer loop
      vertex -9.07997 16.0854 6.3
      vertex -9.31582 16.3812 0.599999
      vertex -9.31582 16.3812 6.3
    endloop
  endfacet
  facet normal 0.781886 0.623421 0
    outer loop
      vertex -9.31582 16.3812 0.599999
      vertex -9.07997 16.0854 6.3
      vertex -9.07997 16.0854 0.599999
    endloop
  endfacet
  facet normal 0 1 -0
    outer loop
      vertex -8.36086 15.9213 0.599999
      vertex -8.73914 15.9213 6.3
      vertex -8.36086 15.9213 6.3
    endloop
  endfacet
  facet normal 0 1 0
    outer loop
      vertex -8.73914 15.9213 6.3
      vertex -8.36086 15.9213 0.599999
      vertex -8.73914 15.9213 0.599999
    endloop
  endfacet
  facet normal 0.781886 -0.623421 0
    outer loop
      vertex -9.31582 17.1188 6.3
      vertex -9.07997 17.4146 0.599999
      vertex -9.07997 17.4146 6.3
    endloop
  endfacet
  facet normal 0.781886 -0.623421 0
    outer loop
      vertex -9.07997 17.4146 0.599999
      vertex -9.31582 17.1188 6.3
      vertex -9.31582 17.1188 0.599999
    endloop
  endfacet
  facet normal -0.781886 0.623421 0
    outer loop
      vertex -8.02003 16.0854 0.599999
      vertex -7.78418 16.3812 6.3
      vertex -7.78418 16.3812 0.599999
    endloop
  endfacet
  facet normal -0.781886 0.623421 0
    outer loop
      vertex -7.78418 16.3812 6.3
      vertex -8.02003 16.0854 0.599999
      vertex -8.02003 16.0854 6.3
    endloop
  endfacet
  facet normal -0.433808 -0.901005 0
    outer loop
      vertex -8.36086 17.5787 0.599999
      vertex -8.02003 17.4146 6.3
      vertex -8.36086 17.5787 6.3
    endloop
  endfacet
  facet normal -0.433808 -0.901005 -0
    outer loop
      vertex -8.02003 17.4146 6.3
      vertex -8.36086 17.5787 0.599999
      vertex -8.02003 17.4146 0.599999
    endloop
  endfacet
  facet normal 0.974926 0.22253 0
    outer loop
      vertex -9.31582 16.3812 6.3
      vertex -9.4 16.75 0.599999
      vertex -9.4 16.75 6.3
    endloop
  endfacet
  facet normal 0.974926 0.22253 0
    outer loop
      vertex -9.4 16.75 0.599999
      vertex -9.31582 16.3812 6.3
      vertex -9.31582 16.3812 0.599999
    endloop
  endfacet
  facet normal 0.974926 0.22253 0
    outer loop
      vertex 7.78418 16.3812 6.3
      vertex 7.7 16.75 0.599999
      vertex 7.7 16.75 6.3
    endloop
  endfacet
  facet normal 0.974926 0.22253 0
    outer loop
      vertex 7.7 16.75 0.599999
      vertex 7.78418 16.3812 6.3
      vertex 7.78418 16.3812 0.599999
    endloop
  endfacet
  facet normal -0.781886 -0.623421 0
    outer loop
      vertex 9.31582 17.1188 0.599999
      vertex 9.07997 17.4146 6.3
      vertex 9.07997 17.4146 0.599999
    endloop
  endfacet
  facet normal -0.781886 -0.623421 0
    outer loop
      vertex 9.07997 17.4146 6.3
      vertex 9.31582 17.1188 0.599999
      vertex 9.31582 17.1188 6.3
    endloop
  endfacet
  facet normal -0.974926 -0.22253 0
    outer loop
      vertex 9.4 16.75 0.599999
      vertex 9.31582 17.1188 6.3
      vertex 9.31582 17.1188 0.599999
    endloop
  endfacet
  facet normal -0.974926 -0.22253 0
    outer loop
      vertex 9.31582 17.1188 6.3
      vertex 9.4 16.75 0.599999
      vertex 9.4 16.75 6.3
    endloop
  endfacet
  facet normal -0.433808 -0.901005 0
    outer loop
      vertex 8.73914 17.5787 0.599999
      vertex 9.07997 17.4146 6.3
      vertex 8.73914 17.5787 6.3
    endloop
  endfacet
  facet normal -0.433808 -0.901005 -0
    outer loop
      vertex 9.07997 17.4146 6.3
      vertex 8.73914 17.5787 0.599999
      vertex 9.07997 17.4146 0.599999
    endloop
  endfacet
  facet normal -0.781886 0.623421 0
    outer loop
      vertex 9.07997 16.0854 0.599999
      vertex 9.31582 16.3812 6.3
      vertex 9.31582 16.3812 0.599999
    endloop
  endfacet
  facet normal -0.781886 0.623421 0
    outer loop
      vertex 9.31582 16.3812 6.3
      vertex 9.07997 16.0854 0.599999
      vertex 9.07997 16.0854 6.3
    endloop
  endfacet
  facet normal -0.433808 0.901005 0
    outer loop
      vertex 9.07997 16.0854 0.599999
      vertex 8.73914 15.9213 6.3
      vertex 9.07997 16.0854 6.3
    endloop
  endfacet
  facet normal -0.433808 0.901005 0
    outer loop
      vertex 8.73914 15.9213 6.3
      vertex 9.07997 16.0854 0.599999
      vertex 8.73914 15.9213 0.599999
    endloop
  endfacet
  facet normal 0.974926 -0.22253 0
    outer loop
      vertex 7.7 16.75 6.3
      vertex 7.78418 17.1188 0.599999
      vertex 7.78418 17.1188 6.3
    endloop
  endfacet
  facet normal 0.974926 -0.22253 0
    outer loop
      vertex 7.78418 17.1188 0.599999
      vertex 7.7 16.75 6.3
      vertex 7.7 16.75 0.599999
    endloop
  endfacet
  facet normal 0.781886 -0.623421 0
    outer loop
      vertex 7.78418 17.1188 6.3
      vertex 8.02003 17.4146 0.599999
      vertex 8.02003 17.4146 6.3
    endloop
  endfacet
  facet normal 0.781886 -0.623421 0
    outer loop
      vertex 8.02003 17.4146 0.599999
      vertex 7.78418 17.1188 6.3
      vertex 7.78418 17.1188 0.599999
    endloop
  endfacet
  facet normal 0.781886 0.623421 0
    outer loop
      vertex 8.02003 16.0854 6.3
      vertex 7.78418 16.3812 0.599999
      vertex 7.78418 16.3812 6.3
    endloop
  endfacet
  facet normal 0.781886 0.623421 0
    outer loop
      vertex 7.78418 16.3812 0.599999
      vertex 8.02003 16.0854 6.3
      vertex 8.02003 16.0854 0.599999
    endloop
  endfacet
  facet normal 0 -1 0
    outer loop
      vertex 8.36086 17.5787 0.599999
      vertex 8.73914 17.5787 6.3
      vertex 8.36086 17.5787 6.3
    endloop
  endfacet
  facet normal 0 -1 -0
    outer loop
      vertex 8.73914 17.5787 6.3
      vertex 8.36086 17.5787 0.599999
      vertex 8.73914 17.5787 0.599999
    endloop
  endfacet
  facet normal 0.433808 -0.901005 0
    outer loop
      vertex 8.02003 17.4146 0.599999
      vertex 8.36086 17.5787 6.3
      vertex 8.02003 17.4146 6.3
    endloop
  endfacet
  facet normal 0.433808 -0.901005 0
    outer loop
      vertex 8.36086 17.5787 6.3
      vertex 8.02003 17.4146 0.599999
      vertex 8.36086 17.5787 0.599999
    endloop
  endfacet
  facet normal -0.974926 0.22253 0
    outer loop
      vertex 9.31582 16.3812 0.599999
      vertex 9.4 16.75 6.3
      vertex 9.4 16.75 0.599999
    endloop
  endfacet
  facet normal -0.974926 0.22253 0
    outer loop
      vertex 9.4 16.75 6.3
      vertex 9.31582 16.3812 0.599999
      vertex 9.31582 16.3812 6.3
    endloop
  endfacet
  facet normal 0 1 -0
    outer loop
      vertex 8.73914 15.9213 0.599999
      vertex 8.36086 15.9213 6.3
      vertex 8.73914 15.9213 6.3
    endloop
  endfacet
  facet normal 0 1 0
    outer loop
      vertex 8.36086 15.9213 6.3
      vertex 8.73914 15.9213 0.599999
      vertex 8.36086 15.9213 0.599999
    endloop
  endfacet
  facet normal 0 0 1
    outer loop
      vertex 9.31582 17.1188 0.599999
      vertex 9.31582 16.3812 0.599999
      vertex 9.4 16.75 0.599999
    endloop
  endfacet
  facet normal 0 0 1
    outer loop
      vertex 9.07997 17.4146 0.599999
      vertex 9.31582 16.3812 0.599999
      vertex 9.31582 17.1188 0.599999
    endloop
  endfacet
  facet normal 0 0 1
    outer loop
      vertex 9.07997 17.4146 0.599999
      vertex 9.07997 16.0854 0.599999
      vertex 9.31582 16.3812 0.599999
    endloop
  endfacet
  facet normal 0 0 1
    outer loop
      vertex 8.73914 17.5787 0.599999
      vertex 9.07997 16.0854 0.599999
      vertex 9.07997 17.4146 0.599999
    endloop
  endfacet
  facet normal 0 0 1
    outer loop
      vertex 8.73914 17.5787 0.599999
      vertex 8.73914 15.9213 0.599999
      vertex 9.07997 16.0854 0.599999
    endloop
  endfacet
  facet normal -0 0 1
    outer loop
      vertex 8.36086 17.5787 0.599999
      vertex 8.73914 15.9213 0.599999
      vertex 8.73914 17.5787 0.599999
    endloop
  endfacet
  facet normal 0 0 1
    outer loop
      vertex 8.36086 17.5787 0.599999
      vertex 8.36086 15.9213 0.599999
      vertex 8.73914 15.9213 0.599999
    endloop
  endfacet
  facet normal -0 0 1
    outer loop
      vertex 8.02003 17.4146 0.599999
      vertex 8.36086 15.9213 0.599999
      vertex 8.36086 17.5787 0.599999
    endloop
  endfacet
  facet normal 0 0 1
    outer loop
      vertex 8.02003 17.4146 0.599999
      vertex 8.02003 16.0854 0.599999
      vertex 8.36086 15.9213 0.599999
    endloop
  endfacet
  facet normal -0 0 1
    outer loop
      vertex 7.78418 17.1188 0.599999
      vertex 8.02003 16.0854 0.599999
      vertex 8.02003 17.4146 0.599999
    endloop
  endfacet
  facet normal 0 0 1
    outer loop
      vertex 7.78418 17.1188 0.599999
      vertex 7.78418 16.3812 0.599999
      vertex 8.02003 16.0854 0.599999
    endloop
  endfacet
  facet normal 0 -0 1
    outer loop
      vertex 7.78418 16.3812 0.599999
      vertex 7.78418 17.1188 0.599999
      vertex 7.7 16.75 0.599999
    endloop
  endfacet
  facet normal 0.433808 0.901005 -0
    outer loop
      vertex 8.36086 15.9213 0.599999
      vertex 8.02003 16.0854 6.3
      vertex 8.36086 15.9213 6.3
    endloop
  endfacet
  facet normal 0.433808 0.901005 0
    outer loop
      vertex 8.02003 16.0854 6.3
      vertex 8.36086 15.9213 0.599999
      vertex 8.02003 16.0854 0.599999
    endloop
  endfacet
endsolid OpenSCAD_Model
